target,acid_group,acid_pka,base_group,base_pKa,MaxEStateIndex,MinEStateIndex,MaxAbsEStateIndex,MinAbsEStateIndex,qed,MolWt,HeavyAtomMolWt,ExactMolWt,NumValenceElectrons,NumRadicalElectrons,MaxPartialCharge,MinPartialCharge,MaxAbsPartialCharge,MinAbsPartialCharge,FpDensityMorgan1,FpDensityMorgan2,FpDensityMorgan3,BCUT2D_MWHI,BCUT2D_MWLOW,BCUT2D_CHGHI,BCUT2D_CHGLO,BCUT2D_LOGPHI,BCUT2D_LOGPLOW,BCUT2D_MRHI,BCUT2D_MRLOW,BalabanJ,BertzCT,Chi0,Chi0n,Chi0v,Chi1,Chi1n,Chi1v,Chi2n,Chi2v,Chi3n,Chi3v,Chi4n,Chi4v,HallKierAlpha,Kappa1,Kappa2,Kappa3,LabuteASA,PEOE_VSA1,PEOE_VSA10,PEOE_VSA11,PEOE_VSA12,PEOE_VSA13,PEOE_VSA14,PEOE_VSA2,PEOE_VSA3,PEOE_VSA4,PEOE_VSA5,PEOE_VSA6,PEOE_VSA7,PEOE_VSA8,PEOE_VSA9,SMR_VSA1,SMR_VSA10,SMR_VSA2,SMR_VSA3,SMR_VSA4,SMR_VSA5,SMR_VSA6,SMR_VSA7,SMR_VSA8,SMR_VSA9,SlogP_VSA1,SlogP_VSA10,SlogP_VSA11,SlogP_VSA12,SlogP_VSA2,SlogP_VSA3,SlogP_VSA4,SlogP_VSA5,SlogP_VSA6,SlogP_VSA7,SlogP_VSA8,SlogP_VSA9,TPSA,EState_VSA1,EState_VSA10,EState_VSA11,EState_VSA2,EState_VSA3,EState_VSA4,EState_VSA5,EState_VSA6,EState_VSA7,EState_VSA8,EState_VSA9,VSA_EState1,VSA_EState10,VSA_EState2,VSA_EState3,VSA_EState4,VSA_EState5,VSA_EState6,VSA_EState7,VSA_EState8,VSA_EState9,FractionCSP3,HeavyAtomCount,NHOHCount,NOCount,NumAliphaticCarbocycles,NumAliphaticHeterocycles,NumAliphaticRings,NumAromaticCarbocycles,NumAromaticHeterocycles,NumAromaticRings,NumHAcceptors,NumHDonors,NumHeteroatoms,NumRotatableBonds,NumSaturatedCarbocycles,NumSaturatedHeterocycles,NumSaturatedRings,RingCount,MolLogP,MolMR,fr_Al_COO,fr_Al_OH,fr_Al_OH_noTert,fr_ArN,fr_Ar_COO,fr_Ar_N,fr_Ar_NH,fr_Ar_OH,fr_COO,fr_COO2,fr_C_O,fr_C_O_noCOO,fr_C_S,fr_HOCCN,fr_Imine,fr_NH0,fr_NH1,fr_NH2,fr_N_O,fr_Ndealkylation1,fr_Ndealkylation2,fr_Nhpyrrole,fr_SH,fr_aldehyde,fr_alkyl_carbamate,fr_alkyl_halide,fr_allylic_oxid,fr_amide,fr_amidine,fr_aniline,fr_aryl_methyl,fr_azide,fr_azo,fr_barbitur,fr_benzene,fr_benzodiazepine,fr_bicyclic,fr_diazo,fr_dihydropyridine,fr_epoxide,fr_ester,fr_ether,fr_furan,fr_guanido,fr_halogen,fr_hdrzine,fr_hdrzone,fr_imidazole,fr_imide,fr_isocyan,fr_isothiocyan,fr_ketone,fr_ketone_Topliss,fr_lactam,fr_lactone,fr_methoxy,fr_morpholine,fr_nitrile,fr_nitro,fr_nitro_arom,fr_nitro_arom_nonortho,fr_nitroso,fr_oxazole,fr_oxime,fr_para_hydroxylation,fr_phenol,fr_phenol_noOrthoHbond,fr_phos_acid,fr_phos_ester,fr_piperdine,fr_piperzine,fr_priamide,fr_prisulfonamd,fr_pyridine,fr_quatN,fr_sulfide,fr_sulfonamd,fr_sulfone,fr_term_acetylene,fr_tetrazole,fr_thiazole,fr_thiocyan,fr_thiophene,fr_unbrch_alkane,fr_urea
0,0,14,0,0,10.47384083,-3.398778187,10.47384083,0.047574641,0.45331274,246.306,232.194,246.0231802,86,0,0.263887109,-0.270318833,0.270318833,0.263887109,0.785714286,1.071428571,1.285714286,32.24123634,10.34146961,2.023701348,-2.011690972,1.963741236,-2.069707404,7.857285089,0.273295888,3.4084654,304.518019,11.24264069,8.094413448,9.72740661,6.207106781,3.89384685,7.526840012,2.759305623,6.047206724,1.133494151,2.323132185,0.624724706,1.465925826,-0.18,13.82,5.640369804,11.82,84.45985657,0,0,0,0,20.23625372,0,8.366170865,0,16.83559397,0,0,12.84164325,0,25.7253023,25.20176483,20.23625372,0,0,0,12.84164325,25.7253023,0,0,0,0,0,0,0,42.56089626,28.60242458,0,12.84164325,0,0,0,0,86.74,20.23625372,16.83559397,0,13.21376393,12.84164325,12.51153837,0,0,0,8.366170865,0,50.7528194,0,0,0,0,0,0,2.782921023,0.095149282,-6.797556374,1,14,0,6,0,0,0,0,0,0,6,0,8,7,0,0,0,0,-0.281,50.8256,0,0,0,0,0,0,0,0,0,0,0,0,0,0,0,0,0,0,0,0,0,0,0,0,0,0,0,0,0,0,0,0,0,0,0,0,0,0,0,0,0,0,0,0,0,0,0,0,0,0,0,0,0,0,0,0,0,0,0,0,0,0,0,0,0,0,0,0,0,0,0,0,0,0,0,0,0,0,0,0,0,0,0,3,0
0,1,10.12,0,0,12.20703808,0.004919874,12.20703808,0.004919874,0.739742671,356.506,324.25,356.2351449,142,0,0.305574266,-0.507956032,0.507956032,0.305574266,1.269230769,2.115384615,2.923076923,16.54462838,9.551639097,2.55653714,-2.500267196,2.611867149,-2.447541912,5.691884969,-0.157265234,1.512982431,682.0305457,18.31119031,16.16912309,16.16912309,12.5250238,10.53904341,10.53904341,9.002531507,9.002531507,7.631318231,7.631318231,6.252992061,6.252992061,-1.51,17.88155731,6.902001637,2.934771876,156.6872267,9.843390349,11.85347822,0,0,0,5.969305288,4.794537184,0,0,0,26.33466309,85.95910662,11.83581209,0,14.63792753,5.969305288,0,0,17.25080256,83.65674144,0,29.32600419,0,5.749511833,0,0,5.749511833,0,17.17979907,15.95222176,17.25080256,82.25885641,18.19910121,0,0,0,46.53,0,9.901064579,0,17.48826215,29.92405159,32.10410811,30.38936785,0,12.13273414,19.91384147,4.736862954,5.978820135,0,12.20703808,9.807234705,2.955709893,2.372561236,5.967912995,9.467549307,4.49317365,0,0.695652174,26,1,3,3,0,3,1,0,1,3,1,3,4,2,0,2,4,5.3503,102.1288,0,0,0,0,0,0,0,1,0,0,1,1,0,0,0,0,0,0,0,0,0,0,0,0,0,0,0,0,0,0,1,0,0,0,1,0,5,0,0,0,1,1,0,0,0,0,0,0,0,0,0,0,0,0,0,0,0,0,0,0,0,0,0,0,0,1,1,0,0,0,0,0,0,0,0,0,0,0,0,0,0,0,0,0,0
0,0,14,0,0,12.66322031,0.057886052,12.66322031,0.057886052,0.501759124,412.614,372.294,412.2977451,166,0,0.305585143,-0.461769626,0.461769626,0.305585143,1,1.8,2.6,16.54463997,9.471674067,2.594644118,-2.573743868,2.65190349,-2.512773298,5.912487794,-0.159751684,1.254035658,732.3902103,20.93251065,19.08834142,19.08834142,14.39865059,12.83362202,12.83362202,11.75837479,11.75837479,10.38019257,10.38019257,8.543465652,8.543465652,-1.12,20.76438678,7.781388394,3.389542475,181.9455766,4.736862954,6.103966388,5.783244946,0,0,5.969305288,9.589074368,0,0,0,45.10386542,86.52920774,18.25663372,0,14.32593732,11.75255023,0,0,34.50160512,109.8429435,0,11.64912464,0,0,0,0,0,0,17.85651662,14.32593732,34.50160512,103.7389771,11.64912464,0,0,0,43.37,0,9.589074368,0,22.90325261,24.03987866,43.93992021,56.93967751,0,6.076020107,13.8474744,4.736862954,6.174225678,0,24.67508808,0,1.8305312,3.281220035,0,17.83642315,4.869178527,0,0.851851852,30,0,3,5,0,5,0,0,0,3,0,3,4,4,0,4,5,6.4005,117.782,0,0,0,0,0,0,0,0,0,0,2,2,0,0,0,0,0,0,0,0,0,0,0,0,0,0,1,0,0,0,0,0,0,0,0,0,5,0,0,0,1,1,0,0,0,0,0,0,0,0,0,1,0,0,0,0,0,0,0,0,0,0,0,0,0,0,0,0,0,0,0,0,0,0,0,0,0,0,0,0,0,0,0,0,0
0,1,11.95,0,0,12.41473049,-1.572424598,12.41473049,0.006200542,0.685142539,374.477,344.237,374.2093241,148,0,0.189629163,-0.392760695,0.392760695,0.189629163,1.333333333,2.037037037,2.703703704,16.31582452,9.445203963,2.679802974,-2.603787741,2.672783979,-2.619454522,6.008883207,-0.179757138,1.781065864,753.8020968,19.7756564,16.31247343,16.31247343,12.58118823,10.08134462,10.08134462,9.720132783,9.720132783,8.573709145,8.573709145,7.343284087,7.343284087,-1.3,19.03545387,5.849728674,2.280906401,159.7062502,15.31958218,12.20793278,11.56648989,0,0,0,9.589074368,0,0,0,32.42033624,55.58904484,16.74788698,6.103966388,24.90865655,11.56648989,0,0,34.50160512,58.15951529,6.606881965,23.80116485,0,0,0,0,0,0,45.19797124,9.589074368,34.50160512,46.45449809,23.80116485,0,0,0,94.83,29.51013458,24.90865655,0,34.8698596,12.84164325,18.41474778,0,12.15204021,12.99975731,13.8474744,0,0,0,24.36887667,31.86273626,-1.590015996,-0.07678451,0,6.86850999,5.483344247,0,0.727272727,27,3,5,4,0,4,0,0,0,5,3,5,2,3,0,3,4,1.8036,99.5954,0,3,2,0,0,0,0,0,0,0,2,2,0,0,0,0,0,0,0,0,0,0,0,0,0,0,4,0,0,0,0,0,0,0,0,0,5,0,0,0,0,0,0,0,0,0,0,0,0,0,0,2,1,0,0,0,0,0,0,0,0,0,0,0,0,0,0,0,0,0,0,0,0,0,0,0,0,0,0,0,0,0,0,0,0
0,1,7.62,0,0,12.00273526,-1.202708333,12.00273526,0.140185185,0.56048836,238.287,220.143,238.1317424,94,0,0.327632479,-0.276803084,0.327632479,0.276803084,1.294117647,1.823529412,2.235294118,16.19767094,9.692389233,2.520585943,-2.373976728,2.367058883,-2.639736138,6.18984785,-0.147639059,3.113648891,342.762242,13.05204176,10.20787253,10.20787253,7.984434886,5.763802883,5.763802883,4.391247091,4.391247091,3.29375085,3.29375085,2.304897456,2.304897456,-1.65,13.41514658,5.119875231,2.226951331,100.6424708,0,5.414990469,0,11.81435946,0,6.031114512,20.22265158,4.794537184,0,6.578935684,26.34431613,18.75954929,0,0,14.38361155,17.84547397,0,10.63357721,11.33289652,33.10993927,0,12.65495579,0,0,10.63357721,4.794537184,0,0,17.84547397,9.589074368,11.33289652,33.10993927,12.65495579,0,0,0,75.27,23.26046444,14.38361155,0,12.33872767,0,12.84164325,0,6.076020107,13.8474744,17.21251289,0,0,0,35.07214813,4.334297052,-1.202708333,-1.182592593,-0.746865079,3.386573365,7.422480789,0,0.583333333,17,2,5,0,1,1,0,0,0,3,2,5,5,0,1,1,1,1.3511,63.0004,0,0,0,0,0,0,0,0,0,0,3,3,0,0,0,0,2,0,0,0,0,0,0,0,0,0,1,4,0,0,0,0,0,1,0,0,0,0,0,0,0,0,0,0,0,0,0,0,2,0,0,0,0,0,0,0,0,0,0,0,0,0,0,0,0,0,0,0,0,0,0,0,0,0,0,0,0,0,0,0,0,0,0,0,1
0,1,9.9,0,0,13.38511409,-1.436270499,13.38511409,0.030064203,0.429829258,588.562,556.306,588.1842911,226,0,0.309940386,-0.501699479,0.501699479,0.309940386,0.880952381,1.571428571,2.261904762,16.75431621,9.657683374,2.556729926,-2.473103113,2.566239959,-2.628380688,5.786321584,-0.364153898,1.318237005,1352.53256,29.28336361,23.1283478,23.1283478,20.2824273,13.77714419,13.77714419,10.98822167,10.98822167,8.745948151,8.745948151,6.735400781,6.735400781,-3.33,27.50005152,10.43580172,4.258657173,240.2294879,57.95134877,24.41586555,35.57810079,12.54245414,0,5.969305288,4.794537184,0,0,0,0,47.87955995,11.83581209,39.45523145,62.74588595,5.969305288,0,0,11.83581209,55.94152864,34.22630132,40.95582275,0,28.74755917,18.94745182,0,28.74755917,0,92.5111078,28.47885195,11.83581209,35.63596411,24.26546827,0,0,0,160.83,66.82290882,20.11411937,0,37.25524173,28.18937814,0,14.21959508,31.18920547,0,0,42.63176658,51.5261915,0,13.38511409,32.515427,2.01367567,-1.024854437,6.926914061,-6.797222421,1.928629032,2.859458848,0.551724138,42,3,13,1,4,5,2,0,2,13,3,13,5,0,3,3,7,1.3386,138.3454,0,2,2,0,0,0,0,1,0,0,1,1,0,0,0,0,0,0,0,0,0,0,0,0,0,0,0,0,0,0,0,0,0,0,2,0,4,0,0,0,1,9,0,0,0,0,0,0,0,0,0,0,0,0,1,2,0,0,0,0,0,0,0,0,0,1,1,0,0,0,0,0,0,0,0,0,0,0,0,0,0,0,0,0,0
0,0,14,1,4.23,12.57377929,0.173637566,12.57377929,0.173637566,0.64998558,299.761,285.649,299.0825397,106,0,0.227755551,-0.62300365,0.62300365,0.227755551,1.19047619,1.952380952,2.666666667,35.4956914,10.00524083,2.237040109,-2.101845925,2.274814559,-2.291484644,6.311208085,-0.438946389,2.27183897,738.442238,14.81962648,11.50654889,12.26247784,10.18587185,6.610875446,6.988839919,4.721214885,5.157650665,3.347712004,3.582809107,2.356084501,2.528187525,-2.33,13.64383516,5.57792482,2.623168555,127.5444518,10.52404163,0,5.835619786,12.25644141,0,0,0,4.992404733,4.738833854,0,29.8000411,30.33183534,17.63375679,11.25083777,4.738833854,28.83563095,0,5.316788604,4.992404733,0,13.59242839,69.88772587,0,0,5.316788604,5.687386275,0,11.60093989,29.87856703,0,5.207253025,11.12690298,53.52334128,5.022633314,0,0,50.46,0,5.207253025,0,6.544756406,16.5699381,21.55312311,0,19.18040612,36.39820241,10.30919334,11.60093989,0.951219136,6.102700731,4.509280833,16.11975254,2.917197027,0.624540344,14.95308499,0,0.173637566,1.759697954,0.125,21,1,4,0,1,1,2,0,2,3,1,5,1,0,0,0,3,2.9507,85.7541,0,0,0,0,0,0,0,0,0,0,0,0,0,0,1,2,1,0,1,1,0,0,0,0,0,0,0,0,1,0,0,0,0,0,2,0,1,0,0,0,0,0,0,0,1,0,0,0,0,0,0,0,0,0,0,0,0,0,0,0,0,0,0,0,0,0,0,0,0,0,0,0,0,0,0,0,0,0,0,0,0,0,0,0,0
0,1,4.27,1,6.48,13.31702838,-2.89477903,13.31702838,0.103720343,0.332217488,444.44,420.248,444.1532657,170,0,0.255450868,-0.509648748,0.509648748,0.255450868,1.15625,1.78125,2.34375,16.35435698,9.549550216,2.667947551,-2.530720371,2.548209103,-2.681053076,6.245083296,-0.161788519,2.060772795,1136.740039,23.85892465,17.60417887,17.60417887,14.86670828,10.01570081,10.01570081,8.792051569,8.792051569,6.995803337,6.995803337,5.582348035,5.582348035,-3.21,22.00076097,6.89335882,2.478484044,182.4292369,31.26630445,22.84094611,11.38429576,5.783244946,5.907179729,0,19.28352128,0,0,0,19.05647134,31.64306857,11.49101058,23.62716475,39.91624853,17.47366962,0,4.899909731,17.56947957,30.58850127,14.09534397,51.99054299,0,5.749511833,5.733667477,0,5.749511833,0,79.74841832,9.589074368,11.83581209,28.76308341,40.86364001,0,0,0,181.62,75.63878459,39.91624853,0,11.31296332,5.563451492,0,25.06162076,19.05647134,0,0,5.733667477,0,0,39.81791595,55.03371799,1.362812716,-8.859922348,3.166469518,-1.589559713,1.676689867,2.975209358,0.409090909,32,7,10,3,0,3,1,0,1,9,6,10,2,0,0,0,4,-0.3476,109.7749,0,4,3,0,0,0,0,1,0,0,3,3,0,0,0,1,0,1,0,1,0,0,0,0,0,0,0,1,0,0,0,0,0,0,1,0,3,0,0,0,0,0,0,0,0,0,0,0,0,0,0,2,2,0,0,0,0,0,0,0,0,0,0,0,0,1,1,0,0,0,0,1,0,0,0,0,0,0,0,0,0,0,0,0,0
0,1,9.61,1,10.97,14.68575726,-1.753201101,14.68575726,0.03784015,0.015472459,1209.421,1124.749,1208.645462,472,0,0.245330208,-0.507966645,0.507966645,0.245330208,0.701149425,1.275862069,1.850574713,16.25858646,9.983376465,2.398504909,-2.306367548,2.223082144,-2.61301746,5.992914445,-0.141754446,1.22037594,3042.08797,63.32032227,49.7569952,49.7569952,41.52542625,29.52772012,29.52772012,22.7944437,22.7944437,14.93883458,14.93883458,10.52642463,10.52642463,-9.08,67.05156335,32.43202462,20.00197931,503.6685171,83.98247508,60.1260793,5.959554569,59.07179729,0,0,53.35465545,4.983978521,0,0,58.02678414,93.03130484,68.61416778,18.62813003,58.15842663,75.93427679,5.409283606,73.01973133,17.56947957,159.6242913,26.24115118,84.07277474,0,5.749511833,58.90155352,0,5.749511833,0,175.7139706,67.20783671,17.2450957,102.80609,67.25194377,0,10.90292493,0,429.04,108.2408873,58.15842663,0,99.81532375,48.01427647,5.516700718,41.68954165,45.16715638,19.91384147,68.1198216,11.14295108,0,0,151.2262653,56.09717889,7.621841389,-7.709247963,1.543444924,5.849189342,8.871328167,0,0.525423729,87,17,28,0,2,2,2,2,4,14,16,28,32,0,2,2,6,-1.22843,319.3501,0,1,1,0,0,3,2,1,0,0,10,10,0,0,0,2,13,1,0,1,1,2,0,0,0,0,0,10,0,0,0,0,0,0,2,0,1,0,0,0,0,0,0,1,0,0,0,1,0,0,0,0,0,0,0,0,0,0,0,0,0,0,0,0,1,1,1,0,0,0,0,0,0,0,0,0,0,0,0,0,0,0,0,1,0
0,1,9.64,1,9,9.480601852,-0.669907407,9.480601852,0.180178099,0.510156889,183.207,170.103,183.0895433,72,0,0.157261456,-0.504259875,0.504259875,0.157261456,1.307692308,2,2.538461538,16.30358267,10.09520283,2.078538592,-2.100482282,2.268519931,-2.159560934,5.407156228,0.177010917,2.835168262,288.1883451,9.844934983,7.358148644,7.358148644,6.147065708,3.993923173,3.993923173,2.821627034,2.821627034,1.781717076,1.781717076,1.058931007,1.058931007,-1.26,9.825178876,4.112564659,2.336081411,76.4587929,20.63637079,0,11.49902367,0,0,0,0,0,0,0,6.066367068,24.74385761,6.544756406,6.103966388,15.31958218,0,0,5.316788604,0,6.103966388,13.59242839,23.7625527,0,11.49902367,5.316788604,0,11.49902367,0,28.91201057,0,0,11.66741788,18.19910121,0,0,0,72.72,6.103966388,5.106527395,0,11.49902367,12.1082079,0,12.13273414,13.11403905,0,5.316788604,10.21305479,0,0,0,30.43030959,0.57375,-0.395314153,4.261851852,-0.669907407,0.406959562,1.725683894,0.333333333,13,4,4,0,0,0,1,0,1,4,4,4,3,0,0,0,1,0.3506,48.6581,0,1,1,0,0,0,0,2,0,0,0,0,0,0,0,0,1,0,0,1,0,0,0,0,0,0,0,0,0,0,0,0,0,0,1,0,0,0,0,0,0,0,0,0,0,0,0,0,0,0,0,0,0,0,0,0,0,0,0,0,0,0,0,0,0,2,2,0,0,0,0,0,0,0,0,0,0,0,0,0,0,0,0,0,0
0,1,12.99,1,7.96,13.39820467,-0.641358985,13.39820467,0.002374874,0.690288796,426.492,399.276,426.2067189,164,0,0.256555495,-0.385171513,0.385171513,0.256555495,1.225806452,2.032258065,2.838709677,19.14214881,9.911977065,2.264711829,-2.310205635,2.324830901,-2.373932529,5.794451546,0.129394262,1.23966727,1163.573357,21.53480495,17.68124141,17.68124141,15.00804039,11.06463106,11.06463106,8.722993144,8.722993144,6.770434872,6.770434872,4.976742477,4.976742477,-2.58,20.32979285,8.163633643,3.784882514,179.0335308,14.52953206,17.74559173,5.583020142,0,5.559266895,0,9.361636832,9.374393569,0,0,5.156663257,64.25009226,41.71738963,5.693927995,14.02003738,10.96924436,0,19.60765116,0,57.59447415,19.63426922,57.1458381,0,0,5.559266895,4.390415048,0,0,44.34844777,12.96557803,12.74095804,60.48087091,27.51673333,0,10.96924436,0,84.39,6.103966388,14.29147963,0,11.37648774,36.71173034,61.23426578,12.13273414,10.63346672,6.9237372,15.04055151,4.523094937,20.38140135,0,19.87712522,15.26708501,2.898062478,0.488565402,4.580546303,3.379614463,5.127599773,0,0.52173913,31,1,7,0,2,2,1,2,3,7,1,8,4,0,1,1,5,3.08132,113.5138,0,1,1,0,0,3,0,0,0,0,0,0,0,0,0,4,0,0,0,0,1,0,0,0,0,0,0,0,0,0,1,0,0,0,1,0,2,0,0,0,0,0,0,0,1,0,0,0,0,0,0,0,0,0,0,0,0,0,0,0,0,0,0,0,0,0,0,0,0,1,0,0,0,0,0,0,0,0,0,0,0,0,0,0,0
0,1,4.28,1,6.47,13.34813949,-3.023390141,13.34813949,0.028085317,0.261554585,460.439,436.247,460.1481803,176,0,0.255450868,-0.509648748,0.509648748,0.255450868,1.121212121,1.727272727,2.272727273,16.35646047,9.537901367,2.687019703,-2.54650424,2.560870944,-2.695237037,6.245359039,-0.173200689,2.102541529,1182.306622,24.78157438,17.97404219,17.97404219,15.20004161,10.078624,10.078624,9.061119589,9.061119589,7.036473228,7.036473228,5.603677183,5.603677183,-3.25,22.92662141,6.874357158,2.611852807,187.2234706,36.37283185,22.84094611,11.38429576,5.783244946,5.907179729,0,19.28352128,0,0,0,12.13273414,32.64889973,0,40.71922614,45.02277592,17.47366962,0,4.899909731,17.56947957,30.27164604,14.09534397,51.99054299,0,5.749511833,5.733667477,0,5.749511833,0,84.85494572,15.19012518,11.83581209,22.84517737,40.86364001,0,0,0,201.85,81.07144119,45.02277592,0,11.12690298,0,0,44.1180921,0,0,0,5.733667477,0,0,39.79806371,66.47554501,-1.880951364,-9.664242746,2.536863037,-1.87196712,1.253078756,2.853610719,0.409090909,33,8,11,3,0,3,1,0,1,10,7,11,2,0,0,0,4,-1.2436,110.9307,0,5,3,0,0,0,0,1,0,0,3,3,0,0,0,1,0,1,0,1,0,0,0,0,0,0,0,1,0,0,0,0,0,0,1,0,3,0,0,0,0,0,0,0,0,0,0,0,0,0,0,2,2,0,0,0,0,0,0,0,0,0,0,0,0,1,1,0,0,0,0,1,0,0,0,0,0,0,0,0,0,0,0,0,0
0,1,13.69,1,6.86,9.644321187,-0.077237835,9.644321187,0.077237835,0.308145469,504.636,464.316,504.3172518,200,0,0.227803311,-0.394534284,0.394534284,0.227803311,0.5,0.833333333,1.138888889,16.25922512,10.1127665,2.266546204,-2.325114855,2.342773256,-2.359028068,5.948931816,0.279190609,1.937972802,879.5223206,25.32985188,21.09448521,21.09448521,17.69373311,13.22801477,13.22801477,9.355580958,9.355580958,6.839870084,6.839870084,5.004720278,5.004720278,-2.54,26.52098433,13.13281202,6.049910617,211.765225,40.0257485,11.03340144,11.63572556,11.89667856,0,0,0,9.967957042,9.967957042,0,0,38.52492974,52.35805125,26.42752786,20.42610958,34.56580555,0,19.93591408,0,38.52492974,98.38521803,0,0,0,19.59963892,23.53240412,0,0,119.1476028,0,0,38.52492974,0,0,11.03340144,0,145.44,0,20.42610958,0,26.42752786,49.10910562,63.49803767,12.84164325,9.799819462,0,9.799819462,19.93591408,0,0,27.77925386,38.57728475,1.305648148,2.349613673,0,6.609832639,4.378366938,0,0.75,36,4,12,0,2,2,0,2,2,12,4,12,12,0,2,2,4,-0.0176,140.0252,0,4,4,0,0,4,0,0,0,0,0,0,0,0,0,8,0,0,0,0,0,0,0,0,0,0,0,0,0,4,0,0,0,0,0,0,1,0,0,0,0,0,0,0,0,0,0,0,0,0,0,0,0,0,0,0,0,0,0,0,0,0,0,0,0,0,0,0,0,2,0,0,0,0,0,0,0,0,0,0,0,0,0,0,0
0,1,12.3,0,0,9.374814815,-1.269675926,9.374814815,0.379182099,0.40619749,392.183,381.095,391.9992882,82,1,0.361713836,-0.456851756,0.536996594,0.290227007,1.153846154,1.769230769,2.230769231,25.89546024,9.948142229,2.379098476,-2.316808942,2.352982825,-2.455621117,6.627871497,-0.112385918,2.65939048,151.1036009,10.00807169,6.500720435,9.483682391,6.112590865,3.662604331,7.033559192,2.768343577,4.907015363,1.918492942,3.958402366,1.126028886,2.814578005,0.89025974,11.96225263,5.107030989,2.467625715,90.59526974,0,0,0,0,0,90.58894713,0,0,0,0,0,0,0,0,44.9031037,9.227097544,0,0,0,29.85186392,6.606881965,0,0,0,0,0,0,9.227097544,56.88485547,24.47699412,0,0,0,0,0,0,90.15,29.85186392,15.31958218,0,6.606881965,0,0,9.227097544,0,0,19.74013117,9.843390349,5.11875,2.099524124,0,36.81306847,-0.626033951,0,0,-4.472654321,-0.379182099,1.16875,1,13,4,5,0,1,1,0,0,0,6,4,7,2,0,1,1,1,-2.0187,41.3582,0,4,4,0,0,0,0,0,0,0,0,0,0,0,0,0,0,0,0,0,0,0,0,0,0,0,0,0,0,0,0,0,0,0,0,0,0,0,0,0,0,1,0,0,0,0,0,0,0,0,0,0,0,0,0,0,0,0,0,0,0,0,0,0,0,0,0,0,0,0,0,0,0,0,0,0,0,0,0,0,0,0,0,0,0
0,1,13.95,0,0,11.78734775,-0.082288176,11.78734775,0.082288176,0.734229612,288.431,260.207,288.2089301,116,0,0.15519729,-0.392551425,0.392551425,0.15519729,1.047619048,1.857142857,2.666666667,16.26889571,9.471878966,2.581502497,-2.572742,2.646181031,-2.507464328,5.912357719,-0.117506151,1.68834964,507.6957431,14.82806265,13.39906748,13.39906748,9.949160848,8.869572099,8.869572099,8.606513437,8.606513437,7.911977549,7.911977549,6.531778952,6.531778952,-0.63,13.99370923,4.439809488,1.775658963,127.5510373,5.106527395,0,5.783244946,0,0,0,4.794537184,0,0,0,19.42057893,79.60547054,6.420821623,6.103966388,9.901064579,5.783244946,0,0,28.58369908,71.31801377,0,11.64912464,0,0,0,0,0,0,16.99373873,4.794537184,28.58369908,65.21404738,11.64912464,0,0,0,37.3,0,9.901064579,0,16.93394733,11.70115099,37.51909858,31.25639102,0,6.076020107,13.8474744,0,0,0,11.78734775,10.44921089,1.885848017,2.574390262,0,10.70619977,4.763669979,0,0.842105263,21,1,2,4,0,4,0,0,0,2,1,2,0,3,0,3,4,3.8792,82.7168,0,1,1,0,0,0,0,0,0,0,1,1,0,0,0,0,0,0,0,0,0,0,0,0,0,0,1,0,0,0,0,0,0,0,0,0,5,0,0,0,0,0,0,0,0,0,0,0,0,0,0,1,0,0,0,0,0,0,0,0,0,0,0,0,0,0,0,0,0,0,0,0,0,0,0,0,0,0,0,0,0,0,0,0,0
0,1,10.16,0,0,10.92688272,-0.5775,10.92688272,0.096403376,0.42360586,214.052,204.98,213.0071819,70,0,0.339988607,-0.335216422,0.339988607,0.335216422,1.416666667,2.083333333,2.5,35.49675236,10.64387979,2.107688684,-2.109144253,1.908520192,-2.376888915,6.179569832,0.202769333,3.76615174,155.6287586,9.397341225,6.295279843,7.807137735,5.756748817,3.264608769,4.333653737,1.814685428,2.570614374,1.000027017,1.358040104,0.50493865,0.759538088,-0.55,11.45,7.118179478,4.353178981,79.9416379,5.316788604,0,0,0,0,6.031114512,0,4.794537184,5.008912524,28.10894502,0,0,18.3047633,11.83064113,4.794537184,29.23299429,0,10.32570113,5.285884721,0,24.8495197,4.907065244,0,0,5.316788604,4.794537184,0,23.20187978,35.88954674,0,4.907065244,0,5.285884721,0,0,0,61.77,6.031114512,9.701602428,0,12.42475985,17.43367237,0,0,0,0,10.60267332,23.20187978,0,10.60902794,20.94993008,5.553049572,0,0.457685658,-0.5775,0,0.396695641,0,0.8,12,1,5,0,0,0,0,0,0,3,1,7,5,0,0,0,0,1.157,47.3397,0,0,0,0,0,0,0,0,0,0,1,1,0,0,0,2,1,0,0,0,0,0,0,0,0,2,0,2,0,0,0,0,0,0,0,0,0,0,0,0,0,0,0,0,2,0,0,0,0,0,0,0,0,0,0,0,0,0,0,0,0,1,0,0,0,0,0,0,0,0,0,0,0,0,0,0,0,0,0,0,0,0,0,0,1
0,1,3.81,1,8.15,12.61321938,-2.325405557,12.61321938,0.107125094,0.173524051,924.091,850.507,923.4878499,368,0,0.311304345,-0.480882984,0.480882984,0.311304345,0.661538462,1.230769231,1.815384615,16.70563965,9.824189712,2.506771693,-2.449456741,2.379618022,-2.61415603,5.714544582,-0.308157673,1.859385458,1665.867991,48.43178169,37.57825243,37.57825243,30.61549551,22.31784799,22.31784799,17.56762344,17.56762344,12.02211343,12.02211343,7.969375842,7.969375842,-3.44,55.88594089,27.39176574,18.63756794,380.5355607,80.85292064,18.12583882,12.07713788,0,0,11.93861058,9.589074368,0,0,0,98.9117559,33.10993927,37.51909858,79.60629272,84.70832753,11.93861058,0,0,23.48738562,176.5320635,0,85.0642815,0,0,5.733667477,0,0,0,165.5809537,28.53652618,17.75371814,79.06152178,85.0642815,0,0,0,319.61,146.9282509,65.76087571,0,31.60119254,0,0,12.99975731,80.68369557,19.07577741,0,24.68111929,23.14268171,0,25.07792721,118.1209222,6.016850212,-6.828012827,-1.148161566,3.458918148,6.742208246,0,0.659574468,65,13,18,0,3,3,0,0,0,17,12,18,3,0,2,2,3,0.7117,236.9912,1,10,9,0,0,0,0,0,1,1,2,1,0,0,0,0,0,1,0,0,0,0,0,0,0,0,12,0,0,0,0,0,0,0,0,0,2,0,0,0,1,4,0,0,0,0,0,0,0,0,0,0,0,0,1,0,0,0,0,0,0,0,0,0,0,0,0,0,0,0,0,0,0,0,0,0,0,0,0,0,0,0,0,0,0
0,1,13.91,1,8.45,12.69273479,0.045653817,12.69273479,0.045653817,0.891012713,288.435,260.211,288.2201635,116,0,0.241244518,-0.324234949,0.324234949,0.241244518,1.285714286,2,2.666666667,16.1512204,9.999267214,2.280341178,-2.344092125,2.228077099,-2.470556617,5.957482551,-0.12202126,2.065054948,463.8567123,15.24227621,13.61461043,13.61461043,10.13022896,8.242825709,8.242825709,6.157161444,6.157161444,4.444516846,4.444516846,3.134886313,3.134886313,-1.35,16.02802883,7.599376899,4.068068372,128.2760953,5.316788604,0,0,5.907179729,0,0,9.694446915,0,0,0,37.96448165,57.32635506,5.687386275,6.041840829,4.794537184,11.594566,0,4.899909731,0,58.91716054,18.40630142,29.32600419,0,0,5.316788604,5.687386275,0,0,29.9384431,4.794537184,13.8474744,50.1547483,18.19910121,0,0,0,32.34,0,4.794537184,0,11.94902056,0,42.74544532,19.26246487,0,6.066367068,43.12064407,0,0,0,15.06370701,3.1740077,3.265787273,0.169632464,6.189656214,5.721966308,8.415243029,0,0.611111111,21,1,3,0,1,1,1,0,1,2,1,3,5,0,1,1,2,3.89654,88.6657,0,0,0,0,0,0,0,0,0,0,1,1,0,0,0,1,1,0,0,0,1,0,0,0,0,0,0,1,0,1,2,0,0,0,1,0,0,0,0,0,0,0,0,0,0,0,0,0,0,0,0,0,0,0,0,0,0,0,0,0,0,0,0,0,1,0,0,0,0,1,0,0,0,0,0,0,0,0,0,0,0,0,0,0,0
0,1,7.03,1,8.72,13.62979259,-1.999417698,13.62979259,0.014742957,0.305129156,527.526,498.294,527.1791461,202,0,0.201631281,-0.506847955,0.506847955,0.201631281,1.131578947,1.815789474,2.447368421,16.6932937,9.71701237,2.489920396,-2.416996865,2.520895585,-2.522615876,6.310491048,-0.246703989,1.683134146,1358.357508,27.67891561,21.05581689,21.05581689,17.88977231,12.24202058,12.24202058,10.13482906,10.13482906,7.797973607,7.797973607,5.658881471,5.658881471,-3.35,26.26481702,9.13922331,3.810129764,217.2871633,40.37036592,22.84958631,17.85651662,5.783244946,0,0,14.38361155,0,0,0,12.13273414,19.91384147,41.99466017,42.11205118,49.02030999,17.34973484,0,0,5.733667477,69.3547568,7.109797541,51.57981016,0,17.2485355,10.47053043,0,17.2485355,0,75.0264931,20.68908471,0,75.76286735,18.19910121,0,0,0,185.84,82.64130064,34.80972113,0,40.84496105,0,0,32.23263595,6.9237372,0,0,19.94425634,17.06372381,0,39.59158922,44.12273583,2.972669771,-3.177366232,3.747549761,-4.531153257,2.787283021,1.339634752,0.444444444,38,6,11,2,1,3,2,0,2,11,5,11,4,0,1,1,5,1.0289,130.3426,0,2,1,0,0,0,0,2,0,0,3,3,0,0,0,0,0,1,0,0,0,0,0,0,0,0,0,0,0,0,0,0,0,0,2,0,3,0,0,0,0,3,0,0,0,0,0,0,0,0,0,3,1,0,0,1,0,0,0,0,0,0,0,0,0,2,2,0,0,0,0,0,0,0,0,0,0,0,0,0,0,0,0,0,0
0,1,6.92,1,8.71,13.64305706,-2.240737143,13.64305706,0.017252414,0.235262582,543.525,514.293,543.1740607,208,0,0.201631281,-0.506847955,0.506847955,0.201631281,1.153846154,1.846153846,2.487179487,16.69333232,9.715574702,2.497373679,-2.418002753,2.521094662,-2.525476649,6.310532858,-0.246857508,1.68626321,1376.518741,28.38602239,21.21013727,21.21013727,18.42777712,12.41180174,12.41180174,10.15993306,10.15993306,7.805280423,7.805280423,5.750258573,5.750258573,-3.39,27.18726294,9.662462759,4.111772825,222.081397,45.47689331,29.45646828,17.85651662,5.783244946,0,0,14.38361155,0,0,0,12.13273414,12.99010427,41.99466017,42.11205118,54.12683739,17.34973484,0,0,5.733667477,62.4310196,13.71667951,51.57981016,0,17.2485355,10.47053043,0,17.2485355,0,86.73990246,20.68908471,0,68.83913015,18.19910121,0,0,0,206.07,95.66900423,39.91624853,0,34.42413942,0,0,25.30889875,6.9237372,0,0,19.94425634,16.99221991,0,39.73908207,53.69213165,2.373741685,-3.774704748,3.63515612,-5.122799848,0.559654649,1.322185169,0.444444444,39,7,12,2,1,3,2,0,2,12,6,12,5,0,1,1,5,0.0013,131.7544,0,3,2,0,0,0,0,2,0,0,3,3,0,0,0,0,0,1,0,0,0,0,0,0,0,0,0,0,0,0,0,0,0,0,2,0,3,0,0,0,0,3,0,0,0,0,0,0,0,0,0,3,1,0,0,1,0,0,0,0,0,0,0,0,0,2,2,0,0,0,0,0,0,0,0,0,0,0,0,0,0,0,0,0,0
0,1,11.28,1,9.25,13.58117294,-1.863973748,13.58117294,0.095133029,0.355955569,586.689,548.385,586.2791349,226,0,0.414728189,-0.458197728,0.458197728,0.414728189,1.069767442,1.837209302,2.558139535,16.55719909,9.856922713,2.451909748,-2.393220823,2.404968385,-2.483057231,5.900349152,-0.171840137,1.163284424,1685.119955,29.87973993,24.85644893,24.85644893,20.8170488,15.65470636,15.65470636,12.2359104,12.2359104,9.965617272,9.965617272,7.470643971,7.470643971,-3.76,28.03622737,10.74900395,4.534533167,249.7555627,28.94717241,12.3563938,5.601050811,0,5.559266895,12.06254536,4.794537184,14.57305289,0,0,20.26829602,81.44336231,35.64448084,29.0127646,24.16932767,22.96547029,0,19.35089763,0,83.58775577,26.17902562,56.87307832,0,17.13736782,10.29612985,4.794537184,5.749511833,0,68.74083684,34.70491094,0,74.6262101,29.06000546,0,22.29078092,0,114.2,11.5703561,19.49013895,0,24.68021055,60.36120248,34.87147116,32.35197768,23.62357098,17.03264387,11.82364693,14.45770443,12.71627037,0,48.53387817,12.03538389,2.384835639,-0.265599605,7.767862197,6.261551748,7.649150928,0,0.515151515,43,1,10,0,4,4,1,2,3,9,1,10,4,0,2,2,7,4.0911,159.9458,0,1,0,0,0,2,0,0,0,0,2,2,0,0,0,4,0,0,0,0,2,0,0,0,0,0,0,1,0,0,1,0,0,0,1,0,5,0,0,0,1,2,0,0,0,0,0,0,0,0,0,0,0,0,1,0,0,0,0,0,0,0,0,0,0,0,0,0,0,2,0,0,0,2,0,0,0,0,0,0,0,0,0,0,0
0,1,11.07,1,9.17,15.32199407,-2.531098413,15.32199407,0.155289363,0.131024776,824.972,768.524,824.399644,320,0,0.343630542,-0.496343133,0.496343133,0.343630542,0.966666667,1.733333333,2.416666667,16.5771148,9.473289556,2.806532284,-2.62787337,2.680758009,-2.81167791,5.963184394,-0.227996056,1.379097002,2310.176469,42.56997438,35.28578239,35.28578239,28.75871933,21.25976484,21.25976484,18.10572185,18.10572185,15.50137301,15.50137301,13.36498668,13.36498668,-4.76,40.63584631,14.14903983,5.194742989,349.3011178,39.04439486,11.1645023,6.103966388,12.01114612,0,17.90791586,24.18343101,4.794537184,0,0,44.19861582,74.24722931,78.20125608,38.65967054,48.33865534,40.90832238,0,14.78379798,11.33289652,99.51587194,58.95308438,70.93452509,0,5.749511833,9.636772685,5.687386275,5.749511833,0,132.7577883,50.63954016,11.33289652,75.25960218,48.55024262,0,10.90292493,0,171.17,63.54263694,24.59666634,4.794537184,12.33872767,99.49571454,16.46637642,33.15303955,6.066367068,50.26498289,20.85016505,18.94745182,23.68723206,0,66.13385203,26.25314033,-3.15055856,-2.06496128,9.973705238,5.832904069,8.161264679,4.09008811,0.565217391,60,3,14,1,5,6,2,1,3,12,3,14,8,1,2,3,9,3.5175,220.5683,0,2,0,0,0,1,1,0,0,0,4,4,0,0,0,3,1,0,0,0,0,1,0,0,0,0,0,1,0,1,0,0,0,0,2,0,6,0,0,0,3,4,0,0,0,0,0,0,0,0,0,0,0,0,0,3,0,0,0,0,0,0,0,0,1,0,0,0,0,1,0,0,0,0,0,0,0,0,0,0,0,0,0,0,0
0,1,6.75,1,8.02,10.44069303,-4.666666667,10.44069303,0.159722222,0.177194926,668.765,628.445,668.2403665,252,0,0.394346529,-0.50424666,0.50424666,0.394346529,0.70212766,1.085106383,1.468085106,32.25162196,9.531126287,2.651903618,-2.560130256,2.63386269,-2.643147605,7.794630741,-0.045333063,1.21E-07,1690.396717,33.20601334,26.09919521,26.91569179,22.25172843,16.12513761,17.52210102,14.30805402,15.2037209,12.2994765,12.2994765,10.47683114,10.47683114,-3.17,31.11912664,10.41417496,4.302023918,272.6585973,39.69965495,24.41586555,22.99804733,0,0,10.39900058,9.105499747,0,8.417796984,0,36.43681456,76.12778039,45.87637767,0,47.42313222,10.39900058,0,9.799819462,11.83581209,73.01281464,27.18485678,70.82335467,0,22.99804733,9.473725908,0,22.99804733,0,111.4336298,34.07062477,11.83581209,35.09544921,48.5695487,0,0,0,180.46,22.60693336,20.42610958,0,34.53693738,35.41851742,38.7727993,22.25380597,12.13273414,24.28477435,36.04720364,26.99702264,43.75752079,0,4.866682729,41.29703546,4.580277778,2.378344671,8.451503212,10.35582577,2.020085034,-0.290608781,0.529411765,47,6,12,4,4,8,2,0,2,10,6,13,0,0,2,2,10,1.7434,169.3306,0,2,2,0,0,0,0,2,0,0,0,0,0,0,0,2,0,0,0,2,2,0,0,0,0,0,0,0,0,0,0,0,0,0,2,0,0,0,0,0,0,2,0,0,0,0,0,0,0,0,0,0,0,0,0,0,0,0,0,0,0,0,0,0,0,2,2,0,0,2,0,0,0,0,0,0,0,0,0,0,0,0,0,0,0
0,1,12.19,1,9.86,12.57843074,-1.755830655,12.57843074,0.010081054,0.113063794,585.608,542.264,585.2857364,234,0,0.248699663,-0.393567282,0.393567282,0.248699663,0.85,1.45,2.05,16.72419483,9.830739595,2.5220862,-2.485151349,2.316643212,-2.692610517,5.803959385,-0.33223803,1.847903729,815.0542714,29.88602239,21.70148951,21.70148951,18.85188073,13.06511719,13.06511719,10.33421477,10.33421477,7.508939993,7.508939993,5.067082308,5.067082308,-1.17,33.33353044,14.33513454,7.061065381,229.26454,88.05112949,67.14363027,12.58005346,5.907179729,0,0,4.794537184,0,0,0,0,19.38639965,12.58659724,18.69056362,64.59420816,5.907179729,0,5.316788604,22.93466991,110.6908495,19.69639478,0,0,0,28.25145851,0,0,0,164.3049999,23.741989,0,12.84164325,0,0,0,0,331.94,110.3632679,45.64675634,0,25.93115606,0,0,0,0,0,5.316788604,41.88212172,22.50898775,0,12.57843074,84.85156989,23.07815814,-0.845165471,-3.454383432,-19.81915048,-0.898447133,0,0.954545455,40,17,18,1,2,3,0,0,0,17,13,18,10,1,2,3,3,-8.4242,131.4257,0,8,8,0,0,0,0,0,0,0,1,1,0,0,0,0,1,4,0,0,0,0,0,0,0,0,0,1,0,0,0,0,0,0,0,0,0,0,0,0,0,4,0,0,0,0,0,0,0,0,0,0,0,0,0,0,0,0,0,0,0,0,0,0,0,0,0,0,0,0,0,0,0,0,0,0,0,0,0,0,0,0,0,0,0
0,1,9.76,1,17.6,12.9868073,-5.056645229,12.9868073,0,0.013556432,1277.515,1166.635,1276.741021,502,0,1,-0.756119057,1,0.756119057,0.609195402,1.068965517,1.517241379,25.89546024,9.948142229,2.379098476,-2.316808942,2.352982825,-2.455621117,6.627871497,-0.112385918,-3.53E-05,1948.216935,63.84186651,53.42041733,56.31484452,40.51058367,31.28787883,32.74847231,22.01492027,23.42574524,14.1281597,15.09226062,8.953217498,9.691488491,-3.66,87.54101276,55.20404325,46.99819788,538.6372191,86.05941649,61.47627136,6.103966388,35.44307838,7.822697123,41.49589661,42.92134576,0,0,0,167.9471933,40.03367647,32.73095847,19.82064589,126.2204378,61.4905466,0,26.58394302,5.733667477,288.8542671,32.97228426,0,0,0,66.76830813,0,0,7.822697123,162.123103,70.97396613,0,234.1670719,0,0,0,0,418.27,142.7399308,67.92887673,0,67.12685967,12.84164325,58.29031018,123.5043576,0,0,40.43141742,28.99175066,39.114337,0,125.406738,41.31453687,5.459908716,-6.261500893,-5.543165071,21.02770675,6.176972788,-5.056645229,0.847457627,87,12,26,0,0,0,0,0,0,19,9,28,56,0,0,0,0,1.1522,320.2686,0,3,3,0,0,0,0,0,0,0,9,9,0,0,0,0,5,1,0,0,0,0,0,1,0,0,0,6,0,0,0,0,0,0,0,0,0,0,0,0,2,3,0,0,0,0,0,0,0,0,0,0,0,0,0,0,0,0,0,0,0,0,0,0,0,0,0,1,1,0,0,1,0,0,0,0,0,0,0,0,0,0,0,23,0
0,1,4.49,1,5.56,13.68805245,-1.168314847,13.68805245,0.083672496,0.159242899,718.807,676.471,718.3002643,274,0,0.334158567,-0.481221926,0.481221926,0.334158567,0.830188679,1.509433962,2.169811321,16.53334405,9.639803104,2.533025059,-2.360357445,2.521237812,-2.41790316,6.016785203,-0.148602151,1.775655847,2373.141222,38.35227771,30.85371488,30.85371488,25.26104357,17.21889495,17.21889495,13.51885107,13.51885107,10.71398375,10.71398375,7.683100134,7.683100134,-6.04,36.74090448,14.17397382,6.276152338,305.8648546,29.2850733,5.917906046,0,0,0,23.87722115,19.36759007,9.778515705,0,0,24.806996,98.21172838,40.47189761,55.0931996,38.49526499,68.73935772,0,19.93591408,5.917906046,58.79322576,21.32939262,93.59906665,0,0,0,0,0,0,70.24905525,45.22454969,19.76538045,78.13945721,48.5695487,0,44.86213657,0,173.56,29.24081238,24.28467613,0,30.80487469,45.80303957,44.43341646,21.32939262,18.22806032,51.96041707,16.54689273,24.1785459,15.37622178,0,68.13120438,9.608642639,9.924001932,-3.66351951,7.591092271,5.785944379,11.77393812,3.889140672,0.317073171,53,3,12,1,2,3,0,3,3,9,3,12,9,0,0,0,6,6.71924,201.1952,1,0,0,0,0,4,2,0,1,1,4,3,0,0,0,2,2,0,0,0,0,2,0,0,0,0,5,0,0,0,3,0,0,0,0,0,11,0,0,0,3,3,0,0,0,0,0,0,0,0,0,0,0,0,0,3,0,0,0,0,0,0,0,0,0,0,0,0,0,0,0,0,0,0,0,0,0,0,0,0,0,0,0,0,0
0,1,13.06,1,4.7,11.51087065,-1.309931028,11.51087065,0.053697589,0.448930489,243.219,230.115,243.0855205,94,0,0.351212694,-0.393566854,0.393566854,0.351212694,1.470588235,2.176470588,2.705882353,16.56298653,10.12830181,2.431834337,-2.162236823,2.273655989,-2.355745032,5.23208274,-0.05489764,2.319695266,462.1897022,12.57698579,8.801123224,8.801123224,8.040912558,5.014304277,5.014304277,3.771107925,3.771107925,2.642834144,2.642834144,1.72937357,1.72937357,-1.48,11.98960468,4.414475063,2.025663274,95.89720927,25.79011262,24.12976194,6.227901171,0,0,5.689743398,4.567099648,4.794537184,4.983978521,0,0,6.066367068,6.196843572,6.606881965,20.05644514,5.817862778,0,9.551078169,0,24.53980033,12.34054944,22.74749122,0,0,11.42341088,5.817862778,0,0,49.78944148,4.736862954,0,6.227901171,17.05774782,0,0,0,130.83,36.8364257,15.00759197,0,5.817862778,0,4.567099648,12.26321064,0,0,4.983978521,15.57705783,6.187805178,0,14.98930933,28.15370187,4.629863316,0.053697589,1.371164021,-3.266372827,-0.452501811,0,0.555555556,17,5,8,0,1,1,0,1,1,8,4,8,2,0,1,1,2,-2.563,55.9188,0,3,3,1,0,2,0,0,0,0,0,0,0,0,0,2,0,1,0,0,0,0,0,0,0,0,0,0,0,1,0,0,0,0,0,0,0,0,0,0,0,1,0,0,0,0,0,0,0,0,0,0,0,0,0,0,0,0,0,0,0,0,0,0,0,0,0,0,0,0,0,0,0,0,0,0,0,0,0,0,0,0,0,0,0
0,0,14,1,6.14,12.18854938,-2.842183642,12.18854938,0.42253858,0.605720669,261.089,245.969,260.0248197,84,0,0.342983689,-0.305966345,0.342983689,0.305966345,1.357142857,2,2.428571429,35.49675339,10.47255487,2.322882576,-2.325288884,2.474876048,-2.354185033,7.539263117,0.232648026,2.582264028,201.8664757,10.4413113,7.916600186,10.32288527,6.726492059,4.59796171,7.244517017,2.946927544,5.883786773,1.956624335,4.595188949,1.278310391,3.920544175,0.69,12.75807352,6.311144001,3.368384441,94.44153501,4.523747162,0,0,0,0,7.670279739,4.565048285,9.757711253,0,23.20187978,0,6.420821623,31.39427611,6.606881965,9.088795447,30.87215952,0,9.757711253,0,6.420821623,38.00115807,0,0,0,5.087295063,0,0,30.87215952,42.67157426,9.088795447,0,6.420821623,0,0,0,0,41.57,7.670279739,4.565048285,0,0,31.45640167,12.96557803,0,4.67041619,0,5.087295063,27.72562694,19.17487654,11.24802075,0,2.907160494,0,0.84507716,0,0.888472222,2.306354245,-2.842183642,1,14,1,4,0,1,1,0,0,0,2,1,7,5,0,1,1,1,1.884,59.1912,0,0,0,0,0,0,0,0,0,0,0,0,0,0,0,1,1,0,0,0,0,0,0,0,0,2,0,0,0,0,0,0,0,0,0,0,0,0,0,0,0,0,0,0,2,0,0,0,0,0,0,0,0,0,0,0,0,0,0,0,0,0,0,0,0,0,0,0,0,0,0,0,0,0,0,0,0,0,0,0,0,0,0,0,0
0,1,13.81,1,7.69,11.54706748,0.080907681,11.54706748,0.080907681,0.614980151,448.394,421.178,447.1480325,160,0,0.224215092,-0.49351975,0.49351975,0.224215092,1,1.833333333,2.666666667,35.49826288,10.03033761,2.192800223,-2.361828776,2.325892282,-2.463256167,6.432648109,-0.115932572,1.154396952,898.0121088,20.92407448,17.00202214,18.51388004,14.59735679,10.56879111,11.32472006,7.824330846,8.609495446,5.758419358,6.567346235,4.017137067,4.432199568,-1.95,21.28845753,9.904587959,5.203217188,187.4423276,14.95356129,5.749511833,0,5.907179729,0,0,9.694446915,0,0,0,35.33461392,49.56977397,44.35360059,22.33953487,9.531400138,40.48383206,0,4.899909731,0,25.68328649,49.54736233,52.00692053,0,5.749511833,14.95356129,11.37477255,5.749511833,23.20187978,50.13775345,11.21535881,0,24.82591636,36.39820241,10.04526663,0,0,44.81,0,4.794537184,0,5.907179729,23.07297021,69.11053128,5.563451492,0,30.33183534,21.18297513,27.93874273,5.890788192,12.5026489,16.34475765,4.175626149,3.097257158,0.903097407,11.79614139,3.467462302,5.711109738,0,0.434782609,30,1,5,0,2,2,2,0,2,4,1,7,7,0,1,1,4,4.8593,123.2367,0,0,0,0,0,0,0,0,0,0,1,1,0,0,0,2,1,0,0,0,0,0,0,0,0,0,0,1,0,2,1,0,0,0,2,0,1,0,0,0,0,1,0,0,2,0,0,0,0,0,0,0,0,0,0,0,0,0,0,0,0,0,0,0,0,0,0,0,0,0,1,0,0,0,0,0,0,0,0,0,0,0,0,2,0
0,1,11.24,0,0,11.30478637,-1.325823356,11.30478637,0.13230143,0.409070928,323.132,311.036,322.0123268,110,0,0.268945133,-0.394123208,0.394123208,0.268945133,1.35,1.9,2.3,35.53916853,10.02291788,2.243581563,-2.223138538,2.203148627,-2.435885091,6.530354843,-0.384453281,2.82115815,480.2067575,15.28409257,10.07087327,11.58273116,9.362279763,5.482715984,6.355587544,3.891831414,4.988096073,2.54910393,2.945495981,1.495665801,1.621653959,-1.41,16.64379236,7.392954609,4.309031436,123.8154737,15.52984339,6.103966388,4.83626969,0,11.594566,0,14.90885545,0,0,0,23.20187978,17.69618563,12.13273414,17.57203384,19.93090302,34.79644578,0,5.316788604,0,16.98207691,6.606881965,39.94323803,0,0,5.316788604,5.687386275,0,23.20187978,38.52853805,4.794537184,10.11431827,11.66741788,24.26546827,0,0,0,112.7,34.41944965,20.01538285,0,5.687386275,5.563451492,0,24.26546827,0,0,5.316788604,28.30840718,0,10.70151515,19.91192496,31.94618215,0.169221624,-0.756162027,4.053667101,-1.252928319,-0.551198428,0,0.363636364,20,3,7,0,0,0,1,0,1,5,3,9,6,0,0,0,1,0.909,72.5667,0,2,2,0,0,0,0,0,0,0,1,1,0,0,0,1,1,0,0,0,0,0,0,0,0,2,0,1,0,0,0,0,0,0,1,0,0,0,0,0,0,0,0,0,2,0,0,0,0,0,0,0,0,0,0,0,0,0,1,1,1,0,0,0,0,0,0,0,0,0,0,0,0,0,0,0,0,0,0,0,0,0,0,0,0
0,1,4.09,1,3.83,10.8273384,-0.889346708,10.8273384,0.064241071,0.880728539,296.153,285.065,295.016684,98,0,0.307395877,-0.480985214,0.480985214,0.307395877,1.052631579,1.684210526,2.315789474,35.4968356,10.10030151,2.097184479,-2.129783875,2.330821311,-2.035556822,6.38808693,-0.135718463,2.355887944,593.8950014,13.82806265,9.859949497,11.37180739,9.0753874,5.584169402,6.340098348,3.949320978,4.763721232,2.581472083,3.211412871,1.711231359,2.203167159,-1.71,13.7154402,5.954405353,3.397616958,120.330532,10.423316,0,0,0,0,5.969305288,4.794537184,0,0,0,47.46734805,23.7625527,5.687386275,22.15347453,9.901064579,40.54595762,0,0,0,6.420821623,5.316788604,58.0732876,0,0,5.316788604,11.37477255,0,23.20187978,11.07583268,11.21535881,0,5.563451492,42.46456948,10.04526663,0,0,49.33,5.969305288,4.794537184,0,6.420821623,26.98349067,0,0,36.39820241,6.066367068,5.316788604,28.30840718,0,12.14845718,10.8273384,12.94177466,1.925517133,-0.889346708,12.33272264,-0.064241071,0,0,0.071428571,19,2,3,0,0,0,2,0,2,2,2,5,4,0,0,0,2,4.3641,77.5265,1,0,0,0,0,0,0,0,1,1,1,0,0,0,0,0,1,0,0,0,0,0,0,0,0,0,0,0,0,2,0,0,0,0,2,0,0,0,0,0,0,0,0,0,2,0,0,0,0,0,0,0,0,0,0,0,0,0,0,0,0,0,0,0,2,0,0,0,0,0,0,0,0,0,0,0,0,0,0,0,0,0,0,0,0
0,1,11.91,0,0,12.36157077,-1.543731523,12.36157077,0.069679233,0.696016441,362.466,332.226,362.2093241,144,0,0.189629163,-0.392772864,0.392772864,0.189629163,1.230769231,1.961538462,2.653846154,16.31582225,9.45105387,2.67631619,-2.600563752,2.67083907,-2.615899334,5.914684808,-0.181798413,1.735083201,683.8889218,18.90541292,15.70174296,15.70174296,12.17050462,9.957047497,9.957047497,9.557340138,9.557340138,8.653266583,8.653266583,7.281019868,7.281019868,-1.04,18.32921537,5.72762274,2.13822915,154.0309111,15.31958218,12.20793278,11.56648989,0,0,0,9.589074368,0,0,0,19.42057893,67.76965845,11.83581209,6.103966388,24.90865655,11.56648989,0,0,28.58369908,70.49824296,6.606881965,11.64912464,0,0,0,0,0,0,45.19797124,9.589074368,28.58369908,58.79322576,11.64912464,0,0,0,94.83,29.51013458,24.90865655,0,28.95195355,19.26246487,25.68328649,5.57310453,6.076020107,6.9237372,6.9237372,0,0,0,24.25696695,31.72552146,-1.231975322,0.13994651,0,5.735065983,3.457807746,0,0.80952381,26,3,5,4,0,4,0,0,0,5,3,5,2,3,0,3,4,1.7816,95.1424,0,3,2,0,0,0,0,0,0,0,2,2,0,0,0,0,0,0,0,0,0,0,0,0,0,0,1,0,0,0,0,0,0,0,0,0,5,0,0,0,0,0,0,0,0,0,0,0,0,0,0,2,1,0,0,0,0,0,0,0,0,0,0,0,0,0,0,0,0,0,0,0,0,0,0,0,0,0,0,0,0,0,0,0,0
0,1,3.84,1,2.1,12.9872034,-0.95471129,12.9872034,0.170239303,0.767806512,357.793,341.665,357.0767857,128,0,0.307407802,-0.49674296,0.49674296,0.307407802,1.16,1.84,2.44,35.49569162,10.08129812,2.212810025,-2.076582842,2.303751547,-2.136958985,6.302418759,-0.135729435,2.232371733,973.2479304,18.13746372,13.7456952,14.50162415,11.91792266,7.620538012,7.998502485,5.66501413,6.101449911,4.164153696,4.416130011,2.94700469,3.072992848,-2.79,17.04669994,6.607181634,3.104666499,148.9480937,9.843390349,5.749511833,0,0,5.907179729,5.969305288,14.15617402,0,0,0,11.60093989,54.95175817,21.66623701,19.04731988,19.43246472,34.38034984,0,4.567099648,0,13.34455882,7.109797541,64.30803377,0,5.749511833,4.736862954,0,5.749511833,11.60093989,28.6599096,11.21535881,6.9237372,21.61536816,42.46456948,5.022633314,10.90292493,0,68.53,5.969305288,14.69560176,0,12.32800135,38.49590106,0,4.567099648,56.49810422,0,0,16.33780284,6.771390965,5.886218622,24.25277155,10.47200719,2.324916339,-0.583227065,11.86628242,-0.170239303,1.748579285,1.542411112,0.157894737,25,1,5,0,0,0,2,1,3,4,1,6,4,0,0,0,3,3.92732,95.7473,1,0,0,0,0,1,0,0,1,1,2,1,0,0,0,1,0,0,0,0,0,0,0,0,0,0,0,0,0,0,0,0,0,0,2,0,1,0,0,0,0,1,0,0,1,0,0,0,0,0,0,0,0,0,0,1,0,0,0,0,0,0,0,0,0,0,0,0,0,0,0,0,0,0,0,0,0,0,0,0,0,0,0,0,0
0,0,14,1,6.22,12.80151582,-1.158501335,12.80151582,0.064479397,0.174394288,705.647,667.343,704.2393071,256,0,0.350101208,-0.490790806,0.490790806,0.350101208,0.918367347,1.591836735,2.224489796,35.49683849,10.05685281,2.453771636,-2.371079625,2.402557103,-2.460909498,6.346739198,-0.190299547,0.92529827,1907.319691,33.95924391,27.36108943,28.87294732,23.81363205,16.40760222,17.16353117,12.30175742,13.14539333,9.150017714,9.697823826,6.240378006,6.79283892,-4.36,33.15173603,14.24216039,7.044519489,293.8844571,24.01040832,43.98707682,0,5.787111153,0,5.689743398,0,23.70922122,10.19736362,0,36.19198405,74.00822951,48.13988298,23.35874238,14.21058886,34.57665233,0,29.11204766,0,44.7459708,49.19260901,111.8049967,0,11.43689811,20.22642581,11.37477255,5.749511833,23.20187978,74.6088036,21.80559347,0,31.87358834,90.50653516,10.04526663,5.687386275,0,104.7,5.787111153,4.794537184,0,24.38030702,28.82248205,55.4115179,11.00912301,34.03627687,44.17930974,49.24662987,37.41246864,23.65689193,12.73959322,21.58906425,9.504828284,3.642022506,-0.41018791,21.58128924,5.187873812,8.480846895,0,0.371428571,49,0,12,0,2,2,3,2,5,12,0,14,11,0,2,2,7,5.5773,188.176,0,0,0,0,0,6,0,0,0,0,0,0,0,0,0,8,0,0,0,0,0,0,0,0,0,0,0,0,0,2,0,0,0,0,3,0,0,0,0,0,0,3,0,0,2,0,0,0,0,0,0,0,0,0,0,0,0,0,0,0,0,0,0,0,0,0,0,0,0,0,1,0,0,0,0,0,0,0,0,0,0,0,0,0,0
0,0,14,1,9.76,5.777356314,0.115953442,5.777356314,0.115953442,0.435548713,468.685,428.365,468.3140639,184,0,0.122865808,-0.496425711,0.496425711,0.122865808,0.885714286,1.485714286,2.028571429,16.46585252,9.702131422,2.457997709,-2.539084499,2.41992456,-2.639700144,5.401603923,0.004616444,1.484942692,1057.912066,24.41563832,21.70595037,21.70595037,16.95283961,13.2020567,13.2020567,11.34633957,11.34633957,8.205192328,8.205192328,6.306840172,6.306840172,-2.62,24.091139,10.16415641,5.030383637,211.0663599,10.05365156,5.749511833,0,0,0,0,4.899909731,0,0,0,93.56761642,60.02077412,30.1097956,7.109797541,4.736862954,0,0,10.21669833,5.917906046,63.57418942,20.19931035,101.1165779,0,5.749511833,10.05365156,0,5.749511833,0,37.18290174,11.95974688,5.917906046,61.78456686,78.86277189,0,0,0,24.5,0,0,0,5.414990469,23.91949375,12.29426824,48.18496202,7.109797541,0,109.8506818,4.736862954,5.777356314,0,2.755101332,4.071127646,5.550053107,2.031034185,29.82136221,2.562761401,10.06264203,1.785228437,0.4375,35,1,3,0,3,3,3,0,3,3,1,3,7,0,3,3,6,6.3772,145.1337,0,0,0,0,0,0,0,0,0,0,0,0,0,0,0,1,1,0,0,0,0,0,0,0,0,0,0,0,0,0,0,0,0,0,3,0,3,0,0,0,0,1,0,0,0,0,0,0,0,0,0,0,0,0,0,1,0,0,0,0,0,0,0,0,0,0,0,0,0,3,0,0,0,0,0,0,0,0,0,0,0,0,0,0,0
0,1,11.57,1,6.96,11.18917344,-0.087431973,11.18917344,0.087431973,0.495929642,209.253,194.133,209.1276601,82,0,0.345633505,-0.754003724,0.754003724,0.345633505,1.266666667,1.933333333,2.533333333,16.47247683,10.13117043,2.16324641,-2.263980859,2.182691713,-2.376001497,5.464577401,-0.576449288,2.274025095,338.5154909,10.83649881,8.51747379,8.51747379,7.18154055,5.087764245,5.087764245,3.739490218,3.739490218,2.628727697,2.628727697,1.803223998,1.803223998,-1.72,9.8206084,3.799099471,1.879030694,88.0874373,21.57449771,0,11.63572556,0,0,5.948339281,0,4.730407642,0,0,4.983978521,19.26246487,13.08951281,6.066367068,4.730407642,17.58406484,0,4.983978521,0,19.26246487,29.4567575,11.27362009,0,0,21.09765233,17.58406484,0,0,18.07349133,0,5.207253025,19.26246487,6.066367068,0,0,0,95.11,0,5.207253025,0,11.76620206,10.54827042,25.93115606,6.420821623,6.066367068,0,9.883888252,11.46733495,0.437942885,0,6.13875,11.18917344,10.99276219,0.718006425,1.578055556,3.539058563,1.906250945,0,0.555555556,15,4,6,0,1,1,0,1,1,5,2,6,1,0,1,1,2,-0.1303,58.0858,0,0,0,2,0,2,0,0,0,0,0,0,0,0,0,3,0,2,0,0,0,0,0,0,0,0,0,0,0,3,0,0,0,0,0,0,0,0,0,0,0,0,0,0,0,0,0,0,0,0,0,0,0,0,0,0,0,0,0,0,0,0,0,0,0,0,0,0,0,1,0,0,0,0,0,0,0,0,0,0,0,0,0,0,0
0,1,7.24,1,6.55,12.77067649,-0.957337963,12.77067649,0.058604497,0.41066984,334.332,316.188,334.1277197,128,0,0.404010763,-0.448858872,0.448858872,0.404010763,1.416666667,2.125,2.75,16.55151003,9.823889987,2.721958883,-2.392648663,2.550005863,-2.548448974,6.249532293,-0.136686426,1.846855262,756.963371,17.38638687,13.28941996,13.28941996,11.34027693,7.651541369,7.651541369,6.459246088,6.459246088,5.474588946,5.474588946,4.309835149,4.309835149,-2.39,15.15610213,4.57759902,1.577721212,137.147044,31.1577592,6.606881965,5.724985594,11.56648989,0,6.093240071,9.589074368,4.794537184,0,0,0,6.9237372,30.84260384,23.3538255,23.85733746,17.65972996,0,10.21669833,17.385241,24.73240445,20.26143591,22.54028769,0,0,16.78412356,4.794537184,0,0,60.62974286,19.06280028,5.917906046,6.9237372,22.54028769,0,0,0,146.89,23.51937666,14.38361155,0,41.31705694,12.24179572,0,14.03353474,0,4.899909731,5.316788604,20.94106086,10.77871292,0,38.43265248,3.278157124,10.67165284,-1.340096844,0.109487434,-0.949596613,1.918143949,1.517553382,0.533333333,24,5,9,1,3,4,0,0,0,8,3,9,3,0,2,2,4,-1.6512,80.1105,0,0,0,0,0,0,0,0,0,0,3,3,0,0,0,1,1,2,0,0,0,0,0,0,0,0,2,1,0,0,0,0,0,0,0,0,4,0,0,0,0,2,0,0,0,0,0,0,0,0,0,2,2,0,0,1,0,0,0,0,0,0,0,0,0,0,0,0,0,0,1,1,0,0,0,0,0,0,0,0,0,0,0,0,0
0,0,14,1,10.27,4.443330971,0,4.443330971,0,0.865964264,246.741,231.621,246.0923762,88,0,0.100862089,-0.371699426,0.371699426,0.100862089,1.058823529,1.882352941,2.705882353,35.45300075,10.01870594,2.073107843,-2.063222373,2.1870071,-2.200687013,5.922244926,0.953524113,1.08E-06,543.4184364,10.79468245,9.518234114,10.33473069,7.93265299,5.671861941,5.671861941,4.070240328,4.070240328,2.981355737,2.981355737,2.192393888,2.192393888,-1.54,11.93126286,5.193246163,2.419605592,107.1652829,5.316788604,5.835619786,0,0,0,0,4.992404733,0,0,12.40703316,42.46456948,16.33589992,12.96557803,6.544756406,0,29.01510138,0,5.316788604,4.992404733,6.420821623,13.08951281,48.02802097,0,0,5.316788604,0,0,12.40703316,18.9251326,6.420821623,0,5.563451492,47.45697421,0,10.77244843,0,24.39,0,0,0,12.40703316,0,25.34595422,16.33589992,0,0,52.77376282,0,0,0,4.443330971,5.958653392,1.353009259,1.121623205,14.96906549,0.918009259,1.902975088,0,0.214285714,17,1,2,0,1,1,2,0,2,2,1,3,2,0,0,0,3,2.8058,75.2047,0,0,0,0,0,0,0,0,0,0,0,0,0,0,1,1,1,0,0,0,0,0,0,0,0,0,0,0,1,0,0,0,0,0,2,0,1,0,0,0,0,0,0,0,1,0,0,0,0,0,0,0,0,0,0,0,0,0,0,0,0,0,0,0,0,0,0,0,0,0,0,0,0,0,0,0,0,0,0,0,0,0,0,0,0
0,1,4.76,0,0,12.12579226,-0.766862389,12.12579226,0.104776621,0.347612695,354.487,320.215,354.2406242,144,0,0.302839557,-0.48123039,0.48123039,0.302839557,1.2,1.92,2.6,16.36528597,9.880910948,2.388694488,-2.176862717,2.340523056,-2.18941283,5.84210839,-0.136698981,2.389223445,431.80245,18.65648977,15.40041358,15.40041358,11.95159616,9.742553103,9.742553103,7.216284954,7.216284954,5.047496423,5.047496423,3.542498754,3.542498754,-1.2,21.84201681,12.20155849,8.634319527,150.6834625,15.31958218,5.783244946,0,0,0,5.969305288,9.589074368,0,0,0,57.60070715,19.26246487,24.67745534,12.20793278,24.90865655,11.75255023,0,0,11.83581209,89.76070783,0,12.15204021,0,0,0,0,0,0,39.28006519,9.589074368,11.83581209,77.55277505,12.15204021,0,0,0,94.83,18.17723806,19.80212916,0,30.46070028,6.420821623,51.36657298,0,6.076020107,6.076020107,6.9237372,5.106527395,0,0,22.59837822,28.74353183,0,-1.036242908,0,10.74097231,2.120027212,0,0.8,25,3,5,1,0,1,0,0,0,4,3,5,13,1,0,1,1,3.4751,97.2374,1,2,2,0,0,0,0,0,1,1,2,1,0,0,0,0,0,0,0,0,0,0,0,0,0,0,0,0,0,0,0,0,0,0,0,0,0,0,0,0,0,0,0,0,0,0,0,0,0,0,0,1,1,0,0,0,0,0,0,0,0,0,0,0,0,0,0,0,0,0,0,0,0,0,0,0,0,0,0,0,0,0,0,4,0
0,1,4.29,1,3.95,12.50190681,-3.905928577,12.50190681,0.046864712,0.870183922,331.353,318.249,331.0626769,118,0,0.277488412,-0.504861549,0.504861549,0.277488412,1.173913043,1.869565217,2.565217391,32.23342734,10.12261827,2.372210772,-2.278175248,2.340514157,-2.368521419,7.890370266,-0.113318705,2.093281793,907.3290497,16.6125197,12.0934361,12.90993268,10.92555749,6.666414092,8.106477421,4.835009475,6.772691118,3.441392893,5.256851024,2.294371166,3.692312812,-2.87,15.04218366,5.398063657,2.423248612,132.4987072,10.423316,5.817862778,11.45620418,0,15.93047088,0,9.099753175,13.40177551,0,0,18.19910121,24.26546827,18.80796705,4.895483476,18.31886156,27.50749853,0,9.289194512,0,4.895483476,12.36446059,59.92190386,0,0,5.316788604,5.817862778,0,0,35.7683706,14.81782834,0,5.563451492,59.25393584,0,5.759164872,0,99.6,21.68963575,18.31886156,0,21.97383706,0,4.305215991,25.37724969,30.33183534,0,10.30076712,0,25.77061917,0,16.30411066,12.83147904,-0.25821859,-0.906860408,10.87778622,1.486587315,0,-2.68883674,0.066666667,23,2,7,0,1,1,1,1,2,5,2,8,2,0,0,0,3,1.581,83.8063,0,1,1,0,0,1,0,0,0,0,1,1,0,0,0,2,1,0,0,1,0,0,0,0,0,0,0,1,0,1,0,0,0,0,1,0,1,0,0,0,0,0,0,0,0,0,0,0,0,0,0,0,0,0,0,0,0,0,0,0,0,0,0,0,0,0,0,0,0,0,0,0,0,1,0,0,1,0,0,0,0,0,0,0,0
0,1,1.77,1,10.15,16.33498523,-4.846153585,16.33498523,0.122579904,0.023203452,1755.658,1648.81,1753.637429,662,0,0.338729346,-0.50746594,0.50746594,0.338729346,0.694214876,1.305785124,1.909090909,35.49679579,9.846485769,2.523594143,-2.481630246,2.509399715,-2.654789539,7.511999573,-0.334268785,1.170226065,4646.614213,88.223217,67.11210367,69.51838875,57.32879303,39.73243529,42.28596814,31.28511193,33.74510834,21.67089392,22.897182,15.15701027,16.01521691,-9.13,94.12493492,41.36707629,23.03070722,705.2899685,148.1748284,89.47659525,29.93485761,53.38979667,0,13.56506761,38.12680857,4.794537184,0,0,107.1179439,123.0505617,48.28437057,53.17204012,132.1946206,78.1172055,0,53.16788604,11.65157352,221.0360759,39.57466798,116.2223804,0,57.12299765,73.11214238,0,45.99609467,30.79764211,226.6564689,63.67669102,5.917906046,168.9618881,72.79640482,10.04526663,11.12690298,0,598.09,268.6671512,79.80075699,23.97268592,40.65859742,13.08951281,86.47089196,51.28451423,13.8474744,13.8474744,60.09162324,57.35672498,51.41671501,14.31864812,138.3059847,143.9490153,0.545356274,-17.07296645,-2.386542192,-10.56406001,8.979187148,-3.380226758,0.525,121,24,38,0,7,7,5,0,5,28,23,41,30,0,2,2,12,2.6922,432.3375,1,6,6,0,0,0,0,3,1,1,8,7,0,0,0,0,10,1,0,1,0,0,0,0,0,0,0,7,0,0,0,0,0,0,5,0,15,0,0,0,0,6,0,0,2,0,0,0,0,0,0,0,0,0,0,0,0,0,0,0,0,0,0,0,0,3,3,0,0,0,0,1,0,0,0,0,0,0,0,0,0,0,0,10,0
0,0,14,0,0,10.68515385,-1.062404573,10.68515385,0,0.578558812,404.816,395.744,405.9927378,66,0,1,1,1,1,1.5,2.142857143,2.714285714,25.89546024,9.948142229,2.379098476,-2.316808942,2.352982825,-2.455621117,6.627871497,-0.112385918,1.69E-06,306.6183578,9.681798276,8.448359511,16.76258613,6.253218858,4.185504621,15.79190205,2.632078609,15.78414285,1.568662839,13.61686656,0.973160659,9.759934802,0.975064935,14.97506494,8.164884131,4.663252101,120.6983665,0,0,0,0,0,122.3074065,0,0,0,0,0,0,0,0,62.51818219,14.21150833,0,0,0,15.74879624,0,29.82891977,0,0,34.66381343,0,0,8.242203045,5.969305288,23.05983158,0,17.28172588,29.16095175,3.929575569,0,0,40.13,29.02913687,9.901064579,0,29.55728603,5.563451492,4.895483476,3.929575569,20.37493718,12.13273414,6.9237372,0,1.256000567,-0.887901235,11.57961373,10.68515385,0.348101852,-1.062404573,7.086238032,0,2.162882968,1.776759259,0.222222222,14,0,2,0,0,0,1,0,1,3,0,5,4,0,0,0,1,-1.4181,47.1105,0,0,0,0,1,0,0,0,1,1,1,1,0,0,0,0,0,0,0,0,0,0,0,0,0,0,0,0,0,0,0,0,0,0,1,0,0,0,0,0,0,0,0,0,0,0,0,0,0,0,0,0,0,0,0,0,0,0,0,0,0,0,0,0,0,0,0,0,0,0,0,0,0,0,0,0,0,0,0,0,0,0,0,0,0
0,1,11.54,1,2.99,14.37922367,-1.957662037,14.37922367,0.095981198,0.763975761,349.316,335.204,349.1150447,130,0,0.162866059,-0.382403297,0.382403297,0.162866059,1.16,1.96,2.6,19.14638532,9.794073648,2.41305011,-2.341066488,2.390065354,-2.385530163,5.295903906,-0.013344755,2.127146403,873.9665643,18.02673326,13.14308393,13.14308393,11.91453935,7.372743235,7.372743235,5.619090217,5.619090217,4.089727485,4.089727485,2.724195812,2.724195812,-2.81,17.0273663,6.595176588,3.224981748,140.5623773,5.106527395,36.21745272,5.817220841,0,0,0,0,32.80498364,5.098681808,0,12.99010427,6.066367068,17.54772461,18.43552797,18.27777254,0,0,24.73242031,0,24.98745046,0,72.08694701,0,0,0,13.17124514,0,0,29.8389477,12.14580722,17.45166252,24.09902273,43.377905,0,0,0,76.72,28.97061938,18.27777254,0,17.80213589,6.066367068,24.65689778,24.26018028,0,0,20.05061737,0,43.03168791,0,11.19990128,15.18938838,-2.252798564,-3.469118953,2.801252992,4.661094734,1.255258881,0,0.25,25,1,6,0,0,0,1,2,3,6,1,9,5,0,0,0,3,2.1769,80.6818,0,1,0,0,0,5,0,0,0,0,0,0,0,0,0,5,0,0,0,0,0,0,0,0,0,0,0,0,0,0,0,0,0,0,1,0,0,0,0,0,0,0,0,0,3,0,0,0,0,0,0,0,0,0,0,0,0,0,0,0,0,0,0,0,0,0,0,0,0,0,0,0,0,0,0,0,0,0,0,0,0,0,0,0,0
0,1,5.14,1,8.01,11.56633609,-3.666666667,11.56633609,0,0.438612129,563.098,531.85,562.132269,200,0,0.261427323,-0.411509522,0.411509522,0.261427323,1.111111111,1.75,2.416666667,35.49569317,10.05262839,2.221407687,-2.3473039,2.311666041,-2.46697946,7.845511995,-0.114632006,7.43E-07,1270.63731,23.58721119,19.62190939,22.0108315,15.66983643,10.52502393,13.52469668,8.139767192,10.8179823,5.624954289,6.793718959,4.053189724,5.107081168,-2.36,31.66972652,13.26048944,8.077846785,218.0551251,26.64527384,5.817862778,0,5.907179729,10.11812686,0,14.24719679,0,12.79133697,0,29.8000411,47.27931242,48.82002583,17.37651072,34.19365955,60.75012627,0,9.273449712,0,12.84164325,49.19624955,52.54773871,0,0,10.21669833,11.50524905,0,23.1334265,83.55930302,27.75430729,0,11.12690298,36.39820241,5.022633314,10.08614413,0,197.34,10.11812686,13.21233417,0,22.33575524,12.67659081,66.799389,10.08614413,11.53248661,6.066367068,49.82198339,16.15368976,31.8040169,8.012705214,16.44828598,4.859700081,3.053078597,1.174061204,12.43059959,2.076100756,5.00256279,-3.666666667,0.363636364,36,8,11,0,2,2,2,1,3,7,2,14,4,0,1,1,5,0.8389,144.0767,0,0,0,0,0,1,0,0,0,0,1,1,0,0,0,3,1,0,0,0,0,0,0,0,0,0,0,1,0,2,0,0,0,0,2,0,2,0,0,0,0,0,0,0,1,0,0,0,0,0,0,0,0,0,0,0,0,0,0,0,0,0,0,0,0,0,0,0,0,0,1,0,0,0,0,0,0,0,0,0,0,0,0,0,0
1,1,10.98,1,4.89,11.78937295,-1.497733056,11.78937295,0.420324074,0.847697895,321.163,311.083,320.0119329,106,0,0.275713569,-0.364132078,0.364132078,0.275713569,1.095238095,1.857142857,2.619047619,35.49678406,10.0038976,2.245789982,-2.10926792,2.288471259,-2.24272897,6.364771254,-0.123032412,2.268925353,759.0888791,14.98276318,10.67740658,12.18926447,10.05855065,6.176152471,6.932081417,4.510377961,5.354013868,3.109474735,3.674160059,2.137008096,2.534347768,-1.88,14.07396436,5.483862253,2.654064929,130.5849655,10.423316,0,0,6.227901171,5.907179729,0,4.794537184,4.992404733,0,0,41.40098099,24.26546827,21.17216961,11.39907128,9.901064579,40.50813079,0,0,4.992404733,6.227901171,5.316788604,63.63673909,0,0,5.316788604,5.687386275,0,23.20187978,22.9532933,4.794537184,0,11.12690298,47.45697421,10.04526663,0,0,61.69,12.1350809,9.901064579,0,0,32.57124089,0,0,42.46456948,0,10.30919334,23.20187978,0,12.23255088,15.87698098,13.43436043,2.18268802,-0.596642574,12.09001754,-1.497733056,0,0,0.066666667,21,2,4,0,1,1,2,0,2,3,2,6,1,0,0,0,3,3.1013,83.1795,0,1,1,0,0,0,0,0,0,0,1,1,0,0,1,1,1,0,0,0,0,0,0,0,0,0,0,1,0,1,0,0,0,0,2,1,1,0,0,0,0,0,0,0,2,0,0,0,0,0,0,0,0,0,0,0,0,0,0,0,0,0,0,0,0,0,0,0,0,0,0,0,0,0,0,0,0,0,0,0,0,0,0,0,0
1,1,11.1,0,0,9.92962963,0.387685185,9.92962963,0.387685185,0.732676156,178.275,160.131,178.1357652,72,0,0.121972941,-0.507363306,0.507363306,0.121972941,0.923076923,1.307692308,1.615384615,16.2561471,9.941195164,2.109598709,-2.136960043,2.322516954,-1.938313658,5.429418393,0.454304209,3.184631821,260.9259928,10.00807169,8.833964941,8.833964941,6.03658126,4.85437508,4.85437508,4.0944749,4.0944749,2.342457806,2.342457806,1.511758481,1.511758481,-0.98,10.10319468,3.819424469,2.029220524,80.41528956,5.106527395,5.749511833,0,0,0,0,0,0,0,0,45.89405,22.96271508,0,0,5.106527395,0,0,0,0,39.53076089,0,29.32600419,0,5.749511833,0,0,5.749511833,0,5.106527395,0,0,50.65766387,18.19910121,0,0,0,20.23,0,5.106527395,0,0,17.58532393,11.12690298,0,0,18.19910121,27.6949488,0,0,0,0,9.92962963,2.094814815,1.254537037,6.00212963,0,8.385555556,0,0.5,13,1,1,0,0,0,1,0,1,1,1,1,2,0,0,0,1,3.639,56.2848,0,0,0,0,0,0,0,1,0,0,0,0,0,0,0,0,0,0,0,0,0,0,0,0,0,0,0,0,0,0,0,0,0,0,1,0,0,0,0,0,0,0,0,0,0,0,0,0,0,0,0,0,0,0,0,0,0,0,0,0,0,0,0,0,1,1,1,0,0,0,0,0,0,0,0,0,0,0,0,0,0,0,0,0,0
1,1,10.1,0,0,14.30508657,-2.51025443,14.30508657,0.009881898,0.184955536,804.031,734.479,803.4819766,322,0,0.3289793,-0.455930995,0.455930995,0.3289793,0.929824561,1.596491228,2.245614035,16.66258036,9.813166342,2.563592048,-2.466091252,2.391114577,-2.641901621,6.387418483,-0.302245904,1.777631424,1478.29589,42.18914101,35.39308146,35.39308146,26.98305767,20.88605687,20.88605687,17.27180988,17.27180988,12.87372042,12.87372042,9.424772209,9.424772209,-2.78,46.90439588,20.95526621,11.28725241,338.6959777,43.90380668,24.03301855,0,5.787111153,11.69042468,5.969305288,14.38361155,4.794537184,0,6.578935684,44.57237645,95.46460725,52.04868879,30.51983194,58.18204569,23.44297491,0,4.899909731,29.58953023,159.8044405,27.87414903,35.95320506,0,0,0,0,0,0,126.0933326,42.86246351,29.58953023,105.2477239,35.95320506,0,0,0,178.36,83.86619841,34.49773092,0,49.5302447,56.93967751,5.57310453,19.11950481,27.03329205,32.92325181,6.578935684,23.68431477,29.74842314,0,57.8165448,34.1446373,1.609476328,-7.75982787,-1.14263211,4.930503965,13.12507928,4.611128503,0.772727273,57,3,13,1,3,4,0,0,0,12,3,13,7,1,2,3,4,4.639,212.5924,0,3,2,0,0,0,0,0,0,0,4,4,0,0,0,1,0,0,0,0,0,0,0,0,0,0,4,1,0,0,0,0,0,0,0,0,3,0,0,0,1,5,0,0,0,0,0,0,0,0,0,2,2,0,1,3,0,0,0,0,0,0,0,0,0,0,0,0,0,1,0,0,0,0,0,0,0,0,0,0,0,0,0,0,0
1,1,9.88,1,7.34,14.18811651,-2.026666001,14.18811651,0.171240745,0.433136086,583.689,546.393,583.2794693,224,0,0.280215476,-0.360880465,0.360880465,0.280215476,1.162790698,1.976744186,2.790697674,16.69243358,9.720105109,2.695771775,-2.483843271,2.470591094,-2.711443162,5.971059383,-0.314710708,1.077420826,1640.791236,29.67263315,24.45449878,24.45449878,20.67630759,15.39599492,15.39599492,13.18739843,13.18739843,10.62317056,10.62317056,8.649192247,8.649192247,-3.73,26.86450401,9.382820665,3.855574672,249.5057752,25.20711398,12.08368166,0,17.53934505,11.81822566,0,24.02038424,0,0,0,42.46456948,62.41141722,48.56984981,5.917906046,24.2270019,28.62446412,0,25.00049632,5.917906046,74.70730538,20.13718479,71.41813459,0,0,5.316788604,0,0,0,92.41051311,31.96211775,5.917906046,48.79446259,54.72778012,0,10.90292493,0,118.21,29.62689292,19.49013895,0,36.112834,32.35197768,17.50097383,28.33677413,4.899909731,30.33183534,46.64429362,4.736862954,6.248879506,0,50.40223124,16.23093121,2.741397823,-3.311171086,14.4449417,5.126163415,2.555835632,2.060790558,0.484848485,43,3,10,1,4,5,2,1,3,6,3,10,4,0,4,4,8,2.0811,157.3662,0,1,0,0,0,1,1,0,0,0,3,3,0,0,0,3,2,0,0,1,1,1,0,0,0,0,0,3,0,0,0,0,0,0,2,0,5,0,0,0,0,1,0,0,0,0,0,0,0,0,0,0,0,0,0,0,0,0,0,0,0,0,0,0,0,0,0,0,0,1,1,0,0,0,0,0,0,0,0,0,0,0,0,0,0
1,1,10.21,0,0,14.94548197,-2.353438114,14.94548197,0.063719049,0.146809486,807.89,754.466,807.3466054,314,0,0.407747107,-0.455737673,0.455737673,0.407747107,0.948275862,1.551724138,2.103448276,16.63724961,9.444002592,2.776367176,-2.669749125,2.637919258,-2.814215257,5.938738292,-0.345518146,1.485705767,1976.328971,42.74998342,33.88496248,33.88496248,26.99041484,19.33466299,19.33466299,17.57384661,17.57384661,12.56716789,12.56716789,9.559609693,9.559609693,-4.67,42.92290433,15.17169409,7.099650361,336.1909091,49.42721295,35.61796717,17.48826215,0,0,24.00115593,9.589074368,14.38361155,0,0,62.37841095,63.46108069,25.18037091,35.64903719,68.08311027,29.78440088,0,5.316788604,16.74788698,127.7003324,6.606881965,82.93678273,0,0,5.316788604,4.794537184,0,0,110.2443432,38.06792632,16.74788698,90.19482184,71.80987974,0,0,0,224.45,112.4219011,44.3987955,0,29.73736414,5.563451492,6.9237372,25.98020854,83.14962255,0,5.316788604,23.68431477,29.50785936,0,68.90980717,51.56241389,-8.135526396,-5.363479983,14.6274607,-11.48233065,11.79046257,0,0.558139535,58,5,15,3,1,4,2,0,2,14,5,15,8,2,1,3,6,3.2596,203.6044,0,4,3,0,0,0,0,0,0,0,5,5,0,0,0,0,1,0,0,0,0,0,0,0,1,0,0,1,0,0,0,0,0,0,2,0,5,0,0,0,3,5,0,0,0,0,0,0,0,0,0,1,1,0,0,0,0,0,0,0,0,0,0,0,0,0,0,0,0,0,0,0,0,0,0,0,0,0,0,0,0,0,0,0,0
1,1,11.12,0,0,15.48379502,-2.390958147,15.48379502,0.002885344,0.129786194,853.918,802.51,853.3309553,328,0,0.338014233,-0.455736924,0.455736924,0.338014233,0.822580645,1.403225806,1.951612903,16.63726267,9.443592633,2.780723983,-2.670309925,2.641516956,-2.815220388,5.960987194,-0.345553166,1.387447664,2280.34627,44.94021786,35.23274852,35.23274852,29.27228993,20.47284996,20.47284996,17.3540403,17.3540403,13.47985515,13.47985515,10.18254051,10.18254051,-5.74,44.32035765,16.51284551,7.294407711,357.8854074,44.32068556,23.91294997,23.59222853,0,5.907179729,23.87722115,19.17814874,9.589074368,0,0,80.57751215,54.82260323,37.66755961,35.64903719,67.77112006,35.56764583,0,5.316788604,16.74788698,108.2518072,6.606881965,118.8320696,0,0,5.316788604,0,0,0,105.3200099,42.86246351,16.74788698,86.70533612,102.1417151,0,0,0,221.29,112.6040952,39.2922681,4.794537184,35.30081563,5.563451492,13.8474744,25.98020854,92.71024629,0,5.316788604,23.68431477,30.27238288,0,83.45331185,40.23395243,-7.019085033,-6.841158828,22.93771164,-10.51155687,7.974441939,0,0.446808511,62,4,15,3,1,4,3,0,3,14,4,15,10,2,1,3,7,3.7357,217.6901,0,3,2,0,0,0,0,0,0,0,6,6,0,0,0,0,1,0,0,0,0,0,0,0,0,0,0,1,0,0,0,0,0,0,3,0,5,0,0,0,4,5,0,0,0,0,0,0,0,0,0,1,1,0,0,0,0,0,0,0,0,0,0,0,0,0,0,0,0,0,0,0,0,0,0,0,0,0,0,0,0,0,0,0,0
1,0,14,0,0,11.98999812,-0.273812403,11.98999812,0.045706019,0.613650624,337.416,310.2,337.188923,134,0,0.309754531,-0.492858676,0.492858676,0.309754531,1.083333333,1.791666667,2.375,16.53362096,10.1254512,2.134184193,-2.189709159,2.280168778,-2.340430753,5.774946407,-0.142400986,2.693227895,540.2106995,17.94938299,14.96314654,14.96314654,11.54877382,8.282296003,8.282296003,5.237162193,5.237162193,3.510967672,3.510967672,2.181886122,2.181886122,-2.24,19.80595588,10.51870574,6.101656185,143.2342221,19.11049859,0,18.10590563,0,5.907179729,5.969305288,9.589074368,0,0,0,12.99010427,37.96448165,13.08951281,20.13750113,23.79966323,11.87648502,0,4.899909731,0,33.61285484,33.41307428,23.7625527,0,11.49902367,9.473725908,0,11.49902367,0,50.18946903,20.74675894,0,32.75548471,18.19910121,0,0,0,65.07,0,9.589074368,0,24.9041886,31.19541844,11.98427311,7.109797541,23.09901094,20.7712116,0,14.21058886,15.92675984,0,25.35653267,0,0.773493061,0.616088626,5.202529053,0.969665722,7.466846418,1.521417942,0.555555556,24,0,6,0,0,0,1,0,1,5,0,6,10,0,0,0,1,2.4381,91.371,0,0,0,0,0,0,0,0,0,0,2,2,0,0,0,1,0,0,0,1,0,0,0,0,0,0,0,1,0,0,0,0,0,0,1,0,0,0,0,0,1,3,0,0,0,0,0,0,0,0,0,0,0,0,0,1,0,0,0,0,0,0,0,0,0,0,0,0,0,0,0,0,0,0,0,0,0,0,0,0,0,0,0,0,0
1,1,9.89,0,0,13.48340167,-1.471654097,13.48340167,0.02415493,0.332795678,656.662,624.406,656.1563621,244,0,0.309940386,-0.501699479,0.501699479,0.309940386,0.913043478,1.652173913,2.347826087,32.13347598,9.657683142,2.559230879,-2.475371967,2.567461473,-2.621104806,7.095089738,-0.368474111,1.158228944,1601.098625,31.68914101,24.7686469,25.58514348,22.35490694,14.88363726,15.76329007,11.76793899,12.74721129,9.370064281,10.26398026,7.183296332,7.889408901,-3.63,29.75111532,11.55998947,4.701146593,266.5620033,57.95134877,24.41586555,35.57810079,12.54245414,0,5.969305288,4.794537184,0,0,11.33678588,6.066367068,52.40225259,11.83581209,44.33237864,62.74588595,17.30609117,0,0,11.83581209,49.01779144,34.22630132,63.34576685,0,28.74755917,18.94745182,0,28.74755917,11.33678588,86.22108107,28.47885195,11.83581209,39.87940083,41.77826518,0,0,0,160.83,66.82290882,20.11411937,0,37.25524173,28.18937814,4.877147194,25.55638096,18.19910121,23.57916398,0,42.63176658,52.56951363,1.464183011,14.32268079,35.00000396,2.000043372,-1.084724452,10.69189573,-7.16413401,0.171076842,2.86279446,0.46875,46,3,13,1,4,5,2,1,3,14,3,14,6,0,3,3,8,2.7529,155.9434,0,2,2,0,0,0,0,1,0,0,1,1,0,0,0,0,0,0,0,0,0,0,0,0,0,0,0,0,0,0,0,0,0,0,2,0,4,0,0,0,1,9,0,0,0,0,0,0,0,0,0,0,0,0,1,2,0,0,0,0,0,0,0,0,0,1,1,0,0,0,0,0,0,0,0,0,0,0,0,0,0,0,1,0,0
1,1,12.96,1,2.8,10.30650633,-0.937581255,10.30650633,0.020185185,0.7576671,241.243,226.123,241.0950226,94,0,0.404083709,-0.49287001,0.49287001,0.404083709,1.352941176,2,2.588235294,16.55990616,10.29304605,2.09216654,-2.133441858,2.251597944,-2.266963052,5.640294472,0.041256721,2.41075834,368.6343525,12.67336211,9.458521935,9.458521935,8.130228955,4.992816015,4.992816015,3.245726766,3.245726766,1.918276105,1.918276105,1.150457242,1.150457242,-1.95,13.11644518,6.593369087,4.604115583,98.89239593,25.05078373,19.31773032,11.49902367,0,0,6.093240071,0,4.794537184,0,0,12.13273414,12.13273414,0,7.109797541,24.11165344,6.093240071,0,0,5.733667477,6.103966388,20.32356147,24.26546827,0,11.49902367,15.20739338,4.794537184,11.49902367,0,37.62729532,4.736862954,0,0,24.26546827,0,0,0,91.01,12.19720646,9.901064579,0,13.21376393,11.49902367,0,7.109797541,24.26546827,0,4.736862954,15.20739338,14.80505107,0,10.30650633,9.424378307,4.76057932,1.072819088,7.032324681,-1.866894526,-0.224071712,1.522640777,0.363636364,17,3,6,0,0,0,1,0,1,5,2,6,6,0,0,0,1,0.5302,60.0312,0,1,1,0,0,0,0,0,0,0,1,1,0,0,0,0,0,1,0,0,0,0,0,0,0,0,0,1,0,0,0,0,0,0,1,0,0,0,0,0,0,3,0,0,0,0,0,0,0,0,0,0,0,0,0,1,0,0,0,0,0,0,0,0,2,0,0,0,0,0,0,1,0,0,0,0,0,0,0,0,0,0,0,0,0
1,1,8.85,0,0,14.99643018,-1.775789481,14.99643018,0.054460082,0.111578483,1110.357,1022.661,1109.626015,440,0,0.329042884,-0.496768219,0.496768219,0.329042884,0.860759494,1.493670886,2.063291139,16.55238253,9.911157363,2.457850402,-2.361649132,2.27141358,-2.61898213,6.351289214,-0.162775591,1.889861231,2377.619862,59.32445102,48.69937375,48.69937375,37.03490549,27.85309796,27.85309796,22.80294399,22.80294399,15.40265096,15.40265096,10.46062063,10.46062063,-6.45,65.07104115,29.13977409,16.79567696,464.6264913,54.86712099,48.1045232,11.88721133,41.22632332,5.907179729,11.93861058,47.94537184,4.794537184,0,0,73.94345336,93.74021395,40.5294156,31.59433243,72.05702528,64.85535857,0,35.55000474,29.58953023,194.5532888,34.29465432,29.82891977,0,5.749511833,20.68722877,0,5.749511833,0,184.4609642,68.63445656,29.58953023,133.0911337,24.26546827,0,0,0,284.74,149.6346833,57.84643642,0,57.02943302,30.57542819,6.9237372,54.65225483,51.96041707,27.6949488,15.95036581,14.21058886,17.21587112,0,160.3808768,20.06669208,0.56612651,-11.33956092,-2.318192284,-3.761406531,18.09418185,4.262078087,0.701754386,79,4,22,0,3,3,1,0,1,15,4,22,15,0,3,3,4,2.5247,289.1889,0,1,1,0,0,0,0,0,0,0,11,11,0,0,0,4,3,0,0,2,1,0,0,0,0,0,0,7,0,0,0,0,0,0,1,0,1,0,0,0,2,3,0,0,0,0,0,0,0,0,0,2,2,0,2,1,0,0,0,0,0,0,0,0,0,0,0,0,0,0,0,0,0,0,0,0,0,0,0,0,0,0,0,0,0
1,1,9.49,1,4.18,13.94873694,-0.821052287,13.94873694,0.190966553,0.901993762,335.766,320.646,335.0836826,120,0,0.325656579,-0.376927876,0.376927876,0.325656579,1.086956522,1.739130435,2.347826087,35.49569153,10.11902835,2.195138423,-2.16982226,2.210597144,-2.352928063,6.302103685,0.096352763,2.12732073,732.6052489,16.98276318,12.56109101,13.31701995,10.87991785,6.719630893,7.097595366,4.943529971,5.379965752,3.029636193,3.281612508,1.971390982,2.09737914,-2.6,16.76509739,7.107063712,4.199107781,137.5996697,10.21669833,5.817220841,0,0,5.907179729,6.031114512,10.11132579,9.184952232,0,0,17.66730696,36.39820241,24.80536355,11.25083777,13.97948942,34.91400668,0,5.316788604,0,0,24.3120423,58.86787513,0,0,15.53348694,20.55972478,0,11.60093989,26.03363821,0,5.817220841,10.35798868,42.46456948,5.022633314,0,0,61.44,17.75551508,13.97948942,0,5.563451492,16.39740586,0,12.13273414,49.32708904,0,10.63357721,11.60093989,13.94873694,5.748287698,25.63963806,5.101399745,0.645014554,-1.52198476,9.85689339,0,0,3.359792146,0.125,23,2,5,0,0,0,2,0,2,3,2,7,3,0,0,0,2,3.507,88.6639,0,0,0,0,0,0,0,0,0,0,2,2,0,0,0,1,2,0,0,0,0,0,0,0,0,0,0,3,0,2,0,0,0,0,2,0,0,0,0,0,0,0,0,0,2,0,0,0,1,0,0,0,0,0,0,0,0,0,0,0,0,0,0,0,0,0,0,0,0,0,0,0,0,0,0,0,0,0,0,0,0,0,0,0,1
1,1,12.92,0,0,15.12954023,-1.609939614,15.12954023,0.022871036,0.147924715,1202.635,1090.747,1201.841368,486,0,0.245643649,-0.390126486,0.390126486,0.245643649,0.458823529,0.870588235,1.317647059,16.27388977,9.910534612,2.454596888,-2.413470152,2.255130888,-2.632872478,5.992891031,-0.157223151,4.320268725,2325.075676,65.97699785,56.06519281,56.06519281,39.20908852,30.56184257,30.56184257,26.09260201,26.09260201,16.07656562,16.07656562,10.68129901,10.68129901,-6.13,76.88267909,34.87150528,21.65558178,508.3945471,60.67304993,60.41840829,0,64.97897702,0,0,52.73990902,0,0,0,109.084361,100.7214837,49.33370388,12.64872279,57.84643642,64.97897702,0,55.56652253,41.42534232,222.7508368,55.87846028,12.15204021,0,0,21.26715442,0,0,0,226.7857075,52.73990902,41.42534232,156.2284621,12.15204021,0,0,0,278.8,155.7998262,48.25736205,9.589074368,55.7757323,6.420821623,9.799819462,87.68072693,54.5421805,61.4659177,21.26715442,0,0,0,168.5176416,23.06363415,0,-9.707807855,-12.32715344,3.042918338,29.32854506,9.915555435,0.790322581,85,5,23,0,1,1,0,0,0,12,5,23,15,0,1,1,1,3.269,328.4446,0,1,1,0,0,0,0,0,0,0,11,11,0,0,0,7,4,0,0,7,0,0,0,0,0,0,2,11,0,0,0,0,0,0,0,0,0,0,0,0,0,0,0,0,0,0,0,0,0,0,0,0,0,0,0,0,0,0,0,0,0,0,0,0,0,0,0,0,0,0,0,0,0,0,0,0,0,0,0,0,0,0,0,0,0
1,0,14,1,4.2,12.02446838,-0.028237434,12.02446838,0.028237434,0.791645336,284.746,271.642,284.0716407,100,0,0.24791728,-0.313199918,0.313199918,0.24791728,1.15,1.9,2.65,35.49569135,10.00216286,2.218973999,-2.176323129,2.281161671,-2.272793042,6.315332193,-0.116445846,2.229963444,694.8779898,14.1125197,11.00654889,11.76247784,9.664703798,6.329639001,6.707603474,4.645086508,5.081522289,3.368833542,3.603930645,2.305497236,2.47760026,-2.13,12.8812789,5.09771285,2.207528873,122.0623791,4.899909731,6.544756406,0,5.907179729,0,0,9.786941917,0,0,0,41.93277523,18.19910121,23.19720828,11.39907128,4.794537184,28.9071909,0,0,4.992404733,0,18.49233812,64.68047284,0,0,4.899909731,5.687386275,0,11.60093989,25.21129312,4.794537184,0,11.12690298,53.52334128,5.022633314,0,0,32.67,0,4.794537184,0,12.45193614,5.022633314,22.52597426,0,18.01394878,42.46456948,4.992404733,11.60093989,0,6.108365947,18.12866591,0.634379724,3.510620118,-0.028237434,15.3490317,0,0.145859788,1.762425359,0.125,20,0,3,0,1,1,2,0,2,2,0,4,1,0,0,0,3,3.1538,81.81,0,0,0,0,0,0,0,0,0,0,1,1,0,0,1,2,0,0,0,1,0,0,0,0,0,0,0,1,0,1,0,0,0,0,2,1,1,0,0,0,0,0,0,0,1,0,0,0,0,0,0,0,0,0,0,0,0,0,0,0,0,0,0,0,0,0,0,0,0,0,0,0,0,0,0,0,0,0,0,0,0,0,0,0,0
1,1,8.88,0,0,15.00466215,-1.764191685,15.00466215,0.072014094,0.124489918,1112.373,1022.661,1111.641665,442,0,0.329042884,-0.496768219,0.496768219,0.329042884,0.860759494,1.493670886,2.063291139,16.55241843,9.911157142,2.457804071,-2.362890926,2.272659739,-2.619231647,6.048946264,-0.162787704,1.888213714,2327.018735,59.32445102,48.81568933,48.81568933,37.03490549,28.02319811,28.02319811,22.95581634,22.95581634,15.48108154,15.48108154,10.51906968,10.51906968,-6.16,65.35908081,29.34474869,16.93617904,465.2592029,59.97364839,54.20848958,11.88721133,35.44307838,5.907179729,11.93861058,43.15083466,4.794537184,0,0,73.94345336,100.6639511,33.6056784,31.59433243,72.36901549,59.07211363,0,35.55000474,29.58953023,200.6572552,34.29465432,29.82891977,0,5.749511833,20.68722877,0,5.749511833,0,189.888213,63.83991937,29.58953023,133.0911337,24.26546827,0,0,0,287.9,149.9554047,53.36388945,4.794537184,57.02943302,30.57542819,0,61.57599203,51.96041707,27.6949488,15.95036581,14.21058886,17.23144382,0,148.5338674,30.24173002,0.570888801,-10.2646751,-2.186695728,-4.993532806,18.40821683,4.292090072,0.719298246,79,5,22,0,3,3,1,0,1,15,5,22,15,0,3,3,4,2.3165,290.1887,0,2,2,0,0,0,0,0,0,0,10,10,0,0,0,4,3,0,0,2,1,0,0,0,0,0,0,7,0,0,0,0,0,0,1,0,1,0,0,0,2,3,0,0,0,0,0,0,0,0,0,1,1,0,2,1,0,0,0,0,0,0,0,0,0,0,0,0,0,0,0,0,0,0,0,0,0,0,0,0,0,0,0,0,0
1,0,14,1,6.64,6.365387412,-0.286378338,6.365387412,0.286378338,0.461690621,416.135,402.023,413.9860238,130,0,0.102252187,-0.366866556,0.366866556,0.102252187,0.96,1.68,2.32,35.49902098,10.09476758,2.173378574,-2.205209047,2.311277236,-2.124386386,6.351619642,0.028062755,1.826992247,852.2873328,17.81119031,13.00224963,16.02596541,12.02487714,7.489207558,9.00106545,5.460689967,7.147961781,3.700343454,4.849713006,2.418770792,3.412008337,-1.23,18.55779641,8.434163357,4.900741947,165.6058079,9.303962602,6.103966388,0,0,0,0,0,4.983978521,0,0,58.5364937,29.82891977,38.04767189,19.47895845,4.736862954,46.40375956,0,9.551078169,0,19.25560476,0,86.33664587,0,0,0,0,0,46.40375956,9.551078169,17.88850132,0,17.23086937,55.11920963,20.09053325,0,0,27.05,0,0,0,6.103966388,33.24217163,11.12690298,0,36.78963192,22.89667736,4.983978521,51.14062251,8.05492242,24.53900865,4.065089054,2.288185168,1.705218901,0,10.70103953,5.034549642,0.889764407,0,0.166666667,25,0,3,0,0,0,2,1,3,3,0,7,6,0,0,0,3,6.4548,102.681,0,0,0,0,0,2,0,0,0,0,0,0,0,0,0,2,0,0,0,0,0,0,0,0,0,0,0,0,0,0,0,0,0,0,2,0,0,0,0,0,0,1,0,0,4,0,0,1,0,0,0,0,0,0,0,0,0,0,0,0,0,0,0,0,0,0,0,0,0,0,0,0,0,0,0,0,0,0,0,0,0,0,0,0,0
1,1,10.12,0,0,12.05847381,-0.194093103,12.05847381,0.173484143,0.315948062,391.555,358.291,391.2511293,154,0,0.248125593,-0.507964316,0.507964316,0.248125593,1.103448276,1.793103448,2.448275862,16.2547057,9.724054426,2.257949006,-2.324858046,2.402958743,-2.185144506,5.994989282,-0.111485653,1.954451288,877.7883383,21.44094682,18.25028492,18.25028492,13.66954098,10.18825574,10.18825574,8.459055077,8.459055077,5.267199505,5.267199505,3.610358323,3.610358323,-2.81,22.47881527,10.10649551,7.262117253,174.7820171,10.423316,5.749511833,0,5.907179729,0,0,4.794537184,0,0,0,55.37378399,80.86034427,11.76340638,0,9.901064579,11.594566,0,0,5.414990469,53.88115087,5.316788604,83.01400704,0,5.749511833,5.316788604,5.687386275,5.749511833,0,11.01370712,4.794537184,5.414990469,53.88115087,83.01400704,0,0,0,49.33,0,9.901064579,0,17.07168203,5.687386275,5.57310453,35.98177846,30.34148838,19.07577741,51.23979772,0,0,0,12.05847381,12.05794835,5.891926282,-0.02060896,6.405935338,15.64604528,10.87694657,0,0.346153846,29,2,3,1,0,1,1,0,1,2,2,3,6,0,0,0,2,6.8623,122.8625,0,0,0,0,0,0,0,1,0,0,1,1,0,0,0,0,1,0,0,0,0,0,0,0,0,0,9,1,0,1,0,0,0,0,1,0,0,0,0,0,0,0,0,0,0,0,0,0,0,0,0,0,0,0,0,0,0,0,0,0,0,0,0,0,0,1,1,0,0,0,0,0,0,0,0,0,0,0,0,0,0,0,0,0,0
1,1,7.18,1,8.72,13.33007037,-1.974834577,13.33007037,0.005877268,0.328346506,497.5,470.284,497.1685814,190,0,0.197896159,-0.506847955,0.506847955,0.197896159,1.111111111,1.694444444,2.25,16.6932332,9.718038222,2.486200588,-2.416854638,2.51492751,-2.522612669,6.301425638,-0.246703933,1.664819148,1292.805436,26.10156534,19.72491887,19.72491887,16.94108391,11.71298148,11.71298148,9.797579369,9.797579369,7.496460472,7.496460472,5.423009542,5.423009542,-3.15,24.54026583,8.462359358,3.561724368,205.8086759,35.63350296,17.10007448,23.63976157,0,0,0,14.38361155,0,0,0,24.26546827,13.8474744,47.55811166,29.43880215,44.28344704,17.34973484,0,0,5.733667477,69.3547568,0,57.64617722,0,11.49902367,5.733667477,0,11.49902367,0,67.91669556,20.68908471,0,75.76286735,24.26546827,0,0,0,176.61,71.51439766,34.80972113,0,46.2223522,0,0,19.05647134,19.05647134,0,0,15.20739338,11.75784684,0,39.02262445,43.82043069,3.3793357,-3.056912611,5.402202248,-4.377033106,2.801505791,0,0.423076923,36,6,10,2,1,3,2,0,2,10,5,10,3,0,1,1,5,1.0203,123.7906,0,2,1,0,0,0,0,2,0,0,3,3,0,0,0,0,0,1,0,0,0,0,0,0,0,0,0,0,0,0,0,0,0,0,2,0,3,0,0,0,0,2,0,0,0,0,0,0,0,0,0,3,1,0,0,0,0,0,0,0,0,0,0,0,0,2,2,0,0,0,0,0,0,0,0,0,0,0,0,0,0,0,0,0,0
1,0,14,1,8.97,13.58803156,0.015348308,13.58803156,0.015348308,0.167647246,645.319,616.087,645.0236898,166,0,0.196750409,-0.490030676,0.490030676,0.196750409,1.064516129,1.741935484,2.387096774,126.9137228,9.980847794,2.230022634,-2.187790088,2.330554121,-2.276800447,14.11372064,0.103319789,1.888864773,1017.418295,22.38010441,18.3417365,22.65673308,14.99393226,10.88874403,13.04624232,7.473436139,9.797817504,5.461660913,7.06424909,3.64829513,5.727816629,-1.13,24.51120507,11.65159693,5.815185868,211.5374316,14.05392362,23.69966136,5.783244946,0,0,0,4.794537184,0,0,0,45.39113443,82.89117689,23.91525374,12.70381603,13.94855107,61.93423056,0,4.899909731,0,40.03367647,26.24115118,60.42571736,0,5.749511833,4.736862954,0,5.749511833,45.18174125,36.92430586,6.420821623,7.140364542,55.29454243,40.81535335,0,10.96924436,0,42.68,0,4.794537184,0,5.783244946,17.73378495,68.51610224,0,0,36.39820241,70.85286258,9.154013891,14.06664358,4.537657986,15.92083751,0.89182273,2.150693647,1.659588805,11.67547053,2.820908263,10.01637696,0,0.4,31,0,4,0,0,0,2,1,3,4,0,6,11,0,0,0,3,6.9362,143.4175,0,0,0,0,0,0,0,0,0,0,1,1,0,0,0,1,0,0,0,1,0,0,0,0,0,0,0,0,0,0,1,0,0,0,2,0,1,0,0,0,0,1,1,0,2,0,0,0,0,0,0,1,0,0,0,0,0,0,0,0,0,0,0,0,1,0,0,0,0,0,0,0,0,0,0,0,0,0,0,0,0,0,0,0,0
1,1,7.37,0,0,11.97579082,-1.310347222,11.97579082,0.293611111,0.736883807,232.239,220.143,232.0847922,88,0,0.327651019,-0.276523018,0.327651019,0.276523018,1,1.529411765,2,16.19758781,9.751795322,2.496212647,-2.32784348,2.297467871,-2.639848554,6.223891946,-0.138231311,2.535973053,461.7839253,12.46625533,9.318602999,9.318602999,8.108226126,5.33371621,5.33371621,3.862281316,3.862281316,3.026280987,3.026280987,2.064079211,2.064079211,-2.17,11.31940715,4.00892017,1.595455592,98.19951532,0,0,5.414990469,11.81435946,0,6.031114512,20.22265158,4.794537184,0,0,37.25557254,11.98427311,0,0,14.38361155,17.84547397,0,10.63357721,0,18.75954929,0,35.89528683,0,0,10.63357721,4.794537184,0,0,17.84547397,15.00406484,0,18.90801031,30.33183534,0,0,0,75.27,23.26046444,14.38361155,0,0,11.98427311,0,0,37.25557254,0,10.63357721,0,0,0,35.0066084,4.280408163,-0.722384259,-1.138981481,7.959352954,0.293611111,1.738051776,0,0.25,17,2,5,0,1,1,1,0,1,3,2,5,2,0,1,1,2,0.7004,60.0924,0,0,0,0,0,0,0,0,0,0,3,3,0,0,0,0,2,0,0,0,0,0,0,0,0,0,0,4,0,0,0,0,0,1,1,0,0,0,0,0,0,0,0,0,0,0,0,0,2,0,0,0,0,0,0,0,0,0,0,0,0,0,0,0,0,0,0,0,0,0,0,0,0,0,0,0,0,0,0,0,0,0,0,0,1
1,1,13.1,0,0,12.28280998,-1.133505239,12.28280998,0.046418903,0.77948641,344.495,312.239,344.2351449,138,0,0.16134532,-0.38150605,0.38150605,0.16134532,1.16,1.84,2.52,16.30095863,9.445135151,2.655043939,-2.598222634,2.678610479,-2.574022821,5.914356706,-0.160635851,1.734146319,664.1834832,18.19830613,16.10020899,16.10020899,11.63249982,10.11645442,10.11645442,9.908327221,9.908327221,9.012784295,9.012784295,7.579080532,7.579080532,-0.96,17.45364098,5.280013406,2.079130124,150.8073857,5.106527395,5.601050811,11.56648989,0,0,0,9.589074368,0,0,0,26.34431613,80.6113017,11.83581209,0,14.69560176,11.56648989,0,0,34.50160512,78.24175097,0,11.64912464,0,0,0,0,0,0,22.2740681,9.589074368,34.50160512,72.64070016,11.64912464,0,0,0,54.37,5.601050811,14.69560176,0,16.61322589,42.29651238,32.10410811,5.57310453,6.9237372,6.076020107,20.7712116,0,0,0,24.29534598,11.20492707,0.106727043,2.273607173,0,8.306387865,8.396338204,0,0.818181818,25,1,3,4,0,4,0,0,0,3,1,3,1,3,0,3,4,4.0844,96.8878,0,1,0,0,0,0,0,0,0,0,2,2,0,0,0,0,0,0,0,0,0,0,0,0,0,0,1,0,0,0,0,0,0,0,0,0,5,0,0,0,0,0,0,0,0,0,0,0,0,0,0,2,1,0,0,0,0,0,0,0,0,0,0,0,0,0,0,0,0,0,0,0,0,0,0,0,0,0,0,0,0,0,0,0,0
1,0,14,0,0,12.88539664,-0.005261031,12.88539664,0.005261031,0.264705831,450.707,404.339,450.3497807,182,0,0.189971782,-0.288951744,0.288951744,0.189971782,0.787878788,1.303030303,1.878787879,16.14409624,9.829021575,2.28115165,-2.180115596,2.286390416,-2.201258462,6.262746985,0.097295493,1.705761181,855.4291361,24.38010441,22.00636655,22.00636655,15.70128506,13.24027129,13.24027129,10.92021255,10.92021255,7.278592832,7.278592832,4.882542284,4.882542284,-1.96,27.28579139,13.67567046,8.721302918,202.492963,0,0,11.56648989,0,0,0,9.589074368,0,0,0,108.5552931,50.86365741,22.27311204,0,9.589074368,11.56648989,0,0,17.75371814,105.7506394,0,58.18770495,0,0,0,0,0,0,11.56648989,0,17.75371814,126.4666168,47.06080197,0,0,0,34.14,0,9.589074368,0,11.56648989,28.69393367,24.17453976,56.93967751,19.05647134,12.13273414,40.69470611,0,0,0,25.52575884,0,3.684934931,2.477649679,7.178589487,14.4126161,13.38711763,0,0.612903226,33,0,2,1,0,1,1,0,1,2,0,2,14,0,0,0,2,9.1576,140.896,0,0,0,0,0,0,0,0,0,0,2,2,0,0,0,0,0,0,0,0,0,0,0,0,0,0,4,0,0,0,0,0,0,0,1,0,1,0,0,0,0,0,0,0,0,0,0,0,0,0,0,2,2,0,0,0,0,0,0,0,0,0,0,0,0,0,0,0,0,0,0,0,0,0,0,0,0,0,0,0,0,0,0,0,0
1,1,10.11,0,0,10.37248662,-0.08827339,10.37248662,0.08827339,0.757169744,272.388,248.196,272.17763,108,0,0.115370618,-0.507956032,0.507956032,0.115370618,1.15,2,2.85,16.26913718,9.552114098,2.537842238,-2.496627304,2.603738954,-2.434211652,5.396715522,-0.022575027,1.711199877,538.2198018,13.90541292,12.17851976,12.17851976,9.593172146,8.092631573,8.092631573,7.436274352,7.436274352,6.660103852,6.660103852,5.54120448,5.54120448,-1.02,12.7004821,4.236677915,1.604791759,120.3816825,10.21305479,5.749511833,0,0,0,0,0,0,0,0,12.99010427,84.95327547,0,6.103966388,10.21305479,0,0,0,17.25080256,57.47053937,0,29.32600419,0,5.749511833,0,0,5.749511833,0,16.31702118,6.420821623,17.25080256,56.07265434,18.19910121,0,0,0,40.46,0,10.21305479,0,11.51895686,17.58532393,25.18037091,30.38936785,0,12.13273414,12.99010427,0,0,0,0,20.04967333,2.99181709,2.488895647,5.955254315,6.780339821,2.317353133,0,0.666666667,20,2,2,3,0,3,1,0,1,2,2,2,0,2,0,2,4,3.6092,78.7306,0,1,1,0,0,0,0,1,0,0,0,0,0,0,0,0,0,0,0,0,0,0,0,0,0,0,0,0,0,0,1,0,0,0,1,0,5,0,0,0,0,0,0,0,0,0,0,0,0,0,0,0,0,0,0,0,0,0,0,0,0,0,0,0,0,1,1,0,0,0,0,0,0,0,0,0,0,0,0,0,0,0,0,0,0