target,acid_group,base_pKa,MaxEStateIndex,qed,MolWt,FpDensityMorgan1,BCUT2D_MWHI,BCUT2D_MWLOW,BCUT2D_CHGHI,BalabanJ,PEOE_VSA11,PEOE_VSA3,PEOE_VSA5,PEOE_VSA6,PEOE_VSA7,PEOE_VSA9,SMR_VSA9,SlogP_VSA4,EState_VSA3,EState_VSA5,EState_VSA8,VSA_EState8,FractionCSP3,NHOHCount,NumAliphaticCarbocycles,NumAliphaticHeterocycles,NumRotatableBonds,RingCount,MolLogP,fr_Al_OH,fr_Ar_NH,fr_Ar_OH,fr_NH1,fr_alkyl_carbamate,fr_alkyl_halide,fr_allylic_oxid,fr_bicyclic,fr_ether,fr_ketone,fr_methoxy,fr_piperdine
1,0.622699849,-0.959744043,-0.400939277,0.742952368,-0.686185602,0.277427338,0.590858712,1.402030876,-1.144009646,0.746308225,0.246192861,0.23589742,-0.313732335,-0.603832133,-1.204328361,0.484329135,0.697452982,-0.199257835,-0.894216277,-0.081757378,-0.85619094,-1.081850873,-1.590391347,-0.515742626,-0.641821345,-0.841737232,-0.253345873,-0.762554373,-0.606604452,-0.536782631,-0.31741701,-0.2786656,0.167564178,-0.266206953,-0.363177581,-0.468499685,-0.703741026,0.005500903,-0.441941738,-0.422158527,-0.2786656
1,-1.605910137,0.860666471,0.213665176,-1.419042421,1.294339921,-0.791801447,0.842345395,0.645043603,0.494379144,-1.561094788,-0.637153716,2.058838565,-0.313732335,0.091993227,0.690365972,0.514317579,0.690134632,-1.04538138,0.543019177,-0.481884042,1.29797013,0.594705841,-0.353508349,-1.210207945,-0.641821345,1.298006011,1.192320086,1.856319232,0.649031856,-0.536782631,-0.31741701,-0.2786656,-0.708925369,-0.266206953,-0.363177581,-0.468499685,-0.703741026,1.501746494,-0.441941738,-0.422158527,-0.2786656
1,-1.605910137,1.721117743,-3.373166337,0.698629055,-1.544113258,1.978473131,-0.752084149,1.501572818,-2.579665095,0.742235658,-0.637153716,-0.767615937,-0.313732335,-1.073032326,-1.171013509,-1.130382703,-0.657124366,-1.04538138,-1.252358387,-1.09454844,-0.586286749,-0.884749196,-0.338508833,-0.515742626,-0.641821345,-0.841737232,-0.735234525,-1.286329094,-1.459717267,-0.536782631,-0.31741701,-0.2786656,0.167564178,-0.266206953,-0.363177581,-0.468499685,-0.703741026,-0.742621893,-0.441941738,-0.422158527,-0.2786656
1,0.622699849,0.679210761,0.330819427,-0.037330826,-0.021753613,0.518866095,-0.618837227,-0.249588485,0.638213846,-2.980780048,-0.637153716,-0.196043338,-0.313732335,-0.294952929,0.425955025,-0.23978005,-0.657124366,-0.550312953,-0.040892777,-1.09454844,-0.827418801,1.213645921,1.738597778,1.567653329,0.104227398,0.22813439,0.469487107,-0.762554373,-0.639747156,-0.536782631,-0.31741701,-0.2786656,0.167564178,-0.266206953,-0.363177581,-0.468499685,-0.197345367,0.005500903,-0.441941738,-0.422158527,-0.2786656
1,-1.605910137,1.475274523,-3.389473115,0.527761334,-1.414325263,2.375383814,-0.725971425,0.747881201,-0.788655106,0.38638404,-0.637153716,-0.767615937,-0.313732335,-1.073032326,-0.529927878,-1.130382703,-0.657124366,-1.04538138,-0.876006848,0.293925966,0.028020131,-0.840319024,0.186474157,-1.210207945,-0.641821345,0.22813439,-1.217123178,-0.762554373,-1.012112569,-0.536782631,-0.31741701,-0.2786656,-0.708925369,-0.266206953,-0.363177581,-0.468499685,-0.703741026,-0.742621893,-0.441941738,-0.422158527,-0.2786656
1,0.622699849,0.59140961,0.440657772,-1.574514485,0.871090892,0.75869883,0.585744337,0.301639855,0.969990672,-0.599949001,1.028786331,0.992269716,6.08110681,-0.873275982,-0.486466243,0.039801307,-0.657124366,-0.013172613,-0.546854569,0.859254176,-0.095713896,0.157239162,-0.233512235,0.873188011,-0.641821345,1.298006011,0.710431433,0.284995069,-0.811732847,-0.536782631,-0.31741701,-0.2786656,0.167564178,-0.266206953,-0.363177581,-0.006789851,-0.197345367,0.753623699,-0.441941738,-0.422158527,-0.2786656
1,-1.605910137,-0.266114957,-0.417663781,0.236065317,-0.990438211,2.276156145,0.590452357,2.858368323,-0.919911512,1.456395893,1.769080424,1.374512967,-0.313732335,-1.039875889,-1.655035354,-0.725321515,-0.657124366,0.379954417,-0.889551147,-0.840386564,-0.843520632,-0.445956753,0.711457147,-1.210207945,-0.641821345,-0.841737232,-0.253345873,-1.286329094,-1.59740204,-0.536782631,-0.31741701,-0.2786656,-0.708925369,-0.266206953,-0.363177581,-0.468499685,-0.703741026,-0.742621893,-0.441941738,-0.422158527,-0.2786656
1,0.622699849,-0.959744043,-0.037755963,-1.067624857,-0.326250465,1.00824701,-0.63187857,-0.105611078,0.147617328,0.81498329,-0.637153716,-0.196043338,-0.313732335,0.926031461,-0.749333502,-0.270816287,-0.657124366,0.439823903,0.316148895,-1.09454844,-0.414691947,-0.232186568,1.140988683,0.873188011,0.104227398,-0.841737232,1.674208738,-1.286329094,-0.103851006,1.610347894,-0.31741701,-0.2786656,-0.708925369,-0.266206953,-0.363177581,-0.006789851,-0.703741026,-0.742621893,1.060660172,-0.422158527,-0.2786656
1,0.622699849,0.196304434,0.089072258,1.579393172,-0.57135129,0.425344361,0.590883841,0.922109501,0.057735011,0.230944156,1.122960715,0.830053947,-0.313732335,-0.603832133,-0.998377979,-0.785689358,-0.657124366,-1.04538138,-1.252358387,0.317710955,-0.586286749,-1.081850873,-1.633466874,0.178722692,-0.641821345,0.22813439,-0.976178852,-0.238779652,-1.131185754,0.536782631,-0.31741701,-0.2786656,0.167564178,-0.266206953,-0.363177581,-0.468499685,-0.197345367,-0.742621893,-0.441941738,-0.422158527,-0.2786656
1,0.622699849,-0.084659246,0.869757679,1.121699762,-0.481813624,0.359077536,-0.417535804,-0.462029085,0.276372437,0.28290268,0.256595574,3.143174419,-0.313732335,-0.805275793,-1.616229126,0.167671685,-0.657124366,0.414555134,-0.874479088,0.255545363,-0.114574965,-0.833701987,-0.863491823,-0.515742626,-0.641821345,-0.841737232,-0.253345873,-0.238779652,-0.865732291,0.536782631,-0.31741701,-0.2786656,-0.708925369,-0.266206953,-0.363177581,-0.468499685,-0.703741026,-0.742621893,-0.441941738,-0.422158527,-0.2786656
1,-1.605910137,0.278252175,0.118960552,0.630470518,-0.728823536,0.504233441,0.842257006,0.427605459,-0.665914472,0.504904711,0.259422361,-0.172454894,-0.313732335,-0.155197623,-0.792427597,-0.338205806,-0.657124366,-0.609763351,-0.22020248,-1.09454844,-0.585879076,-1.047524911,-1.388474813,-0.515742626,-0.641821345,0.22813439,-1.217123178,-0.238779652,-0.521030345,-0.536782631,-0.31741701,-0.2786656,0.167564178,-0.266206953,-0.363177581,-0.468499685,-0.197345367,-0.742621893,-0.441941738,-0.422158527,-0.2786656
1,0.622699849,0.377760145,0.163239714,1.144381321,-0.501213534,0.589285731,0.588098448,0.96818444,-1.089664843,-0.064729501,0.155073633,-0.173459411,-0.313732335,-1.307632422,-0.940163333,2.214069168,0.697452982,0.113043124,-0.931159458,-1.09454844,-0.361256527,-0.318345936,-0.678203709,-0.515742626,-0.641821345,-0.841737232,-0.253345873,-0.238779652,-0.543731316,-0.536782631,1.954620538,-0.2786656,0.167564178,-0.266206953,-0.363177581,-0.468499685,-0.197345367,0.753623699,-0.441941738,1.970073125,-0.2786656
1,-1.605910137,1.671363758,-2.820579316,1.17408678,-0.870170727,0.787741076,-0.62412599,-1.608308549,0.875725887,-0.099263746,-0.637153716,-0.767615937,-0.313732335,-0.576417019,0.501777236,-0.62977844,0.020164307,-0.550312953,-0.915053904,1.413607033,0.373887214,-0.832424182,0.886451478,-1.210207945,0.850276141,0.22813439,-1.217123178,0.284995069,-0.328277008,-0.536782631,-0.31741701,-0.2786656,-0.708925369,-0.266206953,-0.363177581,-0.468499685,-0.197345367,0.005500903,-0.441941738,0.773957299,2.428371657
1,0.622699849,-0.959744043,-0.574085615,0.923579746,-0.745526799,0.679492706,-0.637937817,-1.567873077,1.305034675,-0.339166752,-0.637153716,-0.767615937,0.879116353,-0.576319245,0.878108822,-1.130382703,1.474253886,1.430383769,0.211678322,-0.475329515,-0.169733617,-0.643901604,0.606460549,0.178722692,1.596324885,-0.841737232,-1.458067504,0.284995069,-0.226176096,0.536782631,-0.31741701,2.428371657,-0.708925369,-0.266206953,-0.363177581,-0.468499685,1.828237268,-0.742621893,-0.441941738,-0.422158527,-0.2786656
1,-1.605910137,-0.959744043,-0.116037356,1.350181583,-0.656043963,-0.835984455,0.590446064,0.267454894,-0.509817962,0.227698483,0.874227448,0.80747002,-0.313732335,0.334568252,-1.032525486,-0.393284388,-0.657124366,-1.04538138,-0.905204842,-0.746411077,-1.084652684,-1.043160107,-1.419356165,-1.210207945,-0.641821345,0.22813439,-0.735234525,-0.238779652,-0.696098663,-0.536782631,-0.31741701,-0.2786656,-0.708925369,-0.266206953,-0.363177581,-0.468499685,-0.703741026,0.005500903,-0.441941738,-0.422158527,-0.2786656
1,0.622699849,1.118216512,-0.741219131,0.862782133,-0.284529691,-0.40299098,0.842257031,0.244717761,-0.554952798,-0.481577227,-0.637153716,-0.196043338,-0.313732335,0.783202762,-1.032525486,-0.23978005,-0.657124366,-1.04538138,-0.840809943,-0.475329515,1.150474089,-0.14298761,-0.313509643,-0.515742626,-0.641821345,0.22813439,0.469487107,-0.238779652,-0.433050719,-0.536782631,-0.31741701,-0.2786656,-0.708925369,-0.266206953,-0.363177581,-0.468499685,-0.703741026,0.005500903,-0.441941738,-0.422158527,-0.2786656
1,0.622699849,1.557222263,0.917865546,1.669211299,-0.631250757,1.253679706,-0.417857134,0.793638652,-0.892746549,0.461554374,-0.637153716,0.327352529,-0.313732335,-1.307632422,-1.175221038,-0.341497551,-0.657124366,-0.558735876,0.668589738,-0.749690323,-0.827418801,-0.041816749,-0.338508833,0.178722692,-0.641821345,0.22813439,-0.735234525,-0.238779652,-1.270483115,-0.536782631,-0.31741701,-0.2786656,0.167564178,-0.266206953,-0.363177581,-0.468499685,-0.197345367,-0.742621893,-0.441941738,-0.422158527,-0.2786656
1,0.622699849,0.131916924,-0.248570019,1.146204529,-0.457523859,-0.195907143,0.842345207,0.821916534,-1.269176794,0.356893305,0.377917952,-0.196043338,-0.313732335,0.528036983,-1.015451733,0.42945409,-0.657124366,-1.04538138,0.428466798,-1.09454844,-0.598242555,-1.212706926,-1.388474813,0.178722692,-0.641821345,-0.841737232,-0.012401546,-0.762554373,-0.09489713,-0.536782631,-0.31741701,-0.2786656,0.167564178,-0.266206953,-0.363177581,-0.468499685,-0.703741026,0.005500903,-0.441941738,-0.422158527,-0.2786656
1,-1.605910137,2.42645365,0.1517207,-0.816812553,-0.181892599,-0.720519529,-0.617710948,-0.357858685,-0.417317617,-0.58967471,0.278463519,-0.196043338,-0.313732335,0.334568252,-0.148556108,-0.713700093,0.020164307,-0.055244525,0.323868901,-1.09454844,-0.843112959,-0.935947964,-0.45263557,1.567653329,0.104227398,-0.841737232,0.22854278,-0.238779652,-0.486239414,-0.536782631,-0.31741701,-0.2786656,-0.708925369,-0.266206953,-0.363177581,-0.468499685,-0.703741026,0.753623699,-0.441941738,-0.422158527,-0.2786656
1,0.622699849,1.387473372,-0.299986423,0.8782684,-0.164646018,0.277427338,0.842257078,0.627246462,-0.751085296,-1.133859225,-0.637153716,-0.767615937,-0.313732335,-0.155197623,-0.217068516,-0.347365944,-0.657124366,-1.04538138,-0.852399804,-0.533248379,1.325806561,-0.092907158,-0.513503164,-0.515742626,-0.641821345,1.298006011,-0.494290199,0.80876979,-0.138686483,-0.536782631,-0.31741701,-0.2786656,0.167564178,-0.266206953,-0.363177581,-0.468499685,0.309050292,-0.742621893,-0.441941738,-0.422158527,-0.2786656
1,0.622699849,-0.959744043,1.901003218,0.704712497,-0.266724839,1.127950232,-0.41743755,-1.939230795,2.079302556,-0.161207849,2.010844806,-0.244220071,-0.313732335,-0.321621434,0.099190599,-0.700599495,-0.657124366,1.345816934,0.294670908,-0.418280004,-1.084652684,-0.196312789,1.140988683,0.873188011,2.342373628,-0.841737232,-0.976178852,0.284995069,-0.990997459,2.683913156,-0.31741701,-0.2786656,-0.708925369,-0.266206953,0.551491883,1.378339654,1.828237268,-0.742621893,2.563262082,-0.422158527,-0.2786656
1,-1.605910137,1.463567703,-2.580083225,1.210364276,-0.950138036,-1.155032279,-0.622463573,0.467872944,-1.219474428,0.309690295,-0.637153716,-0.767615937,-0.313732335,1.038368541,-0.965895782,-0.665188967,-0.657124366,-1.04538138,-1.252358387,-0.475329515,2.182361563,-0.755583798,-0.678203709,-1.210207945,-0.641821345,-0.841737232,-0.012401546,-0.762554373,-0.341284629,-0.536782631,-0.31741701,-0.2786656,-0.708925369,-0.266206953,-0.363177581,-0.468499685,-0.703741026,0.005500903,-0.441941738,-0.422158527,-0.2786656
1,-1.605910137,0.986514786,0.489017845,0.173138403,-0.206725681,-1.831869446,-0.417756651,0.235520227,-0.553817311,-0.785344534,-0.637153716,0.279175795,-0.313732335,1.273715247,-0.431748092,-0.704973785,-0.657124366,-0.072090371,-1.252358387,0.565449106,0.564409009,-0.166030867,-0.944258436,-1.210207945,-0.641821345,0.22813439,-0.012401546,0.284995069,0.56345775,-0.536782631,-0.31741701,-0.2786656,-0.708925369,-0.266206953,-0.363177581,-0.468499685,-0.703741026,-0.742621893,-0.441941738,-0.422158527,-0.2786656
1,0.622699849,-0.959744043,0.030713276,0.828835893,-0.416266649,0.696146303,-0.635644328,-1.907150626,1.685793374,-0.318640504,1.13990485,-0.767615937,-0.313732335,-0.556594835,0.478569343,-0.700599495,-0.657124366,1.345816934,-0.052482638,-0.78440178,-0.749672316,-0.398285792,1.486432039,0.873188011,2.342373628,-0.841737232,-0.976178852,0.284995069,-1.041825182,2.683913156,-0.31741701,-0.2786656,-0.708925369,-0.266206953,-0.363177581,-0.006789851,1.828237268,-0.742621893,2.563262082,-0.422158527,-0.2786656
1,0.622699849,-0.269041662,0.091866528,1.541398428,-0.471380938,1.253679706,0.590885144,0.927380141,0.064566974,0.221040894,1.911365844,0.830053947,1.791566361,-0.838432229,-1.175221038,-0.785689358,-0.657124366,-0.466169128,-0.93270913,0.603751874,-0.586286749,-0.719913875,-1.313477242,0.178722692,-0.641821345,0.22813439,-0.976178852,-0.238779652,-0.966398801,0.536782631,-0.31741701,-0.2786656,0.167564178,-0.266206953,-0.363177581,-0.468499685,-0.197345367,-0.742621893,-0.441941738,-0.422158527,-0.2786656
1,-1.605910137,-0.959744043,-1.021387025,-0.562456002,-1.091081478,-1.038048074,-0.583914288,2.126903501,-1.024806776,3.144465837,0.30065074,-0.767615937,5.321108428,-1.307632422,-1.822179508,-1.130382703,-0.657124366,1.492989255,-1.252358387,-1.09454844,-0.382504195,-1.416107346,2.286406117,-1.210207945,-0.641821345,-0.841737232,0.469487107,-1.810103816,-2.28988856,-0.536782631,-0.31741701,-0.2786656,-0.708925369,-0.266206953,-0.363177581,-0.468499685,-0.703741026,-0.742621893,-0.441941738,-0.422158527,-0.2786656
1,0.622699849,1.794285368,-0.142422718,-0.817538743,-0.291911825,0.696146303,0.585737189,0.782838066,-0.117040504,1.028873813,0.29110586,0.375529262,1.870509417,-0.804902488,-1.197007259,-1.130382703,-0.657124366,-1.04538138,-0.452441221,-1.09454844,-0.267580702,-0.375388186,0.326469619,2.956583967,-0.641821345,0.22813439,0.951375759,-1.286329094,-1.976770186,-0.536782631,-0.31741701,-0.2786656,0.167564178,-0.266206953,-0.363177581,-0.468499685,-0.703741026,-0.742621893,-0.441941738,-0.422158527,-0.2786656
1,0.622699849,-0.233921202,-0.313280707,0.447795662,-1.153253905,0.957845656,0.842257766,2.533418324,-1.334915693,1.889683134,1.07804814,-0.196043338,-0.313732335,-1.307632422,-1.428332915,-1.130382703,-0.657124366,-1.04538138,-1.252358387,-0.055972091,-0.602388579,-1.081850873,-0.713496682,-0.515742626,-0.641821345,-0.841737232,-1.458067504,-0.762554373,-2.007551919,-0.536782631,1.954620538,-0.2786656,0.167564178,-0.266206953,-0.363177581,-0.468499685,-0.197345367,-0.742621893,-0.441941738,-0.422158527,-0.2786656
1,-1.605910137,-0.959744043,-0.05630126,0.416212787,-0.396153946,-0.40299098,-0.616547199,-1.91273679,2.375886184,-0.934801447,0.251375567,-0.767615937,-0.313732335,-0.556594835,1.081299939,-1.130382703,-0.657124366,3.326090644,0.245106637,0.64488875,-0.120725352,-0.096364402,1.586428795,-1.210207945,3.834471115,0.22813439,-1.458067504,1.856319232,0.0826658,-0.536782631,-0.31741701,-0.2786656,-0.708925369,-0.266206953,-0.363177581,-0.006789851,5.37300688,0.005500903,1.060660172,-0.422158527,-0.2786656
1,0.622699849,-0.959744043,-0.071792755,1.531028133,-0.925449507,0.126223266,0.58318864,0.830356315,-0.96411752,0.482861628,-0.637153716,-0.767615937,1.791566361,-0.134631941,-1.175221038,-0.370297814,-0.657124366,-1.04538138,-0.298202627,-0.463649404,-1.084652684,-0.762385654,-1.313477242,-0.515742626,-0.641821345,-0.841737232,-0.494290199,-0.762554373,-0.424586856,-0.536782631,-0.31741701,-0.2786656,-0.708925369,-0.266206953,-0.363177581,-0.468499685,-0.703741026,-0.742621893,1.060660172,-0.422158527,-0.2786656
1,0.622699849,1.489908048,-2.560637522,1.330398237,-0.95832767,1.383107103,0.842257031,1.431017542,-1.258340548,0.182510961,0.278463519,-0.767615937,-0.313732335,-0.858997913,-1.410278744,0.91032168,-0.657124366,-1.04538138,-0.939494174,-0.441867674,0.094551121,-0.758551818,-0.980154711,0.178722692,-0.641821345,0.22813439,-1.217123178,-0.238779652,-1.071136875,-0.536782631,-0.31741701,-0.2786656,1.044053725,-0.266206953,-0.363177581,-0.468499685,-0.197345367,-0.742621893,-0.441941738,-0.422158527,-0.2786656
1,-1.605910137,0.26947206,-0.109471328,1.240939018,-0.803666716,0.311448253,0.842257002,0.414638157,-0.762633174,0.440655026,-0.637153716,-0.767615937,-0.313732335,0.314002569,-1.204328361,-0.327768614,-0.657124366,-1.04538138,-0.939494174,-1.09454844,-0.843112959,-1.053016228,-1.388474813,-1.210207945,-0.641821345,0.22813439,-1.217123178,-0.238779652,-0.430556107,-0.536782631,-0.31741701,-0.2786656,-0.708925369,-0.266206953,-0.363177581,-0.468499685,-0.197345367,-0.742621893,-0.441941738,-0.422158527,-0.2786656
1,-1.605910137,1.961107554,-2.471441967,0.914627158,-0.740477439,-0.176184872,0.583181955,0.835869578,-1.136022061,-0.061201086,-0.637153716,-0.767615937,1.791566361,0.334568252,-0.583311518,-1.130382703,0.020164307,-1.04538138,-1.252358387,-0.223638916,2.074372486,-0.896453655,-0.980154711,-0.515742626,-0.641821345,-0.841737232,-0.012401546,-0.238779652,0.2274424,-0.536782631,-0.31741701,-0.2786656,0.167564178,-0.266206953,-0.363177581,-0.468499685,-0.197345367,0.005500903,-0.441941738,-0.422158527,-0.2786656
1,0.622699849,1.545515443,0.964763792,1.678707397,-0.571381197,0.787741076,-0.417857103,0.785452869,-0.455286276,0.008955778,-0.637153716,0.327352529,-0.313732335,-1.307632422,-0.97431084,-0.341497551,-0.657124366,-0.558735876,0.260911148,-0.412093302,-0.827418801,-0.496571928,-0.184102071,0.178722692,0.104227398,0.22813439,-0.735234525,0.284995069,-1.130161181,-0.536782631,-0.31741701,-0.2786656,0.167564178,-0.266206953,-0.363177581,-0.468499685,-0.197345367,-0.742621893,-0.441941738,-0.422158527,-0.2786656
1,-1.605910137,1.457714293,-0.806105263,-0.515324301,-0.655799719,1.865070077,0.585726124,2.098236218,-1.739234139,0.42272487,0.257172219,-0.767615937,-0.313732335,-1.307632422,-0.931748275,0.082150628,-0.657124366,-0.199257835,-0.482086241,-1.09454844,-0.333120235,-0.796325842,0.348007383,0.178722692,-0.641821345,-0.841737232,0.951375759,-1.286329094,-1.185532662,-0.536782631,-0.31741701,-0.2786656,1.044053725,-0.266206953,-0.363177581,-0.468499685,-0.703741026,-0.742621893,-0.441941738,-0.422158527,-0.2786656
1,0.622699849,-0.166606987,-0.352196209,0.253340545,-1.324947103,1.062525397,-0.647559977,2.533463782,-1.487831758,1.947170953,0.230470321,0.398113189,-0.313732335,-1.307632422,-1.822179508,-0.684873054,-0.657124366,-1.04538138,-0.556950686,-0.096060113,-0.602388579,-1.081850873,-0.713496682,-0.515742626,-0.641821345,-0.841737232,-1.458067504,-0.762554373,-2.298619703,-0.536782631,1.954620538,-0.2786656,0.167564178,-0.266206953,-0.363177581,-0.468499685,-0.197345367,-0.742621893,-0.441941738,-0.422158527,-0.2786656
1,0.622699849,0.161183974,-0.607299873,1.62483414,-0.746807831,-0.152310547,0.842345172,0.828090344,-1.414645387,0.633861183,-0.637153716,-0.767615937,-0.313732335,0.528036983,-1.015451733,0.42945409,-0.657124366,-1.04538138,0.428466798,-1.09454844,-0.827418801,-1.081850873,-1.613467525,0.178722692,-0.641821345,-0.841737232,-0.494290199,-0.762554373,0.108591948,-0.536782631,-0.31741701,-0.2786656,0.167564178,-0.266206953,-0.363177581,-0.468499685,-0.703741026,-0.742621893,-0.441941738,-0.422158527,-0.2786656
1,-1.605910137,-0.058318901,0.001568098,1.096452067,-1.075001285,0.717698015,-0.649277245,0.209474643,-0.731970877,1.19679437,0.251375567,-0.229320454,-0.313732335,-0.002006194,-1.209368545,0.050688349,-0.657124366,-0.550312953,-1.252358387,-1.09454844,-0.168010385,0.49876985,-0.113516121,-1.210207945,-0.641821345,-0.841737232,-0.735234525,-0.762554373,-0.36703259,-0.536782631,-0.31741701,-0.2786656,-0.708925369,-0.266206953,-0.363177581,-0.468499685,-0.197345367,-0.742621893,1.060660172,-0.422158527,-0.2786656
1,-1.605910137,1.574782493,0.527113396,0.741679126,-0.156765428,0.253964635,0.585739533,0.629227386,0.216443712,0.173516055,0.30065074,-0.767615937,1.870509417,-0.369232037,-0.330970881,0.140323823,0.020164307,-1.04538138,-0.437001209,-0.70923825,-1.084652684,-0.578128039,-0.386234558,-1.210207945,-0.641821345,0.22813439,-0.012401546,-0.238779652,-0.334914458,-0.536782631,-0.31741701,-0.2786656,-0.708925369,-0.266206953,-0.363177581,-0.468499685,-0.197345367,0.753623699,-0.441941738,0.773957299,-0.2786656
1,-1.605910137,1.867452994,-0.140659158,1.330120863,-1.060047603,1.278042508,-0.619591043,-0.167824507,-0.284947502,0.412548001,-0.637153716,-0.767615937,-0.313732335,0.113675713,-0.975143495,-0.21309583,-0.657124366,-1.04538138,-1.252358387,0.015761387,-0.827418801,-0.885929596,0.186474157,-0.515742626,-0.641821345,0.22813439,-0.735234525,-0.762554373,-0.906537018,-0.536782631,-0.31741701,-0.2786656,0.167564178,-0.266206953,-0.363177581,-0.468499685,-0.703741026,0.005500903,-0.441941738,0.773957299,2.428371657
1,-1.605910137,0.006068609,-2.804457041,0.443908902,-1.417211324,3.301508749,0.842254817,1.759620665,-2.083345361,1.14445694,-0.637153716,-0.173459411,3.945919798,-1.307632422,-1.369137851,-0.341470776,-0.657124366,-0.466169128,-0.88608784,-0.82313223,-0.843520632,-0.684047657,0.186474157,-1.210207945,-0.641821345,-0.841737232,-0.976178852,-1.286329094,-0.840821806,-0.536782631,-0.31741701,-0.2786656,-0.708925369,-0.266206953,0.551491883,-0.468499685,-0.703741026,-0.742621893,-0.441941738,-0.422158527,-0.2786656
1,0.622699849,0.471414705,-0.404854621,-0.451548974,-0.656567342,0.632428197,-0.611567413,1.023630177,-0.569072331,-0.314050347,-0.637153716,0.401085654,-0.313732335,-1.307632422,-0.998377979,-0.34615699,0.676799841,-0.199257835,-0.188184459,-0.073508093,-0.580605365,-1.108277502,-1.613467525,-0.515742626,-0.641821345,0.22813439,-0.494290199,-0.238779652,-1.060133854,-0.536782631,-0.31741701,-0.2786656,0.167564178,-0.266206953,-0.363177581,-0.468499685,-0.703741026,-0.742621893,-0.441941738,-0.422158527,-0.2786656
1,0.622699849,-0.959744043,-0.570328024,1.62633928,-1.075240544,0.437525764,-0.624123241,0.311175494,-1.233630028,0.822697642,-0.637153716,-0.767615937,-0.313732335,-0.369232037,-0.620624721,-0.21309583,0.020164307,-1.04538138,-1.252358387,-1.09454844,-1.084652684,-0.748248781,-1.013486964,-0.515742626,-0.641821345,-0.841737232,-0.735234525,-0.762554373,-0.482809323,-0.536782631,-0.31741701,-0.2786656,-0.708925369,-0.266206953,-0.363177581,-0.468499685,-0.197345367,0.005500903,-0.441941738,0.773957299,-0.2786656
1,0.622699849,-0.488544537,-0.571367017,1.090747387,-0.687157592,0.073301842,0.842345143,1.188999129,-1.304951392,0.312291996,0.220613322,0.398113189,-0.313732335,-0.410363403,-0.586477215,-0.738657409,0.692169886,-1.04538138,0.778271923,-0.419354399,-0.843520632,-1.081850873,-1.913457803,-0.515742626,-0.641821345,-0.841737232,-0.976178852,-0.238779652,0.169041747,-0.536782631,-0.31741701,-0.2786656,-0.708925369,-0.266206953,-0.363177581,-0.468499685,-0.197345367,-0.742621893,-0.441941738,-0.422158527,-0.2786656
1,0.622699849,-0.959744043,-0.634294192,1.370023693,-1.194760343,0.549594664,-0.631746698,0.272699599,-1.273547921,1.252413614,-0.637153716,-0.767615937,-0.313732335,0.166281029,-0.790474395,-0.713700093,-0.657124366,-0.550312953,-0.883726854,-0.784938978,-0.414691947,0.115522257,0.024940931,-0.515742626,-0.641821345,-0.841737232,-0.494290199,-1.286329094,-0.466460704,-0.536782631,-0.31741701,-0.2786656,-0.708925369,-0.266206953,-0.363177581,-0.468499685,-0.703741026,-0.742621893,-0.441941738,-0.422158527,-0.2786656
1,0.622699849,-0.959744043,0.390553156,0.899666698,-0.076942671,1.133437478,-0.602602758,-1.874283046,2.089806413,-0.597068864,2.966832588,-0.767615937,-0.313732335,0.194442753,0.082116846,-0.270816287,-0.657124366,1.345816934,-0.052482638,-1.09454844,-0.079711579,0.039792208,1.278438776,0.178722692,2.342373628,0.22813439,-0.494290199,0.80876979,-0.62522495,1.610347894,-0.31741701,-0.2786656,-0.708925369,-0.266206953,-0.363177581,1.378339654,2.841028586,0.753623699,2.563262082,-0.422158527,-0.2786656
1,0.622699849,-0.959744043,0.698182571,1.680950729,-1.005446723,0.390830392,-0.417859003,0.27623158,-1.117699589,0.703634971,-0.637153716,-0.244220071,-0.313732335,0.334568252,-1.003418163,-0.713700093,0.653617411,-0.558735876,-0.559253889,-0.75695142,-1.084652684,-0.777220615,-1.353475948,-0.515742626,-0.641821345,-0.841737232,-0.735234525,-0.762554373,-0.195795283,-0.536782631,-0.31741701,-0.2786656,-0.708925369,-0.266206953,-0.363177581,-0.468499685,-0.703741026,-0.742621893,-0.441941738,-0.422158527,-0.2786656
1,-1.605910137,-0.959744043,-0.754302441,-0.217071347,-0.995273235,-1.423618454,0.591485563,1.844116937,-1.80804458,2.248832418,-0.637153716,-0.767615937,-0.313732335,-1.307632422,-1.386211604,0.6809482,-0.657124366,-1.04538138,-0.452441221,-1.09454844,-0.679885299,-1.063041057,2.286406117,-1.210207945,-0.641821345,-0.841737232,0.22854278,-1.810103816,-1.9606443,-0.536782631,-0.31741701,-0.2786656,-0.708925369,-0.266206953,-0.363177581,-0.468499685,-0.703741026,-0.742621893,-0.441941738,-0.422158527,-0.2786656
1,0.622699849,-0.959744043,-0.752010674,0.597660451,-1.504157019,1.025887487,-0.631742763,0.356812531,-1.224349795,2.557399876,-0.637153716,-0.767615937,-0.313732335,-0.275504049,-1.386211604,-0.713700093,-0.657124366,-0.550312953,-1.252358387,-1.09454844,-1.084652684,-0.283413362,1.761423127,-0.515742626,-0.641821345,-0.841737232,-0.253345873,-1.810103816,-0.816508247,-0.536782631,-0.31741701,-0.2786656,-0.708925369,-0.266206953,-0.363177581,-0.468499685,-0.703741026,-0.742621893,-0.441941738,-0.422158527,-0.2786656
1,0.622699849,0.453854475,-0.802297924,-0.409257147,-1.459679782,1.761976396,-0.631647971,1.087557235,-1.528581204,1.978401749,-0.637153716,-0.196043338,-0.313732335,-1.307632422,-1.204328361,-1.130382703,0.020164307,-1.04538138,-0.898086132,-0.081757378,-1.084652684,-1.081850873,-1.913457803,1.567653329,-0.641821345,-0.841737232,-1.217123178,-1.286329094,-1.535847485,-0.536782631,-0.31741701,2.428371657,-0.708925369,-0.266206953,-0.363177581,-0.468499685,-0.703741026,-0.742621893,-0.441941738,-0.422158527,-0.2786656
1,0.622699849,-0.959744043,-0.24274602,0.824837119,-0.735477924,0.46299597,-0.637946495,-1.681710943,1.350197901,-0.446085598,0.251375567,-0.767615937,0.879116353,-0.59539482,0.713627049,-1.130382703,0.796965212,2.420520624,0.58241112,-0.427079148,-0.463233184,-0.640486388,1.236440137,-0.515742626,2.342373628,-0.841737232,-1.458067504,0.284995069,-0.279676617,0.536782631,-0.31741701,-0.2786656,-0.708925369,-0.266206953,-0.363177581,-0.006789851,1.828237268,-0.742621893,1.060660172,-0.422158527,-0.2786656
1,-1.605910137,0.307519225,-0.10677774,0.867057497,-0.314456994,0.302628015,0.842257031,-0.08016428,-0.524122366,-0.287582849,-0.637153716,-0.196043338,-0.313732335,-0.174273198,0.469295039,-0.26427676,-0.657124366,-1.04538138,-0.025452765,0.454573268,-0.204153981,-0.366868269,-0.386234558,-1.210207945,0.104227398,0.22813439,-1.217123178,0.284995069,0.341882733,-0.536782631,-0.31741701,-0.2786656,-0.708925369,-0.266206953,-0.363177581,-0.468499685,0.309050292,0.005500903,-0.441941738,-0.422158527,2.428371657
0,-1.605910137,0.594336315,0.561307535,-0.158335126,0.02468754,0.043533541,0.842257052,0.681725667,-0.384969209,-0.82306025,0.220613322,-0.767615937,-0.313732335,-0.409246599,-0.104328234,0.534439664,0.012845958,-0.466169128,1.299117046,-0.827619949,0.221887545,0.099394888,-0.63523835,-1.210207945,-0.641821345,0.22813439,-0.735234525,0.80876979,-0.004013063,-0.536782631,-0.31741701,-0.2786656,-0.708925369,-0.266206953,-0.363177581,-0.468499685,-0.197345367,-0.742621893,-0.441941738,-0.422158527,-0.2786656
0,0.622699849,1.390400077,-0.76808701,0.860428322,-0.800690934,1.184651759,-0.620153932,-1.569767303,1.47055339,-0.150723095,1.129539439,-0.767615937,-0.313732335,-0.603085524,-0.529927878,-1.130382703,0.697452982,-0.550312953,-0.149233205,-0.475329515,-0.212644894,-0.882178177,0.309999568,0.178722692,0.850276141,1.298006011,-1.458067504,0.80876979,-1.301754861,0.536782631,-0.31741701,2.428371657,-0.708925369,-0.266206953,-0.363177581,-0.468499685,-0.703741026,0.005500903,-0.441941738,-0.422158527,2.428371657
0,0.622699849,-0.959744043,-0.008448809,1.205109502,-0.515893066,0.359077536,-0.636789822,-1.835833596,1.530073169,-0.223381768,1.13990485,-0.767615937,-0.313732335,-0.321621434,0.919905147,-1.130382703,-0.657124366,1.345816934,0.653453377,-0.47425512,0.214255017,0.533639687,1.140988683,-0.515742626,2.342373628,-0.841737232,-1.217123178,0.284995069,-0.05159779,0.536782631,-0.31741701,-0.2786656,-0.708925369,-0.266206953,-0.363177581,1.378339654,1.828237268,-0.742621893,2.563262082,-0.422158527,-0.2786656
0,0.622699849,-0.959744043,-0.208078347,0.993511718,-0.78529861,-0.176184872,-0.639260244,-1.819415758,1.178198912,-0.390343879,0.251375567,-0.767615937,-0.313732335,-0.556594835,0.88038974,-0.700599495,-0.657124366,1.345816934,-0.523483479,0.64488875,-0.414691947,-0.14013326,1.623269708,-0.515742626,2.342373628,-0.841737232,-1.458067504,0.284995069,-0.107414738,0.536782631,-0.31741701,-0.2786656,-0.708925369,-0.266206953,-0.363177581,-0.006789851,1.828237268,-0.742621893,1.060660172,-0.422158527,-0.2786656
0,0.622699849,-0.345135992,0.290883674,1.138207999,-0.439559502,0.359077536,0.842257023,0.748030213,-0.795632617,0.444350068,-0.637153716,-0.767615937,-0.313732335,-0.858997913,0.043407502,0.210748247,0.020164307,-0.466169128,1.14558489,-0.840386564,-1.084652684,-0.736178751,-1.250321394,-0.515742626,-0.641821345,-0.841737232,-0.494290199,-0.238779652,-0.085978892,-0.536782631,-0.31741701,-0.2786656,-0.708925369,-0.266206953,-0.363177581,-0.468499685,-0.197345367,0.005500903,-0.441941738,0.773957299,-0.2786656
0,-1.605910137,-0.959744043,-0.058633548,0.851688583,-0.655510615,-0.195907143,-0.649219555,-1.848329065,1.227024203,-0.419106399,0.251375567,-0.767615937,-0.313732335,-0.556594835,1.115447446,-1.130382703,-0.657124366,1.840885361,-0.163240103,0.64488875,-0.414691947,0.232018369,1.486432039,-1.210207945,2.342373628,-0.841737232,-1.217123178,0.284995069,0.268692594,-0.536782631,-0.31741701,-0.2786656,-0.708925369,-0.266206953,-0.363177581,-0.006789851,1.828237268,-0.742621893,2.563262082,-0.422158527,-0.2786656
0,0.622699849,-0.523664997,0.94641898,0.773137717,-0.057353346,-0.40299098,-0.41785852,0.468849124,-0.057234078,-0.92113876,-0.637153716,0.363610613,-0.313732335,-0.369232037,-0.579483829,0.041501436,-0.657124366,-0.063667448,1.468506904,-0.75695142,-0.591289559,-0.734820309,-0.513503164,-0.515742626,0.104227398,0.22813439,-0.494290199,0.80876979,-0.78978026,-0.536782631,1.954620538,-0.2786656,0.167564178,-0.266206953,-0.363177581,-0.468499685,-0.197345367,-0.742621893,-0.441941738,-0.422158527,-0.2786656
0,-1.605910137,-0.959744043,0.057348616,0.217097012,-0.424386498,-0.784025238,0.842257022,0.540959438,-0.216582984,0.241143355,1.111912811,-0.196043338,-0.313732335,-0.858997913,0.765654372,-0.700599495,0.020164307,-1.04538138,0.111752435,-1.09454844,-1.084652684,0.272792811,-0.653498627,-1.210207945,-0.641821345,-0.841737232,-0.012401546,-0.762554373,0.249314803,-0.536782631,-0.31741701,-0.2786656,-0.708925369,-0.266206953,-0.363177581,-0.468499685,-0.703741026,0.753623699,1.060660172,-0.422158527,-0.2786656
0,0.622699849,-0.959744043,-0.796450762,1.092369915,-0.865265919,0.311448253,-0.639241637,-1.481390009,0.944459408,-0.355284725,-0.637153716,-0.767615937,-0.313732335,-0.805275793,1.061945267,-0.700599495,0.020164307,0.39775199,-0.156953211,0.596638382,-0.456172748,-0.623739318,0.886451478,0.178722692,1.596324885,-0.841737232,-1.458067504,0.284995069,-0.227690682,0.536782631,-0.31741701,2.428371657,-0.708925369,-0.266206953,-0.363177581,-0.468499685,1.828237268,-0.742621893,-0.441941738,-0.422158527,-0.2786656
0,0.622699849,-0.959744043,0.88182938,0.043292426,-0.276693961,0.831842262,-0.406794818,-0.388908301,1.24394437,-0.154106042,-0.637153716,0.279175795,-0.313732335,-0.046645276,-0.749333502,-0.700599495,-0.657124366,-0.055244525,0.747434528,-1.09454844,-1.084652684,-0.722210034,1.866419725,0.178722692,0.104227398,0.22813439,1.192320086,-0.762554373,0.084447666,0.536782631,-0.31741701,-0.2786656,-0.708925369,-0.266206953,1.466161346,-0.468499685,-0.197345367,0.005500903,1.060660172,-0.422158527,-0.2786656
0,0.622699849,-0.198800742,0.507111936,-0.146012389,0.177294854,0.46299597,0.590870734,0.277374874,-0.743673426,1.025912766,-0.637153716,2.460845345,-0.313732335,-0.302172554,-0.797467781,1.423572982,0.668987458,-0.558735876,0.1501056,1.324315316,-0.602388579,-0.349394294,-0.195331654,0.873188011,-0.641821345,-0.841737232,0.951375759,-0.762554373,-0.765591431,1.610347894,-0.31741701,-0.2786656,-0.708925369,-0.266206953,-0.363177581,-0.468499685,-0.703741026,-0.742621893,-0.441941738,-0.422158527,-0.2786656
0,0.622699849,2.104516099,-0.769752476,1.02846247,-0.600545863,-0.799901663,-0.640298256,-0.162523394,-0.821036867,0.582858586,-0.637153716,-0.767615937,-0.313732335,0.549719469,0.188111463,-1.130382703,0.020164307,-0.466169128,-0.141513199,-0.475329515,2.294811679,1.311275552,-0.004428747,-0.515742626,-0.641821345,-0.841737232,0.22854278,-0.762554373,0.543955228,-0.536782631,-0.31741701,2.428371657,-0.708925369,-0.266206953,-0.363177581,-0.468499685,-0.703741026,-0.742621893,-0.441941738,-0.422158527,-0.2786656
0,0.622699849,1.975741079,-2.54301798,-0.985794529,0.136725514,-1.124646773,0.842341278,0.821335696,-1.056464736,-0.213744709,-0.637153716,-0.173459411,-0.313732335,0.05883679,1.11934049,1.225965586,1.354327826,-1.04538138,-0.626629961,-1.09454844,0.944003491,-0.262798145,-1.446806257,-0.515742626,0.104227398,0.22813439,-0.494290199,0.80876979,1.500986459,-0.536782631,-0.31741701,-0.2786656,0.167564178,-0.266206953,-0.363177581,-0.468499685,0.309050292,-0.742621893,-0.441941738,-0.422158527,-0.2786656
0,0.622699849,0.27532547,1.306775381,-0.854989663,0.416115133,0.920044638,0.511050327,0.341760684,1.035836193,-0.223588788,1.190631854,0.871567,-0.313732335,-0.603832133,-0.470047922,-0.235405759,0.020164307,-1.04538138,-1.252358387,-0.034044208,-0.838522029,-0.078915491,0.186474157,0.873188011,-0.641821345,0.22813439,0.951375759,-0.238779652,-1.097553036,0.536782631,1.954620538,-0.2786656,1.044053725,-0.266206953,0.551491883,-0.468499685,-0.703741026,0.753623699,-0.441941738,-0.422158527,-0.2786656
0,0.622699849,1.191384137,0.383902822,-0.662376599,0.466847993,-0.641137391,-0.619652911,0.350355936,-0.368935872,-0.836938073,-0.637153716,-0.196043338,-0.313732335,0.099968156,-0.158335351,1.416754149,-0.657124366,-1.04538138,0.904724052,-0.698883879,0.24492096,-0.273633219,-0.829621953,0.178722692,-0.641821345,1.298006011,0.22854278,0.80876979,-0.224706056,-0.536782631,-0.31741701,-0.2786656,1.044053725,-0.266206953,-0.363177581,-0.468499685,-0.197345367,0.005500903,-0.441941738,0.773957299,-0.2786656
0,-1.605910137,-0.959744043,0.022016104,0.007847239,-0.496652661,-0.212473851,-0.611542726,-0.459590913,0.200871678,1.320617852,-0.637153716,0.375529262,-0.313732335,-0.603832133,-1.352064098,1.41897107,-0.657124366,-0.199257835,-0.542611284,0.709571746,-0.827418801,-0.431684528,-0.678203709,-0.515742626,-0.641821345,0.22813439,-0.494290199,-0.762554373,-0.866311397,-0.536782631,-0.31741701,-0.2786656,0.167564178,-0.266206953,-0.363177581,0.454919984,-0.703741026,0.753623699,-0.441941738,1.970073125,-0.2786656
0,-1.605910137,2.010861539,0.353393808,1.25647171,-0.745506861,-0.186494245,-0.648140796,-0.6403558,0.377498222,-0.635113843,-0.637153716,-0.767615937,-0.313732335,-0.838432229,0.496737052,-1.130382703,-0.657124366,-0.550312953,-0.139411935,1.682400373,0.269975386,-0.179171347,0.739087829,-1.210207945,0.104227398,3.437749254,-1.217123178,1.332544511,-0.652086577,-0.536782631,-0.31741701,-0.2786656,-0.708925369,-0.266206953,-0.363177581,-0.468499685,0.815445951,-0.742621893,-0.441941738,-0.422158527,7.842446172
0,0.622699849,0.284105585,0.460867238,-0.447936077,0.297377909,0.413510999,0.590883875,0.441981988,-0.230664008,-0.225956737,-0.637153716,0.80747002,-0.313732335,0.400881125,-0.3906072,0.999890239,-0.657124366,-0.550312953,0.724927923,0.495427534,-0.827418801,-0.159184402,0.102476878,1.567653329,-0.641821345,0.22813439,1.192320086,-0.238779652,-0.765101418,0.536782631,-0.31741701,-0.2786656,0.167564178,2.147402753,-0.363177581,-0.468499685,-0.703741026,0.753623699,-0.441941738,-0.422158527,-0.2786656
0,0.622699849,1.378693257,0.391985216,-0.073873095,-0.122242359,0.826151786,-0.617496321,-0.194602223,0.47008264,-0.297637589,0.223383527,0.398113189,-0.313732335,-1.039875889,-0.301863558,0.912420001,1.361646176,-1.04538138,1.309102881,-1.09454844,-1.084652684,-0.605880557,-0.45263557,0.178722692,-0.641821345,1.298006011,-0.735234525,0.80876979,-1.012780769,0.536782631,-0.31741701,2.428371657,-0.708925369,-0.266206953,-0.363177581,-0.468499685,1.828237268,0.005500903,-0.441941738,-0.422158527,-0.2786656
0,-1.605910137,-0.959744043,0.19697125,-0.169563538,-0.30207036,0.957845656,-0.611551142,-0.440532679,0.168571603,1.251827518,-0.637153716,0.375529262,-0.313732335,-0.838432229,-0.928129763,1.348150015,0.057825872,0.748657895,-0.550932587,0.255839642,-0.827418801,-0.112431124,-0.587184985,-0.515742626,-0.641821345,0.22813439,-0.253345873,-0.762554373,-0.740565125,-0.536782631,-0.31741701,-0.2786656,0.167564178,-0.266206953,-0.363177581,0.454919984,-0.703741026,0.753623699,-0.441941738,0.773957299,-0.2786656
0,-1.605910137,-0.959744043,0.402222134,1.417692242,-0.464596951,0.390830392,0.842257065,-0.635881376,1.245820009,0.483937254,2.0195518,-0.767615937,-0.313732335,-0.59124138,-1.822179508,0.371430086,1.374741655,-0.550312953,-0.536074166,0.768176484,-1.084652684,-0.732110239,-0.184102071,-1.210207945,0.104227398,0.22813439,-0.735234525,-0.238779652,-0.583573836,-0.536782631,-0.31741701,-0.2786656,-0.708925369,-0.266206953,-0.363177581,-0.006789851,-0.197345367,2.24986929,2.563262082,3.166188951,-0.2786656
0,0.622699849,0.588482905,-1.327447742,0.451493467,-0.053295914,-0.40299098,4.265266274,0.691401525,-1.104797924,-0.004697864,-0.637153716,-0.767615937,-0.313732335,-1.307632422,0.80220575,0.507741467,2.142723503,2.008874584,0.43177008,-1.09454844,1.012834231,-0.346981168,-1.493471411,0.873188011,-0.641821345,-0.841737232,-0.494290199,-0.238779652,0.265975248,-0.536782631,-0.31741701,-0.2786656,0.167564178,-0.266206953,-0.363177581,-0.468499685,-0.703741026,0.005500903,-0.441941738,-0.422158527,-0.2786656
0,0.622699849,-0.298308712,1.170487357,-0.73515645,0.219090397,0.174333652,0.842257088,0.389248419,-0.56586854,-0.25288454,0.256595574,1.876845679,-0.313732335,-0.122041187,-0.385567016,0.066855381,0.653617411,-0.072090371,0.494296864,-0.749690323,-0.373926835,-0.755401944,-1.365649464,0.178722692,-0.641821345,-0.841737232,0.22854278,0.284995069,0.634286917,-0.536782631,1.954620538,-0.2786656,1.044053725,-0.266206953,-0.363177581,-0.468499685,-0.197345367,-0.742621893,1.060660172,-0.422158527,-0.2786656
0,-1.605910137,1.732824563,-0.85067004,-0.361039184,0.043035709,-1.124646773,-0.620512406,-0.880461513,-0.01123576,0.123622256,2.896232592,-0.767615937,-0.313732335,-0.302919163,0.695694049,1.680643223,2.766980567,0.397602777,-0.536074166,-0.784938978,0.750486475,0.116279054,0.264249417,-1.210207945,-0.641821345,-0.841737232,1.674208738,-0.762554373,0.433328088,-0.536782631,-0.31741701,-0.2786656,-0.708925369,-0.266206953,-0.363177581,-0.468499685,-0.703741026,2.24986929,-0.441941738,4.362304777,-0.2786656
0,0.622699849,-0.959744043,0.545904779,0.987390143,-0.649484281,1.411457867,0.842257011,-0.016480969,1.362692815,0.422466863,-0.637153716,-0.196043338,-0.313732335,-0.630041365,-0.567364425,-0.729931101,0.737722092,0.440246913,-1.252358387,-0.419354399,-0.025364293,-1.081850873,-0.413506404,-0.515742626,0.104227398,0.22813439,-1.458067504,-0.238779652,-0.021038791,-0.536782631,-0.31741701,-0.2786656,0.167564178,-0.266206953,2.38083081,-0.468499685,-0.197345367,0.005500903,-0.441941738,-0.422158527,-0.2786656
0,0.622699849,-0.959744043,0.188214125,-0.558000242,0.181756036,-1.219492959,-0.614804097,0.07695679,0.218203959,-0.690478226,6.647450416,-0.767615937,-0.313732335,-0.838432229,-0.80950135,-0.164584704,4.08389635,-1.04538138,-0.201111778,-0.023689837,-1.084652684,-1.150929244,-0.905490462,2.262118648,-0.641821345,1.298006011,-0.494290199,0.80876979,-0.782964623,1.610347894,-0.31741701,7.842446172,-0.708925369,-0.266206953,-0.363177581,-0.468499685,0.309050292,2.24986929,1.060660172,0.773957299,-0.2786656
0,0.622699849,0.014848724,0.656880383,-1.712744477,1.37067847,-0.879283802,0.583273652,0.102089118,-0.293305042,-0.734921269,-0.637153716,0.969685789,3.896865058,2.109394673,-0.589564196,1.670532266,-0.657124366,-0.550312953,0.323868901,-0.190966444,0.839273806,0.555452409,-0.097300434,1.567653329,-0.641821345,-0.841737232,2.637986044,0.284995069,0.795100308,0.536782631,-0.31741701,-0.2786656,1.920543272,2.147402753,-0.363177581,-0.468499685,-0.703741026,0.005500903,-0.441941738,-0.422158527,-0.2786656
0,-1.605910137,0.661650531,0.008238879,-0.898785203,0.441202428,-0.026970333,-0.396262921,0.689671523,0.247447709,-1.334314796,0.223383527,-0.767615937,2.13223476,-1.307632422,0.22762541,-0.669563258,2.082770419,-0.199257835,-0.128395578,0.60069776,-0.377279703,-0.284554958,-0.233512235,-1.210207945,-0.641821345,1.298006011,0.469487107,0.80876979,0.37752005,-0.536782631,-0.31741701,-0.2786656,-0.708925369,-0.266206953,2.38083081,-0.468499685,-0.197345367,2.24986929,-0.441941738,-0.422158527,2.428371657
0,0.622699849,1.466494408,-0.57806932,-0.497855055,1.649365265,-0.204535636,7.886613656,0.69909431,-1.062093108,0.552149822,0.246192861,-0.767615937,-0.313732335,-1.307632422,2.476281427,-0.124869703,1.374741655,0.149287483,-0.091294627,-1.09454844,3.287262624,-1.081850873,-1.353475948,1.567653329,-0.641821345,-0.841737232,-0.253345873,-0.762554373,0.194656068,-0.536782631,-0.31741701,2.428371657,-0.708925369,-0.266206953,-0.363177581,-0.468499685,-0.703741026,0.005500903,-0.441941738,-0.422158527,-0.2786656
0,0.622699849,0.149477154,0.897176799,-0.261569281,0.682848952,0.526360867,0.842257111,-0.124157162,0.65534526,-0.517323025,-0.637153716,1.396728187,-0.313732335,-0.155197623,-0.986344409,0.961776454,0.057825872,0.389179855,-1.252358387,0.945555878,-0.345154696,-1.081850873,-0.713496682,-0.515742626,0.104227398,0.22813439,0.22854278,0.80876979,0.090987114,-0.536782631,-0.31741701,-0.2786656,0.167564178,-0.266206953,1.466161346,-0.468499685,-0.703741026,-0.742621893,-0.441941738,-0.422158527,-0.2786656
0,0.622699849,0.983588081,1.960718857,-1.863854937,3.325807655,-2.427235474,-0.417353188,-0.058986191,0.372877557,-1.457786526,1.150344864,4.180821646,-0.313732335,-0.838432229,2.429197405,3.98576211,-0.657124366,1.387846144,4.878282358,2.513691932,-0.087920813,-0.164281771,0.075951424,1.567653329,-0.641821345,3.437749254,2.156097391,3.427643395,2.373076146,-0.536782631,4.226658085,-0.2786656,2.797032819,4.561012458,-0.363177581,-0.468499685,0.309050292,2.24986929,-0.441941738,4.362304777,2.428371657
0,0.622699849,0.884080111,1.113639693,-1.308906388,1.270134893,-0.683163226,-0.417605349,-0.159480245,0.442632876,-1.564085111,-0.637153716,3.105630298,-0.313732335,-0.805275793,0.702399542,1.516467941,0.690134632,0.422978057,0.717207917,0.79959109,0.710970995,0.493266303,-0.21081027,-0.515742626,-0.641821345,1.298006011,1.433264412,1.856319232,0.201738985,0.536782631,-0.31741701,-0.2786656,-0.708925369,-0.266206953,-0.363177581,-0.468499685,-0.703741026,0.753623699,-0.441941738,-0.422158527,-0.2786656
0,0.622699849,1.674290463,0.794248366,-1.142891124,1.510415648,-0.677775302,-0.604990122,-0.548561575,0.866332891,0.356167529,1.295627273,-0.767615937,-0.313732335,-0.504362823,1.395882187,1.7941781,-0.657124366,0.439823903,-0.444721215,-0.313573688,-1.084652684,2.485348995,2.175883384,2.262118648,-0.641821345,2.367877633,0.22854278,-0.238779652,-0.988770127,4.831043681,-0.31741701,-0.2786656,-0.708925369,-0.266206953,-0.363177581,-0.468499685,-0.703741026,3.746114882,-0.441941738,0.773957299,-0.2786656
0,0.622699849,-0.959744043,0.483866299,0.160339323,0.01481811,-0.40299098,0.842257051,0.537963701,-0.49135764,-0.533419419,-0.637153716,-0.767615937,-0.313732335,-0.155197623,0.90330974,-0.700599495,-0.657124366,0.113043124,2.016302839,-1.09454844,-0.827418801,-0.240323814,-0.944258436,0.178722692,-0.641821345,0.22813439,-0.735234525,0.284995069,0.696180026,0.536782631,-0.31741701,-0.2786656,0.167564178,-0.266206953,-0.363177581,-0.468499685,-0.197345367,-0.742621893,-0.441941738,-0.422158527,-0.2786656
0,-1.605910137,-0.959744043,0.257941403,-0.893521203,-0.137230934,0.232066115,-0.611539982,-0.437849058,0.116089081,1.012556577,-0.637153716,0.375529262,-0.313732335,-0.838432229,-0.693072058,1.312739488,-0.657124366,-0.199257835,-0.196059035,0.313907184,-0.827418801,0.312221454,-0.113516121,-0.515742626,-0.641821345,0.22813439,0.469487107,-0.762554373,-0.512076469,-0.536782631,-0.31741701,-0.2786656,0.167564178,-0.266206953,-0.363177581,0.454919984,-0.703741026,1.501746494,-0.441941738,0.773957299,-0.2786656
0,0.622699849,-0.567565573,0.270491083,0.27976116,-0.266565334,-0.567229886,-0.640278258,-0.478645061,-0.526568505,0.212919853,-0.637153716,-0.767615937,-0.313732335,0.768106969,-0.458902213,-1.130382703,0.020164307,-1.04538138,-0.218933422,-0.749690323,-0.586286749,1.334923029,-0.513503164,0.873188011,-0.641821345,-0.841737232,-0.976178852,-0.238779652,0.427946853,-0.536782631,1.954620538,2.428371657,1.044053725,-0.266206953,-0.363177581,-0.468499685,-0.197345367,-0.742621893,-0.441941738,-0.422158527,-0.2786656
0,0.622699849,-0.959744043,1.181778101,-1.533110389,3.771606837,-2.980575666,-0.638875427,0.0286139,0.498797212,3.647813684,-0.637153716,-0.767615937,-0.313732335,2.910905841,1.597268712,-0.23978005,-0.657124366,2.420097613,-0.852399804,3.784937396,-0.055717152,4.716033435,1.40578949,2.262118648,-0.641821345,0.22813439,2.156097391,-1.286329094,-0.379238371,0.536782631,-0.31741701,-0.2786656,2.797032819,-0.266206953,-0.363177581,0.454919984,-0.703741026,-0.742621893,-0.441941738,-0.422158527,-0.2786656
0,-1.605910137,-0.959744043,-0.480436276,-1.278022666,-0.575543306,-1.792178379,-0.61900168,1.182395431,-2.046709963,2.360978841,-0.637153716,-0.767615937,-0.313732335,1.309858122,-0.061234139,-0.665188967,-0.657124366,-1.04538138,-0.44085136,-1.09454844,2.18999364,-0.200245561,0.186474157,-1.210207945,-0.641821345,-0.841737232,1.915153065,-1.810103816,1.047234324,-0.536782631,-0.31741701,-0.2786656,-0.708925369,-0.266206953,-0.363177581,4.148598663,-0.703741026,0.005500903,-0.441941738,-0.422158527,-0.2786656
0,0.622699849,-0.959744043,-0.22945144,0.917556451,-0.022072625,0.365223251,0.585744425,-0.130795423,-0.041427695,-0.825033294,-0.637153716,-0.767615937,-0.313732335,-0.383573611,0.939410449,-0.760732042,1.374741655,0.692255376,-0.082709249,-1.09454844,-0.827418801,0.555762615,-0.163514502,0.178722692,-0.641821345,1.298006011,-0.253345873,0.284995069,0.113117888,-0.536782631,-0.31741701,2.428371657,0.167564178,-0.266206953,-0.363177581,-0.468499685,-0.197345367,0.753623699,-0.441941738,-0.422158527,-0.2786656
0,0.622699849,1.050902297,0.641119025,-1.31946175,1.12091708,-0.694598831,-0.639114958,-0.762036663,0.298111313,-0.904568264,-0.637153716,-0.173459411,-0.313732335,1.548691405,0.539543255,0.990745028,-0.657124366,-0.055244525,0.236223371,-0.737225808,0.1652457,0.247719438,0.186474157,2.956583967,0.104227398,0.22813439,1.433264412,0.80876979,-0.457907748,0.536782631,-0.31741701,-0.2786656,1.920543272,-0.266206953,-0.363177581,-0.468499685,0.309050292,-0.742621893,-0.441941738,-0.422158527,2.428371657
0,0.622699849,0.39824708,1.324345773,-0.569210999,0.468767049,0.787741076,0.842257101,0.58950594,-0.738187336,0.12973109,0.256595574,2.519178939,-0.313732335,-0.858997913,-0.499155246,0.612057085,1.995099281,-0.558735876,-0.143447804,0.321168281,0.616398739,0.088795502,-0.386234558,0.873188011,-0.641821345,-0.841737232,0.710431433,-0.238779652,-0.094407117,-0.536782631,-0.31741701,-0.2786656,1.920543272,2.147402753,-0.363177581,-0.468499685,-0.703741026,0.005500903,-0.441941738,0.773957299,-0.2786656
0,0.622699849,-0.959744043,2.094529732,-1.631616322,0.92166923,-0.614676676,-0.417437115,-1.939310369,2.089471883,-1.07954641,2.137387192,-0.244220071,-0.313732335,2.92582694,0.317174551,-0.700599495,-0.657124366,1.345816934,0.694629491,3.154946321,-0.749672316,0.318568394,1.512746975,0.178722692,2.342373628,-0.841737232,2.637986044,0.284995069,1.696145315,1.610347894,-0.31741701,-0.2786656,-0.708925369,-0.266206953,0.551491883,1.378339654,1.828237268,0.005500903,2.563262082,-0.422158527,-0.2786656
0,0.622699849,-0.959744043,-0.503622961,0.962419051,-0.485950809,-0.769370074,-0.631812213,-1.191136856,0.049008784,0.219911019,-0.637153716,-0.196043338,-0.313732335,0.956216376,0.762007246,-0.738657409,-0.657124366,-0.466169128,-0.905806138,0.548925213,1.495546668,2.03628497,-0.338508833,-0.515742626,0.104227398,-0.841737232,-0.735234525,-0.238779652,0.88353431,-0.536782631,-0.31741701,-0.2786656,-0.708925369,-0.266206953,-0.363177581,-0.468499685,-0.197345367,-0.742621893,-0.441941738,-0.422158527,-0.2786656
0,-1.605910137,-0.959744043,0.163359866,-1.105130557,0.053503286,-0.835984455,-0.618013172,-1.820276411,1.24745624,-1.030942653,0.251375567,-0.767615937,-0.313732335,1.449315272,0.914537247,-1.130382703,-0.657124366,1.345816934,0.245106637,2.788824545,-0.079711579,0.326862278,1.726424262,-1.210207945,2.342373628,-0.841737232,0.951375759,0.284995069,1.710845708,-0.536782631,-0.31741701,-0.2786656,-0.708925369,-0.266206953,-0.363177581,-0.006789851,1.828237268,0.005500903,1.060660172,-0.422158527,-0.2786656
0,0.622699849,0.541655625,0.576988829,-1.593230306,2.233829945,-2.454713907,-0.618210207,-0.152618319,0.260928637,-1.186156222,-0.637153716,0.375529262,-0.313732335,1.974263887,1.873713227,0.721643659,-0.657124366,-0.055244525,1.871377633,0.006390146,3.534285178,1.845504566,0.270471435,1.567653329,-0.641821345,2.367877633,1.674208738,1.332544511,1.588876992,-0.536782631,-0.31741701,-0.2786656,2.797032819,4.561012458,-0.363177581,-0.468499685,-0.703741026,0.753623699,-0.441941738,1.970073125,-0.2786656
0,0.622699849,0.960174441,0.620375353,-1.74109668,2.173556636,-1.795231535,-0.618165695,0.501124242,0.167704807,-1.444726864,-0.637153716,1.563842315,-0.313732335,1.405594384,0.481328608,3.185459302,3.998499778,-0.055244525,0.288613271,-0.303219317,2.481038581,0.64733555,-0.28493914,1.567653329,-0.641821345,2.367877633,1.192320086,2.903868674,1.779937556,-0.536782631,4.226658085,-0.2786656,2.797032819,4.561012458,-0.363177581,-0.468499685,1.828237268,1.501746494,-0.441941738,1.970073125,-0.2786656
0,0.622699849,-0.538298522,0.958486698,-1.180816133,1.165818004,-0.889004062,-0.645563793,-0.368619379,0.861170357,-0.901515307,-0.637153716,-0.173459411,-0.313732335,1.004931976,0.490275197,-0.26865105,-0.657124366,0.892820418,-0.044762632,-0.059974088,0.426546953,0.469952275,1.119777249,1.567653329,1.596324885,0.22813439,1.674208738,0.80876979,-0.745901813,-0.536782631,-0.31741701,-0.2786656,2.797032819,-0.266206953,-0.363177581,-0.468499685,-0.197345367,-0.742621893,1.060660172,-0.422158527,-0.2786656
0,0.622699849,-0.225141087,1.225249733,-0.60917257,0.371483375,0.240647968,-0.405688373,-0.018775934,0.881378774,-0.734488166,1.129539439,-0.244220071,1.316912395,-0.53751926,-0.373533446,1.860764656,0.697452982,-0.558735876,0.927943483,0.593436663,-0.36906631,-0.516244958,-0.136592299,1.567653329,0.104227398,0.22813439,0.469487107,0.80876979,-0.322975957,2.683913156,-0.31741701,-0.2786656,0.167564178,-0.266206953,1.466161346,-0.468499685,0.309050292,0.753623699,-0.441941738,-0.422158527,-0.2786656
0,0.622699849,1.012855131,1.82328411,-1.705674618,2.208358839,-1.428852441,-0.406830467,0.208683403,1.03978717,-1.606223712,-0.637153716,1.563842315,-0.313732335,0.936394191,1.85159929,1.899422966,3.290471014,0.892820418,1.965463526,0.034377704,-0.087920813,0.516349455,0.057906894,1.567653329,1.596324885,1.298006011,0.951375759,3.427643395,1.998795227,-0.536782631,4.226658085,-0.2786656,2.797032819,4.561012458,1.466161346,-0.468499685,2.334632927,0.753623699,-0.441941738,1.970073125,2.428371657
0,0.622699849,-0.959744043,0.103624498,-0.290376454,0.237303982,-0.675158306,0.590858796,-0.300230182,-0.661789326,-0.000589296,-0.637153716,0.80747002,-0.313732335,0.199437466,-0.053994835,0.211144878,2.00087641,-1.04538138,-0.185671767,-0.157931426,0.389882217,0.14001912,-0.944258436,0.178722692,-0.641821345,-0.841737232,-0.253345873,0.284995069,-0.043089381,-0.536782631,1.954620538,-0.2786656,1.044053725,-0.266206953,-0.363177581,-0.468499685,-0.197345367,0.005500903,-0.441941738,0.773957299,-0.2786656
0,0.622699849,0.175817499,0.887629709,-0.415101597,0.18365017,-0.40299098,0.842257081,1.096910424,-0.16504458,-0.397089419,-0.637153716,0.327352529,-0.313732335,-0.858997913,-0.586477215,0.01544022,0.697452982,-0.558735876,-0.874479088,1.330502018,-0.071818983,-1.081850873,-1.513470764,0.873188011,-0.641821345,-0.841737232,-0.253345873,-0.238779652,0.698701367,-0.536782631,-0.31741701,-0.2786656,1.920543272,-0.266206953,2.38083081,-0.468499685,-0.703741026,0.005500903,-0.441941738,-0.422158527,-0.2786656
0,0.622699849,-0.040758671,0.438382835,0.329244087,0.032079644,-0.258659823,-0.405690641,0.161632491,0.876415447,-0.82575663,1.129539439,0.398113189,1.316912395,-0.369232037,0.25635127,0.043526882,2.023564804,-0.466169128,0.957742773,0.255839642,-0.127934258,-0.718218092,-1.038486154,0.178722692,0.104227398,0.22813439,-0.253345873,0.80876979,0.279169965,-0.536782631,-0.31741701,-0.2786656,0.167564178,-0.266206953,1.466161346,-0.468499685,-0.197345367,0.753623699,-0.441941738,-0.422158527,-0.2786656
0,0.622699849,0.32215275,0.468964623,-0.390319093,0.756092089,0.526360867,0.590872007,0.159351551,0.622686654,-0.406891802,0.2566942,1.951123635,0.633118763,-1.039875889,0.183903934,0.043526882,0.720874722,0.481895815,-0.844679798,1.514359415,0.213284605,0.820377056,0.348007383,-0.515742626,-0.641821345,0.22813439,0.469487107,0.284995069,-0.044684151,-0.536782631,-0.31741701,-0.2786656,0.167564178,-0.266206953,2.38083081,-0.468499685,-0.703741026,0.005500903,-0.441941738,-0.422158527,-0.2786656
0,0.622699849,-0.959744043,0.639061782,-1.309239625,0.911361158,-0.920700568,-0.622734678,0.086453114,-0.0454317,-0.646302582,0.377917952,-0.196043338,-0.313732335,2.277681896,0.476288425,-0.275190577,0.020164307,0.608111552,0.721058067,-1.09454844,-0.312951035,0.624764796,-0.097300434,1.567653329,-0.641821345,0.22813439,2.156097391,0.284995069,0.092572974,0.536782631,-0.31741701,-0.2786656,1.920543272,-0.266206953,-0.363177581,-0.468499685,-0.703741026,0.005500903,-0.441941738,-0.422158527,-0.2786656
0,0.622699849,-0.959744043,0.862349954,-1.500417021,2.333820235,-1.135749168,-0.610639115,-0.515824955,0.895144059,-0.369403389,0.251375567,-0.196043338,-0.313732335,1.440990649,1.808914708,0.588750129,-0.657124366,1.925029186,2.694422407,-0.426200919,-1.084652684,1.436665695,1.215852568,0.873188011,0.104227398,2.367877633,-0.012401546,0.284995069,0.917781771,2.683913156,-0.31741701,-0.2786656,-0.708925369,-0.266206953,-0.363177581,2.301759324,0.815445951,2.997992086,4.065863992,3.166188951,2.428371657
0,0.622699849,-0.959744043,0.902480484,-1.59344563,2.553405094,-1.103421603,-0.610622822,-0.520637,0.896823333,-0.37738567,0.251375567,-0.196043338,-0.313732335,1.440990649,1.808914708,1.519137601,-0.657124366,1.925029186,2.694422407,-0.426200919,-1.084652684,1.463178561,1.256250815,0.873188011,0.104227398,2.367877633,0.710431433,0.284995069,0.925176514,2.683913156,-0.31741701,-0.2786656,-0.708925369,-0.266206953,-0.363177581,2.301759324,0.815445951,3.746114882,4.065863992,3.166188951,2.428371657
0,0.622699849,-0.216360972,0.974745376,0.146202286,0.156843201,0.895989445,0.579989928,-0.650223936,1.249684739,-0.215907685,1.023120357,0.349936456,-0.313732335,-1.307632422,0.070365082,0.489842223,0.057825872,0.389179855,0.325396662,0.583291659,-0.586286749,-1.081850873,-0.713496682,-0.515742626,0.104227398,0.22813439,-0.735234525,0.284995069,-0.262267788,-0.536782631,-0.31741701,-0.2786656,0.167564178,-0.266206953,2.38083081,-0.468499685,-0.703741026,-0.742621893,-0.441941738,-0.422158527,-0.2786656
0,0.622699849,0.980661376,0.843874254,-1.739179941,2.178461444,-1.062473347,-0.618175593,0.079475943,0.350836235,-1.485841513,-0.637153716,1.563842315,-0.313732335,1.104681415,1.029908141,2.800939437,2.657017909,-0.055244525,1.450542402,-0.303219317,1.673076593,0.324995502,-0.28493914,1.567653329,-0.641821345,2.367877633,1.192320086,2.903868674,1.608655702,-0.536782631,4.226658085,-0.2786656,2.797032819,4.561012458,-0.363177581,-0.468499685,2.334632927,2.24986929,-0.441941738,3.166188951,-0.2786656
0,0.622699849,-0.959744043,-0.668637035,0.274214234,-0.655510615,0.839512033,-0.621074863,-0.957175542,0.45650617,0.0712143,-0.637153716,-0.767615937,-0.313732335,-0.09276266,0.355706809,-1.130382703,0.697452982,-0.550312953,-0.525584744,0.59717558,0.842734952,0.660500012,0.686457957,-0.515742626,0.104227398,0.22813439,-0.494290199,-0.238779652,0.71963829,-0.536782631,-0.31741701,2.428371657,-0.708925369,-0.266206953,-0.363177581,0.454919984,0.815445951,0.005500903,-0.441941738,-0.422158527,-0.2786656
0,0.622699849,-0.959744043,0.531447378,-0.332435138,0.411524352,-0.531718769,-0.396678845,-1.801226902,1.308550656,-0.833314053,-0.637153716,-0.767615937,-0.313732335,-0.537145955,1.09642049,0.053519488,-0.657124366,1.840885361,1.418459743,-1.09454844,-0.23520455,-0.256704545,0.730900963,0.178722692,1.596324885,0.22813439,-0.976178852,0.80876979,1.093963756,-0.536782631,-0.31741701,-0.2786656,1.044053725,-0.266206953,5.124839201,-0.468499685,1.828237268,-0.742621893,-0.441941738,-0.422158527,-0.2786656
0,0.622699849,-0.959744043,-0.067545092,0.411231906,-0.366007322,0.655437513,-0.621070065,-1.04584173,0.60130088,-0.02954342,-0.637153716,-0.767615937,-0.313732335,0.48886779,-0.131482355,-1.130382703,0.697452982,-0.550312953,0.265944265,0.33474209,0.883748725,1.090570905,1.061445805,-0.515742626,0.104227398,0.22813439,-0.012401546,-0.238779652,0.954933674,-0.536782631,-0.31741701,2.428371657,-0.708925369,-0.266206953,-0.363177581,-0.468499685,0.815445951,0.005500903,1.060660172,-0.422158527,-0.2786656
0,0.622699849,-0.959744043,-0.729282956,0.111565434,-0.72542905,0.46299597,-0.631887029,-0.757014696,-0.555542979,1.302351792,-0.637153716,-0.196043338,-0.313732335,0.833796692,0.099190599,-1.130382703,-0.657124366,-0.592384865,-1.252358387,0.935846996,0.84320198,1.033762154,-0.023519039,-0.515742626,0.104227398,-0.841737232,-0.253345873,-1.286329094,0.660302158,-0.536782631,-0.31741701,-0.2786656,-0.708925369,-0.266206953,-0.363177581,3.686888828,-0.703741026,-0.742621893,-0.441941738,-0.422158527,-0.2786656
0,-1.605910137,-0.959744043,-0.569363182,-0.712089734,-0.575323985,-2.585999746,-0.649409631,0.575809042,-2.231867803,3.122491632,-0.637153716,-0.767615937,-0.313732335,0.494359268,1.114054388,-1.130382703,-0.657124366,-1.04538138,-0.852399804,0.503360833,1.76611554,1.414727933,0.642981104,-1.210207945,-0.641821345,-0.841737232,1.433264412,-1.810103816,1.506109323,-0.536782631,-0.31741701,-0.2786656,-0.708925369,-0.266206953,-0.363177581,3.225178993,-0.703741026,-0.742621893,1.060660172,-0.422158527,-0.2786656
0,0.622699849,1.519175098,1.361871669,-1.491923285,0.925238176,-0.508833828,-0.396972812,0.490782277,-0.064289494,0.016909008,1.139942151,0.850748395,-0.313732335,0.569168349,-0.340218594,1.500719957,1.330906086,0.507121881,-0.527926838,0.699217374,-0.827418801,-1.046031566,-0.732246076,0.178722692,-0.641821345,-0.841737232,1.433264412,0.284995069,0.630197534,-0.536782631,-0.31741701,-0.2786656,0.167564178,-0.266206953,2.38083081,-0.468499685,-0.703741026,0.005500903,-0.441941738,0.773957299,-0.2786656
0,-1.605910137,-0.072952426,0.189626918,-1.401933536,0.447792017,-0.647243708,-0.618532321,-0.291182789,-0.087000161,-0.657200953,-0.637153716,-0.196043338,-0.313732335,1.501547283,1.571248368,-0.738657409,0.697452982,2.177460659,-0.547664028,2.073642083,1.501341946,2.467808845,0.846452772,-1.210207945,-0.641821345,0.22813439,1.915153065,-0.238779652,2.507321918,-0.536782631,-0.31741701,-0.2786656,-0.708925369,-0.266206953,-0.363177581,-0.468499685,-0.197345367,0.753623699,-0.441941738,-0.422158527,-0.2786656
0,0.622699849,-0.959744043,-1.448040651,0.676183802,-0.795128164,0.504233441,-0.640754841,-0.757014691,-0.555885117,1.27821447,-0.637153716,-0.767615937,-0.313732335,1.284294615,-0.090013746,-0.665188967,-0.657124366,-0.592384865,-0.915053904,0.907859438,1.137168576,1.12578122,0.186474157,-0.515742626,0.104227398,-0.841737232,-0.253345873,-1.286329094,0.619185604,0.536782631,-0.31741701,-0.2786656,-0.708925369,-0.266206953,-0.363177581,3.686888828,-0.703741026,-0.742621893,-0.441941738,-0.422158527,-0.2786656
0,0.622699849,0.231424894,0.538968734,-0.284674743,0.440908338,-0.016807611,-0.396670519,0.417923534,0.16275321,-0.428785986,0.329236778,0.935183213,-0.313732335,-0.838432229,-0.179616634,1.434273192,-0.657124366,-0.558735876,0.25763105,0.641149833,-0.350157507,-0.722539575,-0.27003279,0.178722692,-0.641821345,0.22813439,-0.012401546,0.284995069,0.370526226,-0.536782631,4.226658085,-0.2786656,1.044053725,-0.266206953,5.124839201,-0.468499685,-0.703741026,0.753623699,-0.441941738,-0.422158527,-0.2786656
0,0.622699849,-0.959744043,0.838927639,-1.373529783,1.784740953,-0.737231559,-0.608924944,-0.381592722,1.082313556,-0.253358699,-0.637153716,-0.196043338,0.908009424,0.416081902,1.418800165,1.018533337,-0.657124366,1.429960758,2.294463823,-0.030536357,-0.766354309,1.512812144,1.331891591,0.873188011,0.104227398,2.367877633,0.22854278,0.284995069,0.231050678,2.683913156,-0.31741701,-0.2786656,-0.708925369,-0.266206953,-0.363177581,1.378339654,0.815445951,2.997992086,2.563262082,3.166188951,2.428371657
0,-1.605910137,-0.959744043,0.248547159,-1.029853891,0.023575983,-1.413309087,-0.648876644,-0.314795586,-0.429758984,-0.363629325,1.13990485,-0.767615937,-0.313732335,2.890445593,-0.095381646,-1.130382703,-0.657124366,0.439823903,0.535011786,2.07417928,0.884215753,1.564613829,0.660652342,-1.210207945,0.104227398,-0.841737232,1.915153065,-0.762554373,2.24393542,-0.536782631,-0.31741701,-0.2786656,-0.708925369,-0.266206953,-0.363177581,1.378339654,-0.197345367,-0.742621893,2.563262082,-0.422158527,-0.2786656
0,0.622699849,0.389466965,0.980107443,-1.372689351,1.594639772,-0.662787067,0.590879376,0.594795748,1.374105413,-1.257919243,-0.637153716,1.424210474,-0.313732335,1.066530265,0.315542518,0.925755896,0.035534353,0.0288993,1.468383879,-0.132149246,0.140540931,-0.736040216,-0.128515637,0.873188011,0.850276141,1.298006011,0.22854278,2.380093953,-0.215342351,-0.536782631,-0.31741701,-0.2786656,1.920543272,-0.266206953,-0.363177581,-0.006789851,1.828237268,0.005500903,-0.441941738,-0.422158527,-0.2786656
0,0.622699849,-0.959744043,-0.898584058,0.070275822,-0.146203143,0.708358937,-0.637951884,-1.261832385,0.741058939,-0.37101028,-0.637153716,-0.767615937,-0.313732335,0.664389555,1.338799298,0.123556394,-0.657124366,0.892820418,0.622126328,1.049387355,0.491539619,1.455706457,1.353103024,0.873188011,1.596324885,-0.841737232,-0.012401546,-0.238779652,0.705784283,2.683913156,-0.31741701,-0.2786656,-0.708925369,-0.266206953,-0.363177581,0.916629819,-0.197345367,-0.742621893,-0.441941738,-0.422158527,-0.2786656
0,0.622699849,0.38068685,0.959475135,-0.661405954,1.599748947,-0.050181482,0.590879374,-0.209669085,1.373864667,-1.115385697,-0.637153716,1.995783073,0.908009424,0.227225885,0.500355564,0.977558766,0.712823027,0.39775199,1.713889028,-0.483731262,-0.023424799,0.732375453,0.739087829,0.873188011,1.596324885,1.298006011,0.22854278,1.856319232,-0.364582524,-0.536782631,-0.31741701,-0.2786656,1.920543272,2.147402753,-0.363177581,-0.468499685,1.828237268,1.501746494,-0.441941738,0.773957299,-0.2786656
0,-1.605910137,-0.959744043,0.241509143,-0.794948948,-0.006570641,-1.990633719,-0.648876769,-0.312920322,-0.432598014,-0.178247406,1.13990485,-0.767615937,-0.313732335,1.432759654,1.114054388,-1.130382703,-0.657124366,-1.04538138,0.535011786,0.1460382,1.76611554,1.414914945,-0.152224545,-1.210207945,0.104227398,-0.841737232,1.192320086,-0.762554373,2.137157109,-0.536782631,-0.31741701,-0.2786656,-0.708925369,-0.266206953,-0.363177581,4.148598663,-0.197345367,-0.742621893,2.563262082,-0.422158527,-0.2786656
0,0.622699849,-0.869016188,0.928182186,0.196324926,0.092048895,0.341216555,0.579989922,0.473775525,0.76790925,0.235876536,0.148313599,-0.244220071,-0.313732335,-1.307632422,0.298429401,0.872581573,0.057825872,0.389179855,-0.874479088,1.691509061,-0.827418801,-0.494076677,-0.913490203,-0.515742626,-0.641821345,0.22813439,-0.735234525,-0.238779652,-0.056952297,-0.536782631,-0.31741701,-0.2786656,0.167564178,-0.266206953,2.38083081,-0.468499685,-0.703741026,-0.742621893,-0.441941738,-0.422158527,-0.2786656
0,-1.605910137,-0.359769517,0.486736716,-1.465368924,0.579070395,-0.879283802,0.842257082,0.677703784,-0.751580225,-0.401404562,-0.637153716,-0.767615937,-0.313732335,0.257522454,2.061852231,0.210748247,0.020164307,-0.466169128,0.463520033,-0.16410846,0.84320198,1.005961027,-0.431152892,-1.210207945,-0.641821345,-0.841737232,1.433264412,-0.238779652,2.086917402,-0.536782631,-0.31741701,-0.2786656,-0.708925369,-0.266206953,-0.363177581,1.840049489,-0.197345367,0.753623699,-0.441941738,0.773957299,-0.2786656
0,0.622699849,-0.959744043,-0.851119684,0.04530286,-0.146203143,-0.244226707,-0.637942492,-1.245444227,0.731054557,-0.333568412,-0.637153716,-0.767615937,-0.313732335,0.866579824,1.178374559,0.123556394,-0.657124366,1.387888845,1.390716444,1.002211382,1.096154803,1.039310097,1.353103024,0.873188011,1.596324885,-0.841737232,-0.253345873,-0.238779652,0.641592566,2.683913156,-0.31741701,-0.2786656,-0.708925369,-0.266206953,-0.363177581,1.378339654,-0.197345367,-0.742621893,-0.441941738,-0.422158527,-0.2786656
0,0.622699849,0.2928857,1.569235117,-0.952633574,1.958437944,-0.238752074,0.5908892,-0.209876812,1.660113596,-1.045902397,0.237653042,3.042574806,-0.313732335,0.19981077,0.522797217,1.753203529,0.035534353,-0.097316437,0.325997958,-0.034044208,-0.087920813,0.030540516,0.739087829,0.873188011,1.596324885,1.298006011,-0.012401546,1.856319232,-0.117393186,-0.536782631,-0.31741701,-0.2786656,1.920543272,2.147402753,3.295500274,-0.006789851,1.828237268,1.501746494,-0.441941738,-0.422158527,-0.2786656
0,0.622699849,1.287965402,0.672995294,-1.841304077,2.105876269,-0.2468294,0.8422572,-0.76495612,-0.301734144,-1.441555916,-0.637153716,1.392990458,-0.313732335,0.361239868,1.678170928,0.38901137,0.697452982,0.748807107,0.688326799,0.855406502,1.614396286,0.970792127,-0.326842543,0.873188011,0.104227398,1.298006011,1.674208738,2.380093953,2.022226763,-0.536782631,1.954620538,-0.2786656,1.920543272,-0.266206953,-0.363177581,-0.006789851,-0.197345367,0.753623699,-0.441941738,-0.422158527,-0.2786656
0,0.622699849,-0.579272393,0.477924365,-1.210284437,0.781069723,-0.176184872,0.590872675,-0.451806307,0.356763241,-0.575456015,0.135027414,0.398113189,-0.313732335,1.118388971,0.251311087,-0.346252439,-0.657124366,-1.04538138,1.457914289,-0.419354399,-0.615058888,-0.323955573,-0.423183508,0.178722692,-0.641821345,0.22813439,1.192320086,0.284995069,1.42779632,0.536782631,-0.31741701,-0.2786656,0.167564178,-0.266206953,2.38083081,-0.468499685,-0.703741026,0.005500903,-0.441941738,-0.422158527,-0.2786656
0,0.622699849,-0.959744043,-0.936588134,0.06371131,-0.225951132,0.582442447,-0.638308018,-1.261715206,0.739455199,-0.397555584,-0.637153716,-0.767615937,-0.313732335,0.879914076,1.585562855,-0.306226814,-0.657124366,0.892820418,-0.915053904,1.669680675,0.491539619,1.507716583,1.353103024,0.178722692,1.596324885,-0.841737232,-0.012401546,-0.238779652,1.164258363,1.610347894,-0.31741701,-0.2786656,-0.708925369,-0.266206953,-0.363177581,1.378339654,-0.197345367,-0.742621893,-0.441941738,-0.422158527,-0.2786656
0,0.622699849,-0.959744043,-0.898738077,0.103883111,-0.225951132,0.253964635,-0.638080799,-1.261309378,0.738080556,-0.352060165,-0.637153716,-0.767615937,-0.313732335,1.448210274,0.851610134,-0.270816287,-0.657124366,1.387888845,0.253494795,1.76403262,1.161500355,1.650928484,1.353103024,0.178722692,1.596324885,-0.841737232,-0.012401546,-0.238779652,1.100066646,1.610347894,-0.31741701,-0.2786656,-0.708925369,-0.266206953,-0.363177581,0.916629819,-0.197345367,-0.742621893,-0.441941738,-0.422158527,-0.2786656
0,0.622699849,-0.959744043,-0.893665805,-0.021668989,-0.166081572,-0.08546243,-0.638080675,-1.245351244,0.729429735,-0.275688604,-0.637153716,-0.767615937,-0.313732335,1.440990649,1.052520332,-0.270816287,-0.657124366,1.882957274,1.359389393,0.692064722,2.084413915,2.076109319,1.086444996,0.178722692,1.596324885,-0.841737232,-0.253345873,-0.238779652,1.109866908,1.610347894,-0.31741701,-0.2786656,-0.708925369,-0.266206953,-0.363177581,1.840049489,-0.197345367,-0.742621893,-0.441941738,-0.422158527,-0.2786656
0,0.622699849,-0.959744043,-0.941459138,-0.019738391,-0.305699121,0.107322758,-0.639491783,-1.261191887,0.736497448,-0.378761604,-0.637153716,-0.767615937,-0.313732335,1.663734796,1.098373693,-0.700599495,-0.657124366,1.387888845,-0.915053904,2.38432594,1.161500355,1.702938612,1.353103024,-0.515742626,1.596324885,-0.841737232,-0.012401546,-0.238779652,1.558540726,0.536782631,-0.31741701,-0.2786656,-0.708925369,-0.266206953,-0.363177581,1.378339654,-0.197345367,-0.742621893,-0.441941738,-0.422158527,-0.2786656
0,0.622699849,-0.959744043,-0.936386866,-0.131028607,-0.24582956,-0.238752074,-0.639491719,-1.24522392,0.727829266,-0.29787878,-0.637153716,-0.767615937,-0.313732335,1.656515171,1.299283891,-0.700599495,-0.657124366,1.882957274,-0.177790839,1.312358042,2.084413915,2.131465787,1.086444996,-0.515742626,1.596324885,-0.841737232,-0.253345873,-0.238779652,1.568340988,0.536782631,-0.31741701,-0.2786656,-0.708925369,-0.266206953,-0.363177581,2.301759324,-0.197345367,-0.742621893,-0.441941738,-0.422158527,-0.2786656