target,base_group,MaxEStateIndex,MinEStateIndex,MinAbsEStateIndex,BCUT2D_MWHI,BCUT2D_MRLOW,HallKierAlpha,PEOE_VSA1,PEOE_VSA10,PEOE_VSA12,PEOE_VSA2,PEOE_VSA3,PEOE_VSA5,PEOE_VSA6,PEOE_VSA7,SMR_VSA1,SMR_VSA3,SMR_VSA6,SlogP_VSA1,SlogP_VSA10,SlogP_VSA3,EState_VSA2,VSA_EState1,VSA_EState4,VSA_EState5,VSA_EState8,NumAliphaticHeterocycles,NumAromaticHeterocycles,RingCount,MolLogP,fr_Ar_NH,fr_NH1,fr_allylic_oxid,fr_ether,fr_imidazole,fr_methoxy
1,-1.213559752,-0.634294192,0.434022146,1.717266174,-0.631746698,-0.323661325,0.875183102,-0.809294389,-0.9463765,-0.49763767,-0.468022432,-0.767615937,-0.313732335,0.166281029,-0.790474395,-0.735856666,-0.805428631,-0.947097336,-0.985439939,-0.698919335,-0.201775879,-1.305379516,-0.780950478,0.055428281,-0.069890507,0.115522257,-0.841737232,-0.763505675,-1.286329094,-0.466460704,-0.31741701,-0.708925369,-0.468499685,-0.742621893,-0.250789598,-0.422158527
1,0.824022054,0.656880383,0.256907718,-0.427682585,0.583273652,-0.273174088,-1.165552698,1.166824416,0.125453434,0.214730616,0.167849288,0.969685789,3.896865058,2.109394673,-0.589564196,0.261360131,1.936914362,-0.479922492,1.113304281,0.367657813,1.941463963,0.797098832,-0.549312277,0.778514005,0.039876677,0.555452409,-0.841737232,1.800365233,0.284995069,0.795100308,-0.31741701,1.920543272,-0.468499685,0.005500903,-0.250789598,-0.422158527
1,-1.213559752,0.257941403,0.363521748,-0.653929105,-0.611539982,-1.251770936,-0.401966123,0.304441444,-0.38652125,-0.49763767,0.210692039,0.375529262,-0.313732335,-0.838432229,-0.693072058,0.574321097,-0.332317205,0.40010734,-0.285858532,-0.066320608,0.907723661,1.155688221,-0.115085594,-0.103593346,-0.685507874,0.312221454,0.22813439,-0.763505675,-0.762554373,-0.512076469,-0.31741701,0.167564178,0.454919984,1.501746494,-0.250789598,0.773957299
1,-1.213559752,0.639061782,0.293536622,-0.120084815,-0.622734678,-0.287472208,-1.192582311,1.166824416,0.052801437,0.214730616,0.143679764,-0.196043338,-0.313732335,2.277681896,0.476288425,0.261360131,1.049921343,0.358533825,1.736579251,-0.165630761,0.787030098,1.199240916,-0.529029569,0.611626248,0.128695342,0.624764796,0.22813439,-0.763505675,0.284995069,0.092572974,-0.31741701,1.920543272,-0.468499685,0.005500903,-0.250789598,-0.422158527
1,-1.213559752,0.057348616,0.212040941,-0.168358465,0.842257022,-0.417429998,0.185927965,-0.472011534,-0.459173247,-0.49763767,-0.468022432,-0.196043338,-0.313732335,-0.858997913,0.765654372,-0.098115726,-0.805428631,-0.947097336,-0.362164971,-0.698919335,-0.350242676,-0.496135823,-0.3153153,-0.656831903,0.122221406,0.272792811,-0.841737232,-0.763505675,-0.762554373,0.249314803,-0.31741701,-0.708925369,-0.468499685,0.753623699,-0.250789598,-0.422158527
1,-1.213559752,0.862349954,-0.62434069,-0.719190567,-0.610639115,-0.803414263,-0.51684198,2.187056031,1.607377197,0.20025111,1.367084155,-0.196043338,-0.313732335,1.440990649,1.808914708,2.958686817,-0.369412935,0.900619363,-0.985439939,-0.698919335,3.011114047,2.425950748,0.472773766,-0.230110778,-2.959615416,1.436665695,2.367877633,-0.763505675,0.284995069,0.917781771,-0.31741701,-0.708925369,2.301759324,2.997992086,-0.250789598,3.166188951
1,0.824022054,-0.76808701,0.547286051,0.137972366,-0.620153932,0.024699953,0.733277633,0.329344562,0.088101685,-0.49763767,-1.079724628,-0.767615937,-0.313732335,-0.603085524,-0.529927878,-0.384410121,-0.369412935,-0.046084828,-0.362164971,-0.698919335,-0.147073402,-0.129796867,-0.52104098,0.104451077,0.612222109,-0.882178177,1.298006011,-0.763505675,0.80876979,-1.301754861,-0.31741701,-0.708925369,-0.468499685,0.005500903,-0.250789598,-0.422158527
1,-1.213559752,1.181778101,-0.101599113,-0.697455297,-0.638875427,-0.396522632,-2.381885294,3.48216048,4.173370344,7.338413483,5.648999523,-0.767615937,-0.313732335,2.910905841,1.597268712,2.601581512,4.139126944,2.756964232,1.812885689,-0.698919335,3.459250413,2.491655663,-0.780950478,-0.643985432,-3.642280351,4.716033435,0.22813439,-0.763505675,-1.286329094,-0.379238371,-0.31741701,2.797032819,0.454919984,-0.742621893,-0.250789598,-0.422158527
1,-1.213559752,-0.752010674,0.521044011,-0.215305595,-0.631742763,-0.338332134,1.402260561,-0.809294389,-0.9463765,-0.49763767,-0.468022432,-0.767615937,-0.313732335,-0.275504049,-1.386211604,-0.735856666,-0.805428631,-0.947097336,-0.985439939,-0.698919335,-0.767869833,-0.902507218,-0.780950478,-0.643985432,-0.139935294,-0.283413362,-0.841737232,-0.763505675,-1.810103816,-0.816508247,-0.31741701,-0.708925369,-0.468499685,-0.742621893,-0.250789598,-0.422158527
1,0.824022054,-2.804457041,1.372712851,3.420631202,0.842254817,4.410945167,1.70634371,-1.203676309,-0.9463765,-0.49763767,-1.079724628,-0.173459411,3.945919798,-1.307632422,-1.369137851,-1.425061685,-0.361932122,-0.557324699,-0.985439939,-0.698919335,-0.624487904,-1.305379516,-0.780950478,0.331194542,0.420240653,-0.684047657,-0.841737232,0.518429779,-1.286329094,-0.840821806,-0.31741701,-0.708925369,-0.468499685,-0.742621893,-0.250789598,-0.422158527
1,0.824022054,-0.806105263,0.617171052,1.660559966,0.585726124,-1.323716872,0.631916583,0.337130245,0.029849435,-0.49763767,0.210692039,-0.767615937,-0.313732335,-1.307632422,-0.931748275,-0.774879755,0.576809917,1.269609009,0.413722875,-0.698919335,-0.106358829,-1.305379516,-0.537569984,-0.643985432,1.688734689,-0.796325842,-0.841737232,0.518429779,-1.286329094,-1.185532662,-0.31741701,1.044053725,-0.468499685,-0.742621893,-0.250789598,-0.422158527
1,-1.213559752,0.698182571,0.315846642,1.583303167,-0.417859003,-0.323665032,0.300803821,-0.809294389,-0.453435708,-0.49763767,-0.468022432,-0.244220071,-0.313732335,0.334568252,-1.003418163,-0.43024346,-0.805428631,-0.947097336,-0.985439939,-0.210580609,-0.767869833,-1.305379516,-0.18459668,-0.076262453,-0.655343992,-0.777220615,-0.841737232,-0.763505675,-0.762554373,-0.195795283,-0.31741701,-0.708925369,-0.468499685,-0.742621893,-0.250789598,-0.422158527
1,0.824022054,-0.802297924,0.169679958,0.236890197,-0.631647971,0.456162615,0.60488697,0.027904071,0.012263588,-0.49763767,-1.079724628,-0.196043338,-0.313732335,-1.307632422,-1.204328361,-0.380395465,-0.805428631,-0.567024992,-0.231005739,-0.066320608,-1.190581857,-0.535228808,-0.780950478,1.132066644,-0.420899926,-1.081850873,-0.841737232,-0.763505675,-1.286329094,-1.535847485,-0.31741701,-0.708925369,-0.468499685,-0.742621893,-0.250789598,-0.422158527
1,-1.213559752,0.545904779,-2.183958295,-0.826176546,0.842257011,-0.704513495,0.496768517,-0.837843922,-0.9463765,-0.49763767,-0.401391947,-0.196043338,-0.313732335,-0.630041365,-0.567364425,0.155250912,-0.805428631,-0.594658986,-0.285858532,1.931984145,-0.279136125,0.205339145,1.157222778,-1.71326999,1.944542038,-1.081850873,0.22813439,-0.763505675,-0.238779652,-0.021038791,-0.31741701,0.167564178,-0.468499685,0.005500903,-0.250789598,-0.422158527
1,0.824022054,0.460867238,-1.567488199,-0.760082306,0.590883875,0.437372899,-0.037066345,0.775807516,-0.429137408,0.711107462,-1.079724628,0.80747002,-0.313732335,0.400881125,-0.3906072,0.509557631,0.050780005,1.176562,0.468575668,0.466967966,1.09447333,0.737393056,0.871890794,1.663295923,0.1528583,-0.159184402,0.22813439,-0.763505675,-0.238779652,-0.765101418,-0.31741701,0.167564178,-0.468499685,0.753623699,-0.250789598,-0.422158527
1,-1.213559752,-0.058633548,1.083682796,0.659191705,-0.649219555,-0.287004958,1.138721832,-1.203676309,-0.456314764,-0.49763767,0.143679764,-0.767615937,-0.313732335,-0.556594835,1.115447446,-0.75757405,-0.805428631,-0.947097336,-0.985439939,-0.698919335,-0.345157808,-0.568108719,-0.780950478,-0.00811382,1.432562519,0.232018369,-0.841737232,-0.763505675,0.284995069,0.268692594,-0.31741701,-0.708925369,-0.006789851,-0.742621893,-0.250789598,-0.422158527
1,0.824022054,-0.109471328,0.909031553,-0.664695351,0.842257002,-0.243065934,0.321076031,-0.825251665,-0.391785658,0.214730616,0.16892433,-0.767615937,-0.313732335,0.314002569,-1.204328361,-1.091317868,-0.805428631,0.278719528,-0.340711326,-0.066320608,-0.767869833,-0.457691146,-0.780950478,0.503314532,0.136909429,-1.053016228,0.22813439,-0.763505675,-0.238779652,-0.430556107,-0.31741701,-0.708925369,-0.468499685,-0.742621893,-0.250789598,-0.422158527
1,0.824022054,0.477924365,-2.04276685,-0.580170236,0.590872675,-0.410291249,-0.847954742,-0.443462001,0.016267668,-0.49763767,-0.477264852,0.398113189,-0.313732335,1.118388971,0.251311087,1.096668087,-0.361932122,-0.63407994,-0.364108152,1.398695571,1.644093688,0.290373928,2.320867398,-0.635759468,-0.33233109,-0.323955573,0.22813439,0.518429779,0.284995069,1.42779632,-0.31741701,0.167564178,-0.468499685,0.005500903,-0.250789598,-0.422158527
1,0.824022054,0.641119025,0.097052021,-0.491727417,-0.639114958,-0.305427745,-1.179067504,0.865383924,0.048091363,1.63946719,1.992230113,-0.173459411,-0.313732335,1.548691405,0.539543255,0.265374787,1.493417853,-0.079422008,1.867738483,-0.698919335,0.64364817,0.367042632,-0.780950478,1.546558603,-0.318789194,0.247719438,0.22813439,0.518429779,0.80876979,-0.457907748,-0.31741701,1.920543272,-0.468499685,-0.742621893,-0.250789598,-0.422158527
1,-1.213559752,-1.448040651,0.990009812,-0.235775001,-0.640754841,1.481532016,0.854910893,-0.809294389,-0.9463765,-0.49763767,-1.079724628,-0.767615937,-0.313732335,1.284294615,-0.090013746,-1.069600484,-0.805428631,-0.509141503,-0.985439939,-0.698919335,-1.190581857,-0.85560392,-0.780950478,1.2054159,0.147934156,1.12578122,-0.841737232,-0.763505675,-1.286329094,0.619185604,-0.31741701,-0.708925369,3.686888828,-0.742621893,-0.250789598,-0.422158527
1,0.824022054,0.353393808,1.127485707,1.077691747,-0.648140796,0.204863076,0.848153489,-0.446827022,-0.9463765,-0.49763767,-0.468022432,-0.767615937,-0.313732335,-0.838432229,0.496737052,-1.091317868,0.06660276,0.78825332,-0.985439939,-0.698919335,-0.624487904,-1.305379516,-0.780950478,0.616900727,0.7892964,-0.179171347,3.437749254,-0.763505675,1.332544511,-0.652086577,-0.31741701,-0.708925369,-0.468499685,-0.742621893,-0.250789598,-0.422158527
1,-1.213559752,-0.729282956,0.344143039,0.748230789,-0.631887029,-0.297746,0.52379813,-0.809294389,-0.9463765,-0.49763767,-1.079724628,-0.196043338,-0.313732335,0.833796692,0.099190599,-0.735856666,-0.805428631,-0.947097336,-0.985439939,-0.698919335,-0.767869833,-0.936744117,-0.780950478,1.021078748,-0.208264196,1.033762154,-0.841737232,-0.763505675,-1.286329094,0.660302158,-0.31741701,-0.708925369,3.686888828,-0.742621893,-0.250789598,-0.422158527
1,-1.213559752,-0.668637035,0.81383026,0.244873074,-0.621074863,0.235458324,0.787336859,-0.443462001,0.50265294,-0.49763767,-1.079724628,-0.767615937,-0.313732335,-0.09276266,0.355706809,-0.739871322,-0.805428631,-0.947097336,-0.362164971,-0.698919335,-0.624487904,-0.52120542,-0.509279864,0.485617801,0.945740727,0.660500012,0.22813439,-0.763505675,-0.238779652,0.71963829,-0.31741701,-0.708925369,0.454919984,0.005500903,-0.250789598,-0.422158527
1,0.824022054,-0.10677774,0.789890749,0.473594997,0.842257031,0.587458915,0.185927965,-0.459419278,-0.9463765,-0.49763767,-0.443852908,-0.196043338,-0.313732335,-0.174273198,0.469295039,-0.761588706,0.074083574,0.358533825,-0.985439939,-0.165630761,0.359233205,-0.890571033,-0.560981976,1.794914285,0.147934156,-0.366868269,0.22813439,0.518429779,0.284995069,0.341882733,-0.31741701,-0.708925369,-0.468499685,0.005500903,-0.250789598,-0.422158527
1,-1.213559752,-0.936588134,0.58527444,0.336483349,-0.638308018,0.419621084,1.179266251,-0.414912468,-0.9463765,-0.49763767,-1.079724628,-0.767615937,-0.313732335,0.879914076,1.585562855,-0.714139282,-0.805428631,-0.947097336,-0.985439939,-0.698919335,-1.190581857,-0.889840819,-0.780950478,0.6695708,1.028953599,1.507716583,-0.841737232,-0.763505675,-0.238779652,1.164258363,-0.31741701,-0.708925369,1.378339654,-0.742621893,-0.250789598,-0.422158527
1,0.824022054,-0.571367017,0.27667472,0.035247575,0.842345143,0.457326245,0.381892661,-0.468153662,-0.478901241,0.212746151,-1.079724628,0.398113189,-0.313732335,-0.410363403,-0.586477215,-0.428382396,-0.361932122,-0.947097336,-0.985439939,-0.698919335,-1.190581857,-0.926637361,-0.543411329,-0.072979406,-0.11683894,-1.081850873,-0.841737232,0.518429779,-0.238779652,0.169041747,-0.31741701,-0.708925369,-0.468499685,-0.742621893,-0.250789598,-0.422158527
1,-1.213559752,-0.898738077,0.546999244,1.729651915,-0.638080799,0.519172633,1.179266251,-0.414912468,-0.9463765,-0.49763767,-1.079724628,-0.767615937,-0.313732335,1.448210274,0.851610134,-0.714139282,-0.805428631,-0.947097336,-0.985439939,-0.698919335,-1.190581857,-1.305379516,-0.780950478,0.625277054,1.396755592,1.650928484,-0.841737232,-0.763505675,-0.238779652,1.100066646,-0.31741701,-0.708925369,0.916629819,-0.742621893,-0.250789598,-0.422158527
1,0.824022054,-0.769752476,1.063797644,0.469205783,-0.640298256,0.835884356,0.54407034,-0.809294389,-0.459173247,-0.49763767,-0.45457867,-0.767615937,-0.313732335,0.549719469,0.188111463,-1.069600484,-0.369412935,-0.513259672,-0.985439939,-0.698919335,-1.190581857,-0.902507218,-0.780950478,0.497674416,0.386962662,1.311275552,-0.841737232,-0.763505675,-0.762554373,0.543955228,-0.31741701,-0.708925369,-0.468499685,-0.742621893,-0.250789598,-0.422158527
1,-1.213559752,-0.893665805,0.540597194,1.512831428,-0.638080675,0.519531575,1.003573765,-0.414912468,-0.9463765,-0.49763767,-1.079724628,-0.767615937,-0.313732335,1.440990649,1.052520332,-0.714139282,-0.805428631,-0.947097336,-0.985439939,-0.698919335,-1.190581857,-1.305379516,-0.780950478,0.589462787,1.468392539,2.076109319,-0.841737232,-0.763505675,-0.238779652,1.109866908,-0.31741701,-0.708925369,1.840049489,-0.742621893,-0.250789598,-0.422158527
1,-1.213559752,-0.480436276,0.867824256,-0.270994226,-0.61900168,-0.341834456,0.52379813,-0.837843922,-0.9463765,-0.49763767,-0.468022432,-0.767615937,-0.313732335,1.309858122,-0.061234139,-0.761588706,-0.805428631,-0.509141503,-0.985439939,-0.698919335,-0.350242676,-0.89900812,-0.572452268,-0.643985432,0.111729819,-0.200245561,-0.841737232,-0.763505675,-1.810103816,1.047234324,-0.31741701,-0.708925369,4.148598663,0.005500903,-0.250789598,-0.422158527
1,-1.213559752,0.88182938,-1.185487388,-0.601591099,-0.406794818,-1.144437199,1.030603379,-0.049080082,-0.456314764,0.20025111,0.143679764,0.279175795,-0.313732335,-0.046645276,-0.749333502,0.894303927,-0.805428631,-0.947097336,-0.985439939,0.277758117,0.072469348,1.205397669,0.682220753,-0.643985432,-2.514824678,-0.722210034,0.22813439,-0.763505675,-0.762554373,0.084447666,-0.31741701,-0.708925369,-0.468499685,0.005500903,-0.250789598,-0.422158527
1,-1.213559752,-0.941459138,0.817222399,0.212464036,-0.639491783,0.544576182,1.206295865,-0.809294389,-0.9463765,-0.49763767,-1.079724628,-0.767615937,-0.313732335,1.663734796,1.098373693,-1.069600484,-0.805428631,-0.947097336,-0.985439939,-0.698919335,-1.190581857,-0.889840819,-0.780950478,0.897172836,1.463486079,1.702938612,-0.841737232,-0.763505675,-0.238779652,1.558540726,-0.31741701,-0.708925369,1.378339654,-0.742621893,-0.250789598,-0.422158527
1,0.824022054,0.290883674,0.317059877,0.202175393,0.842257023,-0.315635612,-0.124912588,-0.443462001,-0.459173247,-0.49763767,0.726364761,-0.767615937,-0.313732335,-0.858997913,0.043407502,-0.072383686,-0.399027852,-0.475804324,-0.362164971,-0.698919335,-0.201775879,-0.466128234,-0.491822545,0.115816638,-0.079774892,-0.736178751,-0.841737232,0.518429779,-0.238779652,-0.085978892,-0.31741701,-0.708925369,-0.468499685,0.005500903,-0.250789598,0.773957299
1,-1.213559752,-0.503622961,0.347938233,0.100110642,-0.631812213,0.457311885,0.172413158,-0.809294389,-0.9463765,-0.49763767,-1.079724628,-0.196043338,-0.313732335,0.956216376,0.762007246,-0.735856666,-0.805428631,-0.947097336,-0.985439939,-0.698919335,-0.235752852,-0.568108719,-0.780950478,1.902206376,-0.205945153,2.03628497,-0.841737232,-0.763505675,-0.238779652,0.88353431,-0.31741701,-0.708925369,-0.468499685,-0.742621893,-0.250789598,-0.422158527
1,0.824022054,0.964763792,0.112345669,0.000529938,-0.417857103,0.456534902,0.131868738,0.332472253,0.018001128,0.157039906,-0.468022432,0.327352529,-0.313732335,-1.307632422,-0.97431084,-0.43024346,0.074083574,1.113057676,1.073188649,0.422018118,-1.190581857,-0.148650892,-0.079311938,-0.591880384,-0.537386986,-0.496571928,0.22813439,0.518429779,0.284995069,-1.130161181,-0.31741701,0.167564178,-0.468499685,-0.742621893,-0.250789598,-0.422158527
1,-1.213559752,-0.936386866,0.810820349,0.273630248,-0.639491719,0.615609811,1.030603379,-0.809294389,-0.9463765,-0.49763767,-1.079724628,-0.767615937,-0.313732335,1.656515171,1.299283891,-1.069600484,-0.805428631,-0.947097336,-0.985439939,-0.698919335,-1.190581857,-0.889840819,-0.780950478,0.86135857,1.544033927,2.131465787,-0.841737232,-0.763505675,-0.238779652,1.568340988,-0.31741701,-0.708925369,2.301759324,-0.742621893,-0.250789598,-0.422158527
1,0.824022054,0.928182186,-2.15264634,0.04297128,0.579989922,-0.321919225,-0.618203029,-0.414631074,0.015922818,-0.49763767,0.768825722,-0.244220071,-0.313732335,-1.307632422,0.298429401,0.464878774,-0.332317205,0.16968622,1.003598695,2.519633024,-0.223334344,0.195759632,1.554839439,-1.761762062,-0.689872564,-0.494076677,0.22813439,-0.763505675,-0.238779652,-0.056952297,-0.31741701,0.167564178,-0.468499685,-0.742621893,-0.250789598,-0.422158527
1,0.824022054,-2.54301798,1.010264935,-0.042254307,0.842341278,3.226652091,-0.49656977,-0.44033431,-0.9463765,-0.49763767,-0.442777865,-0.173459411,-0.313732335,0.05883679,1.11934049,-1.425061685,0.044468657,-0.594658986,0.4190442,0.566278118,-1.190581857,-0.89407013,-0.686682939,1.511515183,0.147934156,-0.262798145,0.22813439,-0.763505675,0.80876979,1.500986459,-0.31741701,0.167564178,-0.468499685,-0.742621893,-0.250789598,-0.422158527
1,-1.213559752,-0.898584058,0.534018583,1.44817363,-0.637951884,0.41951666,1.152236638,-0.020530549,-0.9463765,-0.49763767,-1.079724628,-0.767615937,-0.313732335,0.664389555,1.338799298,-0.358678081,-0.805428631,-0.947097336,-0.985439939,-0.698919335,-1.190581857,-1.305379516,-0.780950478,0.391053629,0.969988912,1.455706457,-0.841737232,-0.763505675,-0.238779652,0.705784283,-0.31741701,-0.708925369,0.916629819,-0.742621893,-0.250789598,-0.422158527
1,0.824022054,0.391985216,-0.249024386,-0.201749435,-0.617496321,-0.451522009,-0.422238333,0.682065969,0.100682003,-0.49763767,-0.468022432,0.398113189,-0.313732335,-1.039875889,-0.301863558,-0.050666302,0.480484353,-0.012747648,-0.253953314,-0.698919335,1.88011534,0.351371112,-0.494258289,0.019356793,-0.059894808,-0.605880557,1.298006011,1.800365233,0.80876979,-1.012780769,-0.31741701,-0.708925369,-0.468499685,0.005500903,-0.250789598,-0.422158527
1,-1.213559752,-0.851119684,0.496576353,0.093252619,-0.637942492,0.359101838,1.152236638,-0.020530549,-0.9463765,-0.49763767,-1.079724628,-0.767615937,-0.313732335,0.866579824,1.178374559,-0.358678081,-0.805428631,-0.947097336,-0.985439939,-0.698919335,-1.190581857,-0.902507218,-0.780950478,0.15178794,0.929609658,1.039310097,-0.841737232,-0.763505675,-0.238779652,0.641592566,-0.31741701,-0.708925369,1.378339654,-0.742621893,-0.250789598,-0.422158527
1,0.824022054,0.383902822,0.627097127,-0.566251802,-0.619652911,-0.254365342,-1.260156344,0.740246547,-0.9463765,0.214730616,0.768825722,-0.196043338,-0.313732335,0.099968156,-0.158335351,-0.09410107,0.06660276,3.657414739,1.058451488,1.198876845,0.072469348,-0.501095347,-0.574979651,1.02190159,-0.123162587,-0.273633219,1.298006011,-0.763505675,0.80876979,-0.224706056,-0.31741701,1.044053725,-0.468499685,0.005500903,-0.250789598,0.773957299
1,-1.213559752,0.531447378,-2.211945684,-0.510344252,-0.396678845,-0.334182407,0.057537302,-0.382435126,-0.9463765,0.927098903,0.143679764,-0.767615937,-0.313732335,-0.537145955,1.09642049,1.076105186,-0.332317205,-0.594658986,0.413722875,2.863711749,0.74391317,0.27957965,2.650618786,-1.970252995,-0.068744321,-0.256704545,0.22813439,-0.763505675,0.80876979,1.093963756,-0.31741701,1.044053725,-0.468499685,-0.742621893,-0.250789598,-0.422158527
1,0.824022054,-0.57806932,0.27545392,0.637931674,7.886613656,-0.3241769,2.023941665,0.393736458,0.540004691,-0.49763767,-0.468022432,-0.767615937,-0.313732335,-1.307632422,2.476281427,-0.050666302,-0.805428631,-0.947097336,0.39226923,-0.698919335,-0.201775879,-0.476861765,-0.390865151,1.462215614,0.362342186,-1.081850873,-0.841737232,-0.763505675,-0.762554373,0.194656068,-0.31741701,-0.708925369,-0.468499685,0.005500903,-0.250789598,-0.422158527
1,0.824022054,0.794248366,-0.222281089,-0.024719513,-0.604990122,-0.99999051,1.077905202,3.720076902,1.597202802,-0.49763767,-0.468022432,-0.767615937,-0.313732335,-0.504362823,1.395882187,2.664363111,0.06660276,1.359557871,-0.985439939,-0.698919335,1.737893105,1.235668456,0.821430382,-2.073543783,-0.861019604,2.485348995,2.367877633,-0.763505675,-0.238779652,-0.988770127,-0.31741701,-0.708925369,-0.468499685,3.746114882,-0.250789598,0.773957299
1,0.824022054,-0.607299873,0.358824662,-0.444905994,0.842345172,-0.315594321,0.60488697,-0.398673797,-0.9463765,-0.49763767,-0.468022432,-0.767615937,-0.313732335,0.528036983,-1.015451733,-0.735856666,-0.805428631,-0.594658986,-0.285858532,0.566278118,-0.201775879,-0.868270318,-0.780950478,-0.014710357,-0.199293029,-1.081850873,-0.841737232,-0.763505675,-0.762554373,0.108591948,-0.31741701,0.167564178,-0.468499685,-0.742621893,-0.250789598,-0.422158527
1,-1.213559752,-0.208078347,0.874495762,-0.334734857,-0.639260244,-0.247056166,1.334686528,-0.809294389,-0.9463765,-0.49763767,-0.468022432,-0.767615937,-0.313732335,-0.556594835,0.88038974,-0.735856666,-0.805428631,-0.947097336,-0.985439939,-0.698919335,-0.767869833,-0.152570022,-0.780950478,-0.027674555,1.153052043,-0.14013326,-0.841737232,-0.763505675,0.284995069,-0.107414738,-0.31741701,-0.708925369,-0.006789851,-0.742621893,-0.250789598,-0.422158527
1,-1.213559752,0.248547159,0.923712356,-0.804958094,-0.648876644,0.561304049,0.435951887,-1.203676309,-0.9463765,-0.49763767,0.143679764,-0.767615937,-0.313732335,2.890445593,-0.095381646,-0.75757405,-0.805428631,-0.947097336,-0.985439939,-0.698919335,-1.190581857,-0.517969522,-0.780950478,0.560282069,1.115281666,1.564613829,-0.841737232,-0.763505675,-0.762554373,2.24393542,-0.31741701,-0.708925369,1.378339654,-0.742621893,-0.250789598,-0.422158527
1,-1.213559752,2.094529732,-0.364248299,-0.296912007,-0.417437115,-0.630961892,0.50352592,-0.049080082,-0.471753566,0.19978487,0.755381959,-0.244220071,-0.313732335,2.92582694,0.317174551,0.922434539,-0.805428631,-0.509141503,-0.985439939,-0.210580609,0.495181373,0.365416174,0.188410379,-2.396067102,-0.864405049,0.318568394,-0.841737232,-0.763505675,0.284995069,1.696145315,-0.31741701,-0.708925369,1.378339654,0.005500903,-0.250789598,-0.422158527
1,0.824022054,0.001568098,0.927491656,-0.833083491,-0.649277245,0.548709393,0.652188793,-1.203676309,-0.9463765,-0.49763767,-0.468022432,-0.229320454,-0.313732335,-0.002006194,-1.209368545,-1.091317868,0.050074813,-0.947097336,-0.985439939,-0.698919335,-1.190581857,-0.105929923,-0.704239541,0.204929515,0.317194785,0.49876985,-0.841737232,1.800365233,-0.762554373,-0.36703259,-0.31741701,-0.708925369,-0.468499685,-0.742621893,-0.250789598,-0.422158527
1,0.824022054,0.486736716,0.706975533,-0.516705199,0.842257082,-0.335818963,-0.651990046,-0.472011534,0.100682003,-0.49763767,0.726364761,-0.767615937,-0.313732335,0.257522454,2.061852231,-0.098115726,-0.399027852,-0.037848492,-0.362164971,-0.698919335,0.215851277,0.390018757,-0.24183424,1.512344093,0.193017189,1.005961027,-0.841737232,0.518429779,-0.238779652,2.086917402,-0.31741701,-0.708925369,1.840049489,0.753623699,-0.250789598,0.773957299
1,-1.213559752,0.241509143,0.912898525,-0.790098635,-0.648876769,0.561304448,-0.091125571,-1.203676309,-0.9463765,-0.49763767,0.143679764,-0.767615937,-0.313732335,1.432759654,1.114054388,-0.75757405,-0.805428631,-0.947097336,-0.985439939,-0.698919335,-1.190581857,-0.517969522,-0.780950478,1.91842188,0.136267916,1.414914945,-0.841737232,-0.763505675,-0.762554373,2.137157109,-0.31741701,-0.708925369,4.148598663,-0.742621893,-0.250789598,-0.422158527
1,-1.213559752,-0.569363182,1.10396238,0.852946108,-0.649409631,-0.243056416,0.834638683,-0.833389686,-0.456314764,-0.49763767,-1.079724628,-0.767615937,-0.313732335,0.494359268,1.114054388,-1.091317868,-0.805428631,-0.947097336,-0.985439939,-0.698919335,-0.767869833,-0.911674519,-0.780950478,1.250885828,0.256021392,1.414727933,-0.841737232,-0.763505675,-1.810103816,1.506109323,-0.31741701,-0.708925369,3.225178993,-0.742621893,-0.250789598,-0.422158527
1,-1.213559752,0.163359866,0.954643417,-0.573671208,-0.618013172,-0.405277482,1.003573765,-0.837843922,-0.429137408,-0.49763767,0.143679764,-0.767615937,-0.313732335,1.449315272,0.914537247,-0.427844888,-0.805428631,-0.947097336,-0.985439939,-0.698919335,0.072469348,0.253801373,-0.517327054,-0.050378921,1.120988392,0.326862278,-0.841737232,-0.763505675,0.284995069,1.710845708,-0.31741701,-0.708925369,-0.006789851,0.005500903,-0.250789598,-0.422158527
1,0.824022054,0.189626918,0.690378025,0.039923201,-0.618532321,0.386403164,0.165655755,-0.472011534,0.50265294,-0.49763767,-0.443852908,-0.196043338,-0.313732335,1.501547283,1.571248368,-0.431859544,-0.361932122,-0.947097336,0.261109998,-0.698919335,-0.624487904,-0.517706323,-0.240912268,0.845354121,1.614995596,2.467808845,0.22813439,0.518429779,-0.238779652,2.507321918,-0.31741701,-0.708925369,-0.468499685,0.753623699,-0.250789598,-0.422158527
1,-1.213559752,0.483866299,0.510944198,0.028016448,0.842257051,0.565672939,-0.368179107,-0.020249154,-0.9463765,-0.49763767,0.143679764,-0.767615937,-0.313732335,-0.155197623,0.90330974,-0.402112848,-0.805428631,0.163983034,0.35887008,0.566278118,-1.190581857,-0.501095347,-0.780950478,0.927428376,0.019902606,-0.240323814,0.22813439,-0.763505675,0.284995069,0.696180026,-0.31741701,0.167564178,-0.468499685,-0.742621893,-0.250789598,-0.422158527
1,-1.213559752,-0.037755963,0.321764796,-0.305565528,-0.63187857,-0.297972719,0.773822053,-0.020530549,-0.456314764,-0.49763767,-0.468022432,-0.196043338,-0.313732335,0.926031461,-0.749333502,0.308809555,-0.805428631,-0.947097336,-0.985439939,-0.698919335,-0.345157808,0.331179274,-0.780950478,-0.643985432,-0.180185161,-0.232186568,-0.841737232,-0.763505675,-1.286329094,-0.103851006,-0.31741701,-0.708925369,-0.006789851,-0.742621893,-0.250789598,-0.422158527
1,-1.213559752,-0.067545092,0.728478417,-0.794603587,-0.621070065,-0.270507107,0.740035036,-0.443462001,0.992714676,-0.49763767,-0.468022432,-0.767615937,-0.313732335,0.48886779,-0.131482355,-0.406127504,-0.805428631,-0.947097336,-0.362164971,-0.698919335,-0.29045533,0.250302276,-0.507150831,-0.097383722,0.832909237,1.090570905,0.22813439,-0.763505675,-0.238779652,0.954933674,-0.31741701,-0.708925369,-0.468499685,0.005500903,-0.250789598,-0.422158527
0,0.824022054,-0.248570019,0.159509593,-0.40420837,0.842345207,-0.384819852,0.246744594,-0.03284141,-0.9463765,-0.49763767,-0.468022432,-0.196043338,-0.313732335,0.528036983,-1.015451733,-0.072383686,-0.805428631,-0.156703154,-0.285858532,0.566278118,0.638563301,-0.868270318,-0.582758558,-0.055174582,-0.568028619,-1.212706926,-0.841737232,-0.763505675,-0.762554373,-0.09489713,-0.31741701,0.167564178,-0.468499685,0.005500903,-0.250789598,-0.422158527
0,-1.213559752,-0.796450762,0.870671501,-0.298197261,-0.639241637,0.11019689,1.071147799,-0.414912468,-0.459173247,-0.49763767,-1.079724628,-0.767615937,-0.313732335,-0.805275793,1.061945267,-0.714139282,-0.805428631,-0.947097336,-0.985439939,-0.698919335,-0.624487904,-0.52120542,-0.780950478,0.333765371,1.119672424,-0.623739318,-0.841737232,-0.763505675,0.284995069,-0.227690682,-0.31741701,-0.708925369,-0.468499685,-0.742621893,-0.250789598,-0.422158527
0,0.824022054,0.118960552,1.038019847,0.222920576,0.842257006,-1.456728005,0.185927965,-0.390894662,-0.9463765,0.980411173,-1.079724628,-0.172454894,-0.313732335,-0.155197623,-0.792427597,-1.095195331,-0.332317205,-0.046084828,-0.285858532,-0.066320608,-1.190581857,-0.859833231,-0.740334891,0.309378912,0.391773126,-1.047524911,0.22813439,-0.763505675,-0.238779652,-0.521030345,-0.31741701,0.167564178,-0.468499685,-0.742621893,-0.250789598,-0.422158527
0,-1.213559752,-0.008448809,0.184124009,-0.439368899,-0.636789822,-0.393071717,0.935999732,-0.809294389,-0.471753566,-0.49763767,0.143679764,-0.767615937,-0.313732335,-0.321621434,0.919905147,-0.402112848,-0.805428631,-0.947097336,-0.985439939,-0.698919335,-0.345157808,0.219301275,-0.780950478,-0.297181253,0.719182354,0.533639687,-0.841737232,-0.763505675,0.284995069,-0.05159779,-0.31741701,-0.708925369,1.378339654,-0.742621893,-0.250789598,-0.422158527
0,-1.213559752,0.902480484,-0.627785275,-0.740625563,-0.610622822,-0.803414391,-0.543871593,2.552888418,1.607377197,0.20025111,1.367084155,-0.196043338,-0.313732335,1.440990649,1.808914708,3.288415979,-0.369412935,1.776531027,-0.985439939,-0.698919335,3.428741203,3.741040637,0.737226078,-0.230686737,-2.960569827,1.463178561,2.367877633,-0.763505675,0.284995069,0.925176514,-0.31741701,-0.708925369,2.301759324,3.746114882,-0.250789598,3.166188951
0,-1.213559752,0.838927639,-0.676856436,-0.77674935,-0.608924944,-0.94228486,-0.118155184,2.187056031,1.090138105,0.20025111,0.755381959,-0.196043338,0.908009424,0.416081902,1.418800165,2.624943,-0.369412935,0.900619363,-0.985439939,-0.698919335,2.588402023,2.06648265,0.489261231,-0.117995131,-2.881731512,1.512812144,2.367877633,-0.763505675,0.284995069,0.231050678,-0.31741701,-0.708925369,1.378339654,2.997992086,-0.250789598,3.166188951
0,0.824022054,-1.327447742,1.063203742,0.463531547,4.265266274,1.898159157,-0.685777063,0.015593209,0.412832119,0.928783375,-1.079724628,-0.767615937,-0.313732335,-1.307632422,0.80220575,-1.095332524,0.081564388,-0.214586642,1.091850636,1.242414913,-1.190581857,-0.10408277,-0.506528339,2.437290141,0.661685393,-0.346981168,-0.841737232,0.518429779,-0.238779652,0.265975248,-0.31741701,0.167564178,-0.468499685,0.005500903,-0.250789598,-0.422158527
0,0.824022054,0.489017845,0.77125775,-0.798699504,-0.417756651,0.637415556,-0.145184798,-1.203676309,0.039505084,-0.49763767,0.170567288,0.279175795,-0.313732335,1.273715247,-0.431748092,-0.813835274,0.06660276,1.222090984,-0.985439939,0.277758117,-1.190581857,-0.102034194,0.368804255,0.424097734,-0.042487931,-0.166030867,0.22813439,-0.763505675,0.284995069,0.56345775,-0.31741701,-0.708925369,-0.468499685,-0.742621893,-0.250789598,-0.422158527
0,0.824022054,0.561307535,0.909145997,-0.66578876,0.842257052,0.460227235,-0.530356786,-0.105686295,-0.478901241,-0.49763767,-0.468022432,-0.767615937,-0.313732335,-0.409246599,-0.104328234,-0.783843598,1.4083046,0.679220013,-0.340711326,-0.029918628,-1.190581857,-0.491928046,-0.526880518,0.569695095,0.136979359,0.099394888,0.22813439,1.800365233,0.80876979,-0.004013063,-0.31741701,-0.708925369,-0.468499685,-0.742621893,-0.250789598,-0.422158527
0,-1.213559752,-0.570328024,0.411098051,2.121971957,-0.624123241,-0.323647548,0.388650064,-0.443462001,-0.459173247,-0.49763767,-0.468022432,-0.767615937,-0.313732335,-0.369232037,-0.620624721,-0.406127504,-0.805428631,-0.475804324,-0.362164971,-0.698919335,-0.767869833,-1.305379516,-0.561305865,-0.377646663,-0.043341447,-0.748248781,-0.841737232,-0.763505675,-0.762554373,-0.482809323,-0.31741701,-0.708925369,-0.468499685,0.005500903,-0.250789598,0.773957299
0,0.824022054,0.330819427,0.329802869,-0.837074811,-0.618837227,-0.375176546,0.631916583,0.377779181,0.077572869,0.214730616,0.822012444,-0.196043338,-0.313732335,-0.294952929,0.425955025,0.261360131,0.10369849,-0.509141503,0.468575668,-0.698919335,0.495181373,0.694388133,-0.563723619,1.105800936,-0.337970792,1.213645921,0.22813439,-0.763505675,-0.762554373,-0.639747156,-0.31741701,0.167564178,-0.468499685,0.005500903,-0.250789598,-0.422158527
0,0.824022054,0.1517207,0.591740502,-0.287144871,-0.617710948,-0.331035814,-0.503327173,0.413621544,0.572118839,-0.49763767,0.16892433,-0.196043338,-0.313732335,0.334568252,-0.148556108,-0.098115726,-0.805428631,-0.513259672,1.146703431,-0.698919335,0.232255351,1.129498079,-0.312833109,3.240456901,0.007858719,-0.935947964,-0.841737232,-0.763505675,-0.238779652,-0.486239414,-0.31741701,-0.708925369,-0.468499685,0.753623699,-0.250789598,-0.422158527
0,0.824022054,0.270491083,0.601925624,-0.650844215,-0.640278258,0.579314098,-0.320877284,-0.013756442,0.012263588,0.157039906,0.143679764,-0.767615937,-0.313732335,0.768106969,-0.458902213,-0.735856666,-0.361932122,-0.594658986,0.428460036,-0.066320608,-0.235752852,0.571616843,-0.780950478,0.030327268,-0.004393847,1.334923029,-0.841737232,0.518429779,-0.238779652,0.427946853,1.954620538,1.044053725,-0.468499685,-0.742621893,-0.250789598,-0.422158527
0,0.824022054,-0.299986423,0.958963669,-0.532394828,0.842257078,-0.236215709,0.307561224,-0.414631074,-0.453381311,0.214730616,0.157123526,-0.767615937,-0.313732335,-0.155197623,-0.217068516,-1.091317868,0.019764046,1.89933369,0.35887008,0.580790807,0.364318074,-0.903237431,-0.5274941,0.353786143,0.606322278,-0.092907158,1.298006011,0.518429779,0.80876979,-0.138686483,-0.31741701,0.167564178,-0.468499685,-0.742621893,-0.250789598,-0.422158527
0,-1.213559752,-0.05630126,0.8436079,-0.494732043,-0.616547199,-0.471007349,1.003573765,-0.837843922,-0.471753566,-0.49763767,0.143679764,-0.767615937,-0.313732335,-0.556594835,1.081299939,-0.427844888,-0.805428631,-0.947097336,-0.985439939,-0.698919335,0.072469348,0.219564474,-0.515551685,-0.039521049,2.354514408,-0.096364402,0.22813439,-0.763505675,1.856319232,0.0826658,-0.31741701,-0.708925369,-0.006789851,0.005500903,-0.250789598,-0.422158527
0,-1.213559752,-0.574085615,0.340018256,-0.057880369,-0.637937817,-0.048130032,0.773822053,-0.414912468,0.015449687,-0.49763767,-1.079724628,-0.767615937,0.879116353,-0.576319245,0.878108822,-0.714139282,-0.805428631,-0.947097336,-0.985439939,-0.698919335,-0.624487904,-0.936744117,-0.780950478,-0.091081417,2.028861964,-0.643901604,-0.841737232,-0.763505675,0.284995069,-0.226176096,-0.31741701,-0.708925369,-0.468499685,-0.742621893,-0.250789598,-0.422158527
0,-1.213559752,-0.071792755,0.365364764,-0.438231201,0.58318864,-0.323379015,0.449466694,-0.809294389,-0.9463765,0.19978487,0.143679764,-0.767615937,1.791566361,-0.134631941,-1.175221038,-0.402112848,-0.805428631,-0.947097336,-0.985439939,-0.698919335,-0.767869833,-0.911674519,-0.780950478,-0.441582715,-0.445908301,-0.762385654,-0.841737232,0.518429779,-0.762554373,-0.424586856,-0.31741701,-0.708925369,-0.468499685,-0.742621893,-0.250789598,-0.422158527
0,0.824022054,-0.140659158,0.812595124,0.035663069,-0.619591043,-0.342822071,0.848153489,-0.42722333,-0.9463765,-0.49763767,-0.468022432,-0.767615937,-0.313732335,0.113675713,-0.975143495,-0.761588706,-0.332317205,-0.04196666,-0.285858532,-0.698919335,-0.350242676,-0.084826437,-0.569974927,-0.303938319,0.022165247,-0.885929596,0.22813439,-0.763505675,-0.762554373,-0.906537018,-0.31741701,0.167564178,-0.468499685,0.005500903,-0.250789598,0.773957299
0,0.824022054,-2.820579316,1.218373572,1.946048984,-0.62412599,0.205455753,1.071147799,-0.459419278,-0.459173247,-0.49763767,-1.079724628,-0.767615937,-0.313732335,-0.576417019,0.501777236,-1.095332524,-0.369412935,0.425208183,-0.362164971,-0.698919335,-0.147073402,-1.305379516,-0.545893012,0.555454164,0.894244708,-0.832424182,0.22813439,-0.763505675,0.284995069,-0.328277008,-0.31741701,-0.708925369,-0.468499685,0.005500903,-0.250789598,0.773957299
0,0.824022054,-2.580083225,0.937338533,-0.739004847,-0.622463573,0.453700104,0.652188793,-0.459419278,-0.429137408,-0.49763767,-1.079724628,-0.767615937,-0.313732335,1.038368541,-0.965895782,-1.095332524,-0.369412935,0.859045848,-0.985439939,-0.698919335,-0.772954701,-0.889840819,-0.521199567,0.141235852,0.147934156,-0.755583798,-0.841737232,-0.763505675,-0.762554373,-0.341284629,-0.31741701,-0.708925369,-0.468499685,0.005500903,-0.250789598,-0.422158527
0,-1.213559752,-0.116037356,-1.139172397,0.357706935,0.590446064,-0.306839049,0.138626141,-0.837843922,-0.38652125,-0.49763767,-1.079724628,0.80747002,-0.313732335,0.334568252,-1.032525486,-0.175632732,-0.805428631,-0.094460174,-0.985439939,-0.698919335,0.517062139,-0.115963516,0.422214773,0.30262381,0.009978636,-1.043160107,0.22813439,-0.763505675,-0.238779652,-0.696098663,-0.31741701,-0.708925369,-0.468499685,0.005500903,-0.250789598,-0.422158527
0,-1.213559752,-0.24274602,0.351056678,-0.210988636,-0.637946495,-0.241880201,1.037360782,-0.809294389,-0.471753566,-0.49763767,-0.468022432,-0.767615937,0.879116353,-0.59539482,0.713627049,-0.735856666,-0.805428631,-0.947097336,-0.985439939,-0.698919335,-0.767869833,-0.936744117,-0.780950478,-0.507233257,2.356330451,-0.640486388,-0.841737232,-0.763505675,0.284995069,-0.279676617,-0.31741701,-0.708925369,-0.006789851,-0.742621893,-0.250789598,-0.422158527
0,0.824022054,0.576988829,0.407192762,-0.756323171,-0.618210207,-0.327587804,-2.375127891,2.305744761,1.101522238,2.351835477,1.367084155,0.375529262,-0.313732335,1.974263887,1.873713227,1.236859545,1.012825613,1.892845071,2.457614302,2.265453994,1.812935056,2.300187587,-0.375917084,1.234609486,-0.458701939,1.845504566,2.367877633,-0.763505675,1.332544511,1.588876992,-0.31741701,2.797032819,-0.468499685,0.753623699,-0.250789598,1.970073125
0,-1.213559752,-0.22945144,0.628656569,0.564361921,0.585744425,-0.250695456,-0.043823748,-0.077629614,1.549711444,0.214730616,0.822012444,-0.767615937,-0.313732335,-0.383573611,0.939410449,0.257345475,-0.332317205,-0.509141503,0.960691405,-0.165630761,0.364318074,-0.189169343,-0.249551013,0.765048827,0.820650984,0.555762615,1.298006011,-0.763505675,0.284995069,0.113117888,-0.31741701,0.167564178,-0.468499685,0.753623699,-0.250789598,-0.422158527
0,0.824022054,-3.389473115,1.31677503,2.886192295,-0.725971425,1.387032901,1.158994042,-1.203676309,-0.9463765,-0.49763767,0.18129305,-0.767615937,-0.313732335,-1.073032326,-0.529927878,-1.425061685,0.074083574,-0.046084828,-0.985439939,-0.698919335,-1.190581857,-1.305379516,-0.780950478,-0.199919458,0.147934156,-0.840319024,0.22813439,0.518429779,-0.762554373,-1.012112569,-0.31741701,-0.708925369,-0.468499685,-0.742621893,-0.250789598,-0.422158527
0,-1.213559752,0.390553156,0.159821795,-0.760590695,-0.602602758,-0.557600516,0.854910893,0.316752306,-0.38652125,-0.49763767,0.143679764,-0.767615937,-0.313732335,0.194442753,0.082116846,0.612806677,-0.805428631,-0.509141503,-0.985439939,-0.698919335,0.490096505,1.05928277,-0.240225326,-0.986146315,0.158647056,0.039792208,0.22813439,-0.763505675,0.80876979,-0.62522495,-0.31741701,-0.708925369,1.378339654,0.753623699,-0.250789598,-0.422158527
0,-1.213559752,1.901003218,-0.338346168,-0.424666769,-0.41743755,-0.629345982,0.834638683,-0.020530549,0.088101685,-0.49763767,0.143679764,-0.244220071,-0.313732335,-0.321621434,0.099190599,0.614422761,-0.805428631,-0.509141503,-0.985439939,-0.210580609,-0.345157808,-0.071693023,-0.061094522,-2.333295599,-0.679438093,-0.196312789,-0.841737232,-0.763505675,0.284995069,-0.990997459,-0.31741701,-0.708925369,1.378339654,-0.742621893,-0.250789598,-0.422158527
0,0.824022054,-0.741219131,0.33751514,0.400116318,0.842257031,-0.338958993,0.4629815,-0.443462001,-0.38652125,-0.49763767,0.170567288,-0.196043338,-0.313732335,0.783202762,-1.032525486,-0.406127504,0.06660276,2.098002648,-0.985439939,-0.698919335,-0.350242676,-0.444294535,-0.560855322,0.17815105,-0.212314156,-0.14298761,0.22813439,-0.763505675,-0.238779652,-0.433050719,-0.31741701,-0.708925369,-0.468499685,0.005500903,-0.250789598,-0.422158527
0,0.824022054,0.958486698,0.291687922,-0.756770556,-0.645563793,-0.353812806,-0.874984355,0.8172307,1.072040732,2.33688973,3.226360266,-0.173459411,-0.313732335,1.004931976,0.490275197,0.577401221,2.410025789,-0.513259672,1.812885689,-0.698919335,0.922978266,1.104313429,-0.780950478,-0.85249403,-1.102768349,0.469952275,0.22813439,0.518429779,0.80876979,-0.745901813,-0.31741701,2.797032819,-0.468499685,-0.742621893,-0.250789598,-0.422158527
0,0.824022054,-2.560637522,1.324406949,2.95910887,0.842257031,3.803757851,0.814366473,-0.382435126,-0.011425981,-0.49763767,-0.442777865,-0.767615937,-0.313732335,-0.858997913,-1.410278744,-1.425061685,0.446036758,0.273016342,0.413722875,-0.066320608,-1.190581857,-1.305379516,-0.422750588,0.13837669,0.436201265,-0.758551818,0.22813439,0.518429779,-0.238779652,-1.071136875,-0.31741701,1.044053725,-0.468499685,-0.742621893,-0.250789598,-0.422158527
0,0.824022054,-2.471441967,0.991120556,-0.225162775,0.583181955,0.952203344,0.517040727,-0.42722333,0.058065845,-0.49763767,-1.079724628,-0.767615937,1.791566361,0.334568252,-0.583311518,-1.095332524,-0.332317205,-0.046084828,0.337416436,-0.698919335,-1.190581857,-0.889840819,-0.510044595,-0.643985432,0.523036784,-0.896453655,-0.841737232,0.518429779,-0.238779652,0.2274424,-0.31741701,0.167564178,-0.468499685,0.005500903,-0.250789598,-0.422158527
0,-1.213559752,-0.754302441,-1.244579847,-0.546648602,0.591485563,1.223644031,1.638769677,-1.203676309,-0.9463765,-0.49763767,-0.012342127,-0.767615937,-0.313732335,-1.307632422,-1.386211604,0.329212583,-0.805428631,0.758176988,-0.985439939,-0.698919335,1.331160772,-0.405828324,1.3861165,-0.643985432,0.147934156,-1.063041057,-0.841737232,-0.763505675,-1.810103816,-1.9606443,-0.31741701,-0.708925369,-0.468499685,-0.742621893,-0.250789598,-0.422158527
0,0.824022054,-3.373166337,1.564132011,5.24948056,-0.752084149,3.116781519,1.158994042,-0.793055717,-0.9463765,-0.49763767,-0.443852908,-0.767615937,-0.313732335,-1.073032326,-1.171013509,-1.425061685,0.111179304,-0.046084828,-0.285858532,-0.698919335,-0.624487904,-1.305379516,-0.780950478,-0.268201221,0.147934156,-0.884749196,-0.841737232,0.518429779,-1.286329094,-1.459717267,-0.31741701,0.167564178,-0.468499685,-0.742621893,-0.250789598,-0.422158527
0,-1.213559752,0.030713276,-0.059295367,-0.411707955,-0.635644328,-0.489006394,1.057632992,-0.020530549,0.088101685,-0.49763767,0.143679764,-0.767615937,-0.313732335,-0.556594835,0.478569343,0.308809555,-0.805428631,-0.509141503,-0.985439939,-0.698919335,-0.345157808,0.665577773,-0.780950478,-1.046605253,0.202573401,-0.398285792,-0.841737232,-0.763505675,0.284995069,-1.041825182,-0.31741701,-0.708925369,-0.006789851,-0.742621893,-0.250789598,-0.422158527
0,-1.213559752,-1.021387025,-0.060460835,4.323892299,-0.583914288,-2.826839893,0.138626141,-0.082841741,0.173334,-0.49763767,-1.079724628,-0.767615937,5.321108428,-1.307632422,-1.822179508,0.647386279,-0.805428631,-0.071185671,-0.985439939,-0.698919335,0.088941141,-1.305379516,-0.780950478,-0.643985432,0.147934156,-1.416107346,-0.841737232,-0.763505675,-1.810103816,-2.28988856,-0.31741701,-0.708925369,-0.468499685,-0.742621893,-0.250789598,-0.422158527
0,0.824022054,-0.85067004,0.556723751,0.16720191,-0.620512406,1.294999176,-0.206001427,0.638077884,-0.9463765,-0.49763767,-1.079724628,-0.767615937,-0.313732335,-0.302919163,0.695694049,-0.106145038,-0.369412935,2.272924882,1.507659936,-0.698919335,-0.147073402,-0.902507218,0.140624115,-0.11957324,1.314281276,0.116279054,-0.841737232,-0.763505675,-0.762554373,0.433328088,-0.31741701,-0.708925369,-0.468499685,2.24986929,-0.250789598,4.362304777
0,0.824022054,1.960718857,0.236079322,-0.566286623,-0.417353188,-0.324034903,-3.327921758,3.364427706,3.025433135,0.927098903,0.143679764,4.180821646,-0.313732335,-0.838432229,2.429197405,2.756896263,2.78681165,3.323034079,1.703180101,4.074548899,1.325350817,1.899571939,3.569707047,0.142689943,-1.176817569,-0.164281771,3.437749254,1.800365233,3.427643395,2.373076146,4.226658085,2.797032819,-0.468499685,2.24986929,4.99650045,4.362304777
0,0.824022054,0.440657772,0.315530729,-0.794501219,0.585744337,-0.455769525,-0.780380709,0.755037119,1.588691879,0.321547947,1.380527917,0.992269716,6.08110681,-0.873275982,-0.486466243,0.9061125,0.99069151,0.735901537,0.468575668,-0.12814443,1.76202822,0.208255125,-0.339657338,1.978714747,-0.735267663,0.157239162,1.298006011,1.800365233,0.284995069,-0.811732847,-0.31741701,0.167564178,-0.006789851,0.753623699,-0.250789598,-0.422158527
0,0.824022054,1.361871669,-2.238901592,0.039626277,-0.396972812,-0.326030375,-1.469635847,-0.03284141,-0.453435708,-0.49763767,1.309049756,0.850748395,-0.313732335,0.569168349,-0.340218594,1.121938525,0.480484353,-0.04196666,1.817557746,1.742774296,0.930707068,1.996448893,2.584610524,-2.039816828,-1.173806532,-1.046031566,-0.841737232,0.518429779,0.284995069,0.630197534,-0.31741701,0.167564178,-0.468499685,0.005500903,-0.250789598,0.773957299
0,-1.213559752,0.022016104,0.307498204,-0.058167555,-0.611542726,-1.254493945,-0.37493651,-0.061390943,-0.9463765,-0.49763767,0.210692039,0.375529262,-0.313732335,-0.603832133,-1.352064098,0.244591935,-0.332317205,-0.004511313,-0.285858532,-0.066320608,0.490096505,0.219340487,-0.368673012,-0.254473973,-0.76058871,-0.431684528,0.22813439,-0.763505675,-0.762554373,-0.866311397,-0.31741701,0.167564178,0.454919984,0.753623699,-0.250789598,1.970073125
0,-1.213559752,0.19697125,0.249371384,-0.364541742,-0.611551142,-1.25177027,-0.719564079,-0.061390943,0.050675184,-0.49763767,0.210692039,0.375529262,-0.313732335,-0.838432229,-0.928129763,0.244591935,-0.332317205,-0.475804324,-0.285858532,-0.066320608,0.490096505,0.228434723,-0.350082506,-0.562099812,-0.86345825,-0.112431124,0.22813439,-0.763505675,-0.762554373,-0.740565125,-0.31741701,0.167564178,0.454919984,0.753623699,-0.250789598,0.773957299
0,0.824022054,0.538968734,-2.273393956,-0.57644956,-0.396670519,-0.674224736,-0.422238333,-0.472011534,0.040113815,-0.49763767,0.18129305,0.935183213,-0.313732335,-0.838432229,-0.179616634,1.37368908,0.981490207,-0.07530384,-0.236785255,2.719451748,1.31076414,0.778170583,3.710458977,-1.721343729,0.054537917,-0.722539575,0.22813439,0.518429779,0.284995069,0.370526226,4.226658085,1.044053725,-0.468499685,0.753623699,-0.250789598,-0.422158527
0,0.824022054,0.917865546,0.096253562,-0.225850585,-0.417857134,0.456538059,0.131868738,0.332472253,0.018001128,0.157039906,-0.468022432,0.327352529,-0.313732335,-1.307632422,-1.175221038,-0.43024346,0.074083574,1.113057676,1.073188649,0.422018118,-0.613561151,-0.559960278,-0.090650689,-0.640130005,-0.554339535,-0.041816749,0.22813439,0.518429779,-0.238779652,-1.270483115,-0.31741701,0.167564178,-0.468499685,-0.742621893,-0.250789598,-0.422158527
0,0.824022054,0.438382835,-1.451186859,-0.375792697,-0.405690641,-0.882490596,-0.949315792,0.332990977,-0.453381311,0.214730616,-0.468022432,0.398113189,1.316912395,-0.369232037,0.25635127,0.868571888,-0.361932122,-0.594658986,0.960691405,0.924869533,-0.29045533,0.25832183,0.740301961,-0.057718823,-0.332964343,-0.718218092,0.22813439,0.518429779,0.80876979,0.279169965,-0.31741701,0.167564178,-0.468499685,0.753623699,-0.250789598,-0.422158527
0,0.824022054,1.225249733,-1.483229461,-0.72915293,-0.405688373,-0.88249005,-0.45602535,1.474476224,-0.453435708,0.214730616,-0.468022432,-0.244220071,1.316912395,-0.53751926,-0.373533446,1.551363679,-0.399027852,0.281252678,0.960691405,1.398695571,0.763979879,0.759938714,1.465859838,-0.743313254,-0.434422758,-0.516244958,0.22813439,0.518429779,0.80876979,-0.322975957,-0.31741701,0.167564178,-0.468499685,0.753623699,-0.250789598,-0.422158527
0,-1.213559752,-0.400939277,-1.325171518,-0.4932647,0.590858712,-1.251706343,-0.003279328,-0.837843922,-0.459173247,0.711107462,0.813151814,0.23589742,-0.313732335,-0.603832133,-1.204328361,-0.166668889,-0.805428631,-0.21939861,0.259166817,0.566278118,-0.306874936,-0.139612478,0.518052432,-0.664581861,0.341476556,-1.081850873,-0.841737232,-0.763505675,-0.762554373,-0.606604452,-0.31741701,0.167564178,-0.468499685,0.005500903,-0.250789598,-0.422158527
0,0.824022054,0.974745376,-2.184569254,0.059260916,0.579989928,-0.322979538,-0.665504853,-0.414631074,0.530217676,-0.49763767,0.768825722,0.349936456,-0.313732335,-1.307632422,0.070365082,0.464878774,0.111179304,0.16968622,1.003598695,2.519633024,-0.223334344,0.195759632,1.564404222,-1.804470152,-0.647011453,-1.081850873,0.22813439,0.518429779,0.284995069,-0.262267788,-0.31741701,0.167564178,-0.468499685,-0.742621893,-0.250789598,-0.422158527
0,0.824022054,0.527113396,0.341638995,0.432928061,0.585739533,-0.378477016,0.064294705,0.284837752,-0.459173247,-0.49763767,0.143679764,-0.767615937,1.870509417,-0.369232037,-0.330970881,-0.098115726,-0.369412935,1.651025047,0.282563642,-0.066320608,0.072469348,-0.54583828,-0.318573055,-0.072925256,0.168554561,-0.578128039,0.22813439,-0.763505675,-0.238779652,-0.334914458,-0.31741701,-0.708925369,-0.468499685,0.753623699,-0.250789598,0.773957299
0,0.824022054,0.887629709,-2.079351329,-0.412943132,0.842257081,-0.320406805,-0.847954742,0.394017853,1.003463977,-0.49763767,0.167849288,0.327352529,-0.313732335,-0.858997913,-0.586477215,0.794607936,0.111179304,0.224954207,1.736579251,3.052921597,-0.646046368,0.639420657,1.727491451,-1.118621076,-0.242406893,-1.081850873,-0.841737232,0.518429779,-0.238779652,0.698701367,-0.31741701,1.920543272,-0.468499685,0.005500903,-0.250789598,-0.422158527
0,0.824022054,1.569235117,-1.822574121,-0.041268377,0.5908892,-0.341940837,-1.341245184,1.093486679,1.58140958,3.619800963,1.357841735,3.042574806,-0.313732335,0.19981077,0.522797217,2.707509868,1.883995877,-0.07530384,1.658329632,1.787724144,2.318677278,0.769733495,3.68793795,-1.922969725,-3.535157144,0.030540516,1.298006011,0.518429779,1.856319232,-0.117393186,-0.31741701,1.920543272,-0.006789851,1.501746494,-0.250789598,-0.422158527
0,0.824022054,0.672995294,-1.981410804,-0.618117791,0.8422572,-1.248756476,-1.942654079,0.701951055,0.988500454,-0.49763767,1.447540192,1.392990458,-0.313732335,0.361239868,1.678170928,0.496804091,0.937773024,3.209083018,1.603476837,1.198876845,0.110752221,0.623458131,0.976657383,1.170911345,0.071799461,0.970792127,1.298006011,1.800365233,2.380093953,2.022226763,1.954620538,1.920543272,-0.006789851,0.753623699,-0.250789598,-0.422158527
0,0.824022054,0.507111936,-1.406032866,-0.470252924,0.590870734,-0.327772306,-0.192486621,-0.020530549,-0.453435708,1.428439329,-0.468022432,2.460845345,-0.313732335,-0.302172554,-0.797467781,0.866634917,0.081564388,0.22014224,-0.418960945,0.451043497,0.115837089,-0.060453924,0.866544891,-0.055116072,-0.581568963,-0.349394294,-0.841737232,0.518429779,-0.762554373,-0.765591431,-0.31741701,-0.708925369,-0.468499685,-0.742621893,-0.250789598,-0.422158527
0,0.824022054,-0.417663781,-1.07029276,-0.615767076,0.590452357,-1.278919089,0.787336859,-0.422537983,0.13332368,-0.49763767,-1.079724628,1.374512967,-0.313732335,-1.039875889,-1.655035354,-0.496398051,0.044468657,-0.184409035,-0.985439939,-0.051807919,0.253743664,0.31950054,0.238070925,-0.643985432,0.222986516,-0.445956753,-0.841737232,0.518429779,-1.286329094,-1.59740204,-0.31741701,-0.708925369,-0.468499685,-0.742621893,2.372855426,-0.422158527
0,-1.213559752,0.188214125,-0.109536611,-0.50736424,-0.614804097,0.146156173,-1.043919438,2.231562841,0.986670095,0.19978487,-0.468022432,-0.767615937,-0.313732335,-0.838432229,-0.80950135,2.004904787,-0.805428631,-0.037848492,1.507659936,-0.698919335,-1.190581857,1.480181001,0.200770966,-0.398531176,-0.173381697,-1.150929244,1.298006011,-0.763505675,0.80876979,-0.782964623,-0.31741701,-0.708925369,-0.468499685,2.24986929,-0.250789598,0.773957299
0,0.824022054,0.089072258,-1.568624249,-0.550982465,0.590883841,-0.231297605,-0.178971814,-0.398673797,-0.453381311,-0.49763767,0.08125062,0.830053947,-0.313732335,-0.603832133,-0.998377979,-0.149900693,0.021165088,-0.127484142,-0.285858532,-0.051807919,0.115837089,0.190529707,0.319415146,-0.728373423,-0.206130894,-1.081850873,0.22813439,0.518429779,-0.238779652,-1.131185754,-0.31741701,0.167564178,-0.468499685,-0.742621893,-0.250789598,-0.422158527
0,0.824022054,1.82328411,-1.176582049,-0.776125186,-0.406830467,-0.32798518,-2.510275957,1.875913645,1.064671913,0.927098903,0.143679764,1.563842315,-0.313732335,0.936394191,1.85159929,1.180598321,2.78681165,0.429326352,0.413722875,1.344335266,1.012258331,3.067569411,1.053802651,0.840973934,-0.842806399,0.516349455,1.298006011,1.800365233,3.427643395,1.998795227,4.226658085,2.797032819,-0.468499685,0.753623699,4.99650045,1.970073125
0,0.824022054,0.213665176,0.186847963,-0.443451098,0.842345395,-0.5209986,-1.185824908,0.650670139,2.781008979,0.20025111,-1.079724628,2.058838565,-0.313732335,0.091993227,0.690365972,-0.4358742,1.785090462,2.313773697,1.675946939,0.566278118,0.731915812,0.354354559,0.229162259,0.54625793,-0.012215302,0.594705841,1.298006011,1.800365233,1.856319232,0.649031856,-0.31741701,-0.708925369,-0.468499685,1.501746494,-0.250789598,-0.422158527
0,0.824022054,0.620375353,0.467284708,-0.057232794,-0.618165695,-0.315975798,-3.037353415,2.59446744,1.551875167,1.678144155,0.143679764,1.563842315,-0.313732335,1.405594384,0.481328608,0.899101071,3.193212429,0.863164015,1.036997843,0.367657813,0.490096505,1.127268019,0.021012392,1.785333738,0.752536325,0.64733555,2.367877633,3.082300686,2.903868674,1.779937556,4.226658085,2.797032819,-0.468499685,1.501746494,4.99650045,1.970073125
0,-1.213559752,0.103624498,-1.231721394,0.998173556,0.590858796,1.69626064,-0.841197339,-0.837843922,-0.459173247,0.711107462,1.35299406,0.80747002,-0.313732335,0.199437466,-0.053994835,-0.50937655,0.044468657,0.251894401,1.739308127,-0.066320608,0.170539567,-0.936744117,0.624242161,0.120904186,0.416693086,0.14001912,-0.841737232,0.518429779,0.284995069,-0.043089381,1.954620538,1.044053725,-0.468499685,0.005500903,-0.250789598,0.773957299
0,0.824022054,0.843874254,0.32150907,-0.628518149,-0.618175593,-0.321051761,-2.929234962,2.60757842,2.111730417,0.214730616,0.143679764,1.563842315,-0.313732335,1.104681415,1.029908141,1.228830233,2.78681165,1.338575195,1.036997843,0.367657813,1.490221688,1.538577405,0.145407129,1.677205797,0.780830496,0.324995502,2.367877633,1.800365233,2.903868674,1.608655702,4.226658085,2.797032819,-0.468499685,2.24986929,4.99650045,3.166188951
0,0.824022054,0.980107443,-1.561116366,-0.807087528,0.590879376,-0.334511578,-1.915624465,0.361821904,1.546663666,2.844933214,2.60541565,1.424210474,-0.313732335,1.066530265,0.315542518,0.825598721,2.327492386,-0.513259672,1.658329632,-0.698919335,0.961261139,0.402009746,0.694331476,-0.673033191,-0.837828457,-0.736040216,1.298006011,1.800365233,2.380093953,-0.215342351,-0.31741701,1.920543272,-0.006789851,0.005500903,-0.250789598,-0.422158527
0,0.824022054,-0.142422718,0.046283393,-0.811130267,0.585737189,-0.337626285,0.138626141,0.832906583,0.50496834,0.214730616,0.780626526,0.375529262,1.870509417,-0.804902488,-1.197007259,0.976297191,-0.332317205,-0.565753185,0.468575668,-0.698919335,0.500266242,0.728707655,-0.780950478,1.100045914,-1.451827381,-0.375388186,0.22813439,-0.763505675,-1.286329094,-1.976770186,-0.31741701,0.167564178,-0.468499685,-0.742621893,-0.250789598,-0.422158527
0,0.824022054,0.008238879,-2.090036635,-0.619532023,-0.396262921,-1.268998379,-1.050676841,1.419216209,2.117436938,-0.49763767,-0.497039631,-0.767615937,2.13223476,-1.307632422,0.22762541,1.153402241,0.044468657,0.683338181,2.152388549,2.045806987,-0.613561151,0.756578407,1.783705927,-0.529245362,0.398943217,-0.284554958,1.298006011,0.518429779,0.80876979,0.37752005,-0.31741701,-0.708925369,-0.468499685,2.24986929,2.372855426,-0.422158527
0,0.824022054,0.163239714,0.078364274,0.855208343,0.588098448,1.726439777,0.131868738,-0.087094179,0.028030006,-0.49763767,0.093131654,-0.173459411,-0.313732335,-1.307632422,-0.940163333,-0.472625375,0.525060897,-0.004511313,0.261109998,-0.698919335,0.268768195,-0.913743465,0.212805227,0.715295337,0.845644747,-0.318345936,-0.841737232,1.800365233,-0.238779652,-0.543731316,1.954620538,0.167564178,-0.468499685,0.753623699,2.372855426,1.970073125
0,0.824022054,-0.404854621,0.550446711,-0.790753267,-0.611567413,-1.251573044,-0.59793082,-0.862535582,0.584440277,0.214730616,1.500726916,0.401085654,-0.313732335,-1.307632422,-0.998377979,-0.107392119,0.113398043,-0.513259672,-0.285858532,0.466967966,-0.767869833,-0.472653989,-0.544850563,-0.427278699,0.329398327,-1.108277502,0.22813439,0.518429779,-0.238779652,-1.060133854,-0.31741701,0.167564178,-0.468499685,-0.742621893,-0.250789598,-0.422158527
0,0.824022054,0.869757679,-0.323776808,-0.251143843,-0.417535804,0.144933052,-0.138427394,-0.809294389,2.12262506,-0.49763767,-1.079724628,3.143174419,-0.313732335,-0.805275793,-1.616229126,-0.152760866,1.3953718,-0.947097336,-0.985439939,0.766096843,-0.119742574,-0.093466495,1.056436114,-1.380218811,-1.206512201,-0.833701987,-0.841737232,1.800365233,-0.238779652,-0.865732291,-0.31741701,-0.708925369,-0.468499685,-0.742621893,-0.250789598,-0.422158527
0,0.824022054,-0.352196209,0.69018862,1.307463735,-0.647559977,2.861546862,0.510283324,-0.818758954,-0.478901241,-0.49763767,0.697347561,0.398113189,-0.313732335,-1.307632422,-1.822179508,-1.425061685,0.894365945,-0.947097336,0.49470137,-0.698919335,0.052139006,-0.539582528,-0.679806536,-0.640081888,0.147934156,-1.081850873,-0.841737232,1.800365233,-0.762554373,-2.298619703,1.954620538,0.167564178,-0.468499685,-0.742621893,2.372855426,-0.422158527
0,0.824022054,-0.313280707,0.65344892,-0.253176994,0.842257766,2.861558705,0.70624802,-0.818758954,-0.9463765,0.139529219,0.697347561,-0.196043338,-0.313732335,-1.307632422,-1.428332915,-1.425061685,0.894365945,-0.947097336,0.49470137,-0.698919335,0.052139006,-0.185688248,-0.684457241,-0.758711301,0.147934156,-1.081850873,-0.841737232,1.800365233,-0.762554373,-2.007551919,1.954620538,0.167564178,-0.468499685,-0.742621893,2.372855426,-0.422158527
0,0.824022054,1.170487357,-1.526279327,-0.835259608,0.842257088,0.581992203,-0.469540157,-0.818758954,0.025095895,1.408530003,0.134437344,1.876845679,-0.313732335,-0.122041187,-0.385567016,0.105864518,0.081564388,-0.25273579,-0.364108152,0.910356844,-0.306874936,-0.53500131,1.602085443,-0.489114272,-1.245645186,-0.755401944,-0.841737232,1.800365233,0.284995069,0.634286917,1.954620538,1.044053725,-0.468499685,-0.742621893,-0.250789598,-0.422158527
0,0.824022054,1.113639693,0.27623737,-0.763338498,-0.417605349,0.11752996,-1.672357946,0.679219672,2.609828313,-0.49763767,-1.079724628,3.105630298,-0.313732335,-0.805275793,0.702399542,0.201084252,1.785090462,2.313773697,1.675946939,1.54295557,0.297884582,0.34168816,1.164378346,-0.014192334,-0.071786735,0.493266303,1.298006011,1.800365233,1.856319232,0.201738985,-0.31741701,-0.708925369,-0.468499685,0.753623699,-0.250789598,-0.422158527
0,0.824022054,0.94641898,0.559985875,-0.762464747,-0.41785852,-0.307393953,-0.638475239,-0.446827022,-0.453435708,0.214730616,0.755381959,0.363610613,-0.313732335,-0.369232037,-0.579483829,-0.451960844,0.974009393,0.78825332,-0.253953314,-0.210580609,-0.201775879,0.658976386,-0.159108481,-0.277463509,-0.09370622,-0.734820309,0.22813439,0.518429779,0.80876979,-0.78978026,1.954620538,0.167564178,-0.468499685,-0.742621893,-0.250789598,-0.422158527
0,0.824022054,0.959475135,-1.564947939,-0.687291121,0.590879374,-0.341041005,-1.260156344,1.093486679,2.551106011,2.844933214,1.357841735,1.995783073,0.908009424,0.227225885,0.500355564,1.485057045,1.883995877,-0.04196666,2.2816046,-0.165630761,1.944982248,0.832796159,1.155325922,-0.791304377,-0.396073511,0.732375453,1.298006011,0.518429779,1.856319232,-0.364582524,-0.31741701,1.920543272,-0.468499685,1.501746494,-0.250789598,0.773957299
0,-1.213559752,0.402222134,0.018265886,-0.119064827,0.842257065,-0.248786198,0.267016804,0.25965324,0.925075721,0.875235958,0.143679764,-0.767615937,-0.313732335,-0.59124138,-1.822179508,0.561342597,-0.805428631,0.466781699,0.884384966,-0.698919335,-0.350242676,1.423281051,0.153985823,-1.03394091,0.189661892,-0.732110239,0.22813439,-0.763505675,-0.238779652,-0.583573836,-0.31741701,-0.708925369,-0.006789851,2.24986929,-0.250789598,3.166188951
0,0.824022054,1.324345773,-1.469998443,-0.797102596,0.842257101,0.826233136,-0.570901206,-0.016602739,-0.463883321,1.428439329,0.120054352,2.519178939,-0.313732335,-0.858997913,-0.499155246,0.129980474,1.424986716,1.038170415,1.035054662,1.616930798,0.110752221,1.417654296,1.238370779,-0.35765991,-0.065191189,0.088795502,-0.841737232,1.800365233,-0.238779652,-0.094407117,-0.31741701,1.920543272,-0.468499685,0.005500903,-0.250789598,0.773957299
0,0.824022054,0.091866528,-1.563123074,-0.592001962,0.590885144,-0.23121464,0.145383545,-0.809294389,-0.9463765,-0.49763767,0.759583302,0.830053947,1.791566361,-0.838432229,-1.175221038,-0.149900693,0.021165088,-0.127484142,-0.285858532,-0.12814443,0.115837089,0.186533739,0.320477106,-0.720354978,-0.290890114,-0.719913875,0.22813439,0.518429779,-0.238779652,-0.966398801,-0.31741701,0.167564178,-0.468499685,-0.742621893,-0.250789598,-0.422158527
0,0.824022054,0.468964623,-1.918227633,-0.67062694,0.590872007,-0.630357655,-0.685777063,-0.459419278,0.521308371,0.211451507,0.129296772,1.951123635,0.633118763,-1.039875889,0.183903934,0.741206886,1.798882623,0.249500517,0.90389543,1.41320826,0.314485496,1.389542845,2.456765655,-1.363383704,0.109376288,0.820377056,0.22813439,3.082300686,0.284995069,-0.044684151,-0.31741701,0.167564178,-0.468499685,0.005500903,-0.250789598,-0.422158527
0,0.824022054,1.306775381,-1.822757795,0.087934553,0.511050327,-0.364197935,-0.151942201,0.271743639,1.087279622,-0.49763767,1.939390429,0.871567,-0.313732335,-0.603832133,-0.470047922,1.176772837,0.49715873,-0.509141503,1.759319347,-0.210580609,0.868701265,-0.913970962,1.413355818,-1.98900627,-0.070732403,-0.078915491,0.22813439,0.518429779,-0.238779652,-1.097553036,1.954620538,1.044053725,-0.468499685,0.753623699,-0.250789598,-0.422158527
0,0.824022054,0.897176799,-0.939390301,-0.660957698,0.842257111,-0.303712379,-1.280428554,-0.793055717,1.06350885,0.927098903,2.641545594,1.396728187,-0.313732335,-0.155197623,-0.986344409,0.493009386,0.554675814,-0.297488623,1.003598695,2.045806987,0.077554216,1.451489066,0.994849612,-0.566644391,-2.088128936,-1.081850873,0.22813439,1.800365233,0.80876979,0.090987114,-0.31741701,0.167564178,-0.468499685,-0.742621893,-0.250789598,-0.422158527