target,MaxEStateIndex,MinEStateIndex,MinAbsEStateIndex,qed,MolWt,MaxPartialCharge,MaxAbsPartialCharge,FpDensityMorgan1,BCUT2D_MWHI,BCUT2D_CHGHI,BalabanJ,HallKierAlpha,PEOE_VSA1,PEOE_VSA10,PEOE_VSA12,PEOE_VSA13,PEOE_VSA14,PEOE_VSA2,PEOE_VSA3,PEOE_VSA4,PEOE_VSA5,PEOE_VSA8,PEOE_VSA9,SMR_VSA1,SMR_VSA10,SMR_VSA2,SMR_VSA3,SMR_VSA6,SMR_VSA7,SMR_VSA9,SlogP_VSA1,SlogP_VSA10,SlogP_VSA11,SlogP_VSA3,SlogP_VSA8,EState_VSA11,EState_VSA2,EState_VSA3,EState_VSA6,EState_VSA7,EState_VSA9,VSA_EState1,VSA_EState5,VSA_EState6,NHOHCount,NumAliphaticHeterocycles,NumAromaticHeterocycles,NumRotatableBonds,RingCount,MolLogP,fr_Al_COO,fr_Ar_NH,fr_NH1,fr_Ndealkylation1,fr_alkyl_carbamate,fr_ether,fr_methoxy,fr_sulfonamd
1,0.902480484,-0.627785275,-0.740625563,-1.59344563,2.553405094,0.432817572,0.291769585,-1.103421603,-0.610622822,0.896823333,-0.37738567,-0.543871593,2.552888418,1.607377197,0.20025111,1.762858999,0.271241928,1.367084155,-0.196043338,-0.440614002,-0.313732335,2.415374296,1.519137601,3.288415979,0.443995437,-0.204210988,-0.369412935,1.776531027,-0.179939731,-0.657124366,-0.985439939,-0.698919335,-0.525833016,3.428741203,-0.55909501,-0.254210831,3.741040637,2.694422407,1.658872503,1.819284386,2.07946954,0.737226078,-2.960569827,-1.183751271,0.873188011,2.367877633,-0.763505675,0.710431433,0.284995069,0.925176514,-0.344657911,-0.31741701,-0.708925369,-0.225519812,-0.266206953,3.746114882,3.166188951,-0.338753743
1,1.960718857,0.236079322,-0.566286623,-1.863854937,3.325807655,1.120622373,0.188192844,-2.427235474,-0.417353188,0.372877557,-1.457786526,-3.327921758,3.364427706,3.025433135,0.927098903,-0.616091285,1.503234613,0.143679764,4.180821646,-0.440614002,-0.313732335,2.334566131,3.98576211,2.756896263,2.049660117,-0.204210988,2.78681165,3.323034079,2.316502151,-0.657124366,1.703180101,4.074548899,-0.525833016,1.325350817,1.89735124,7.793388355,1.899571939,4.878282358,2.752144898,-0.898672324,2.13361682,3.569707047,-1.176817569,0.225708463,1.567653329,3.437749254,1.800365233,2.156097391,3.427643395,2.373076146,-0.344657911,4.226658085,2.797032819,-0.225519812,4.561012458,2.24986929,4.362304777,-0.338753743
1,0.838927639,-0.676856436,-0.77674935,-1.373529783,1.784740953,0.435592972,0.232101356,-0.737231559,-0.608924944,1.082313556,-0.253358699,-0.118155184,2.187056031,1.090138105,0.20025111,1.762858999,0.271241928,0.755381959,-0.196043338,-0.440614002,0.908009424,2.002470724,1.018533337,2.624943,0.114895355,-0.204210988,-0.369412935,0.900619363,-0.592519697,-0.657124366,-0.985439939,-0.698919335,-0.525833016,2.588402023,-0.55909501,-0.254210831,2.06648265,2.294463823,0.737167461,0.642161032,1.560505379,0.489261231,-2.881731512,-1.183441181,0.873188011,2.367877633,-0.763505675,0.22854278,0.284995069,0.231050678,-0.344657911,-0.31741701,-0.708925369,-0.225519812,-0.266206953,2.997992086,3.166188951,-0.338753743
1,0.468964623,-1.918227633,-0.67062694,-0.390319093,0.756092089,1.029650663,0.51521545,0.526360867,0.590872007,0.622686654,-0.406891802,-0.685777063,-0.459419278,0.521308371,0.211451507,2.625689853,0.312259617,0.129296772,1.951123635,2.647117734,0.633118763,1.072766817,0.043526882,0.741206886,0.018460467,-0.204210988,1.798882623,0.249500517,-0.383665489,0.720874722,0.90389543,1.41320826,0.473857001,0.314485496,0.088541501,-0.254210831,1.389542845,-0.844679798,-0.575463115,-0.021280414,-0.515351263,2.456765655,0.109376288,-0.440839623,-0.515742626,0.22813439,3.082300686,0.469487107,0.284995069,-0.044684151,-0.344657911,-0.31741701,0.167564178,-0.225519812,-0.266206953,0.005500903,-0.422158527,2.951996903
1,0.959475135,-1.564947939,-0.687291121,-0.661405954,1.599748947,1.124941042,0.816548576,-0.050181482,0.590879374,1.373864667,-1.115385697,-1.260156344,1.093486679,2.551106011,2.844933214,0.58599395,0.295800791,1.357841735,1.995783073,-0.440614002,0.908009424,-0.161046812,0.977558766,1.485057045,1.334300752,-0.204210988,1.883995877,-0.04196666,-0.571454227,0.712823027,2.2816046,-0.165630761,1.451363972,1.944982248,0.669128116,-0.254210831,0.832796159,1.713889028,-0.17295137,0.641257493,1.614652659,1.155325922,-0.396073511,-0.595771581,0.873188011,1.298006011,0.518429779,0.22854278,1.856319232,-0.364582524,-0.344657911,-0.31741701,1.920543272,-0.225519812,2.147402753,1.501746494,0.773957299,2.951996903
1,0.008238879,-2.090036635,-0.619532023,-0.898785203,0.441202428,2.571913131,1.905242063,-0.026970333,-0.396262921,0.247447709,-1.334314796,-1.050676841,1.419216209,2.117436938,-0.49763767,-0.616091285,2.693025549,-0.497039631,-0.767615937,-0.440614002,2.13223476,1.009174492,-0.669563258,1.153402241,-0.564430283,-0.204210988,0.044468657,0.683338181,0.430645476,2.082770419,2.152388549,2.045806987,3.42856096,-0.613561151,-0.55909501,-0.254210831,0.756578407,-0.128395578,-0.738384009,0.561006338,0.522577058,1.783705927,0.398943217,0.77665652,-1.210207945,1.298006011,0.518429779,0.469487107,0.80876979,0.37752005,-0.344657911,-0.31741701,-0.708925369,-0.225519812,-0.266206953,2.24986929,-0.422158527,-0.338753743
1,-0.634294192,0.434022146,1.717266174,1.370023693,-1.194760343,0.27078557,0.588592049,0.549594664,-0.631746698,-1.273547921,1.252413614,0.875183102,-0.809294389,-0.9463765,-0.49763767,-0.616091285,0.271241928,-0.468022432,-0.767615937,-0.440614002,-0.313732335,-1.344622656,-0.713700093,-0.735856666,-0.879457498,-0.204210988,-0.805428631,-0.947097336,-0.612382889,-0.657124366,-0.985439939,-0.698919335,-0.525833016,-0.201775879,-0.55909501,-0.254210831,-1.305379516,-0.883726854,-0.583602997,0.236970143,-0.474851338,-0.780950478,-0.069890507,0.036985341,-0.515742626,-0.841737232,-0.763505675,-0.494290199,-1.286329094,-0.466460704,2.122367134,-0.31741701,-0.708925369,-0.225519812,-0.266206953,-0.742621893,-0.422158527,-0.338753743
1,0.576988829,0.407192762,-0.756323171,-1.593230306,2.233829945,1.11988293,0.18820763,-2.454713907,-0.618210207,0.260928637,-1.186156222,-2.375127891,2.305744761,1.101522238,2.351835477,-0.616091285,1.503234613,1.367084155,0.375529262,-0.440614002,-0.313732335,0.594339936,0.721643659,1.236859545,1.789881966,-0.204210988,1.012825613,1.892845071,1.303491607,-0.657124366,2.457614302,2.265453994,-0.525833016,1.812935056,-0.55909501,-0.254210831,2.300187587,1.871377633,-0.394705504,1.533114921,0.003612897,-0.375917084,-0.458701939,1.910179302,1.567653329,2.367877633,-0.763505675,1.674208738,1.332544511,1.588876992,-0.344657911,-0.31741701,2.797032819,-0.225519812,4.561012458,0.753623699,1.970073125,-0.338753743
1,-0.400939277,-1.325171518,-0.4932647,0.742952368,-0.686185602,-0.056924655,0.217298065,0.277427338,0.590858712,-1.144009646,0.746308225,-0.003279328,-0.837843922,-0.459173247,0.711107462,0.541266943,-0.911633031,0.813151814,0.23589742,-0.440614002,-0.313732335,-0.954512982,0.484329135,-0.166668889,-0.001471919,-0.204210988,-0.805428631,-0.21939861,0.211170315,0.697452982,0.259166817,0.566278118,1.429180925,-0.306874936,-0.55909501,-0.254210831,-0.139612478,-0.894216277,0.953811666,-0.898672324,-0.515351263,0.518052432,0.341476556,0.625764463,-0.515742626,-0.841737232,-0.763505675,-0.253345873,-0.762554373,-0.606604452,-0.344657911,-0.31741701,0.167564178,-0.225519812,-0.266206953,0.005500903,-0.422158527,2.951996903
1,0.958486698,0.291687922,-0.756770556,-1.180816133,1.165818004,0.087820244,-1.334415184,-0.889004062,-0.645563793,0.861170357,-0.901515307,-0.874984355,0.8172307,1.072040732,2.33688973,1.788079184,-0.911633031,3.226360266,-0.173459411,-0.440614002,-0.313732335,0.261783699,-0.26865105,0.577401221,0.790718033,-0.204210988,2.410025789,-0.513259672,-1.005794611,-0.657124366,1.812885689,-0.698919335,-0.525833016,0.922978266,-0.55909501,-0.254210831,1.104313429,-0.044762632,-0.716525459,0.397472454,-1.034315424,-0.780950478,-1.102768349,-1.526524392,1.567653329,0.22813439,0.518429779,1.674208738,0.80876979,-0.745901813,-0.344657911,-0.31741701,2.797032819,-0.225519812,-0.266206953,-0.742621893,-0.422158527,-0.338753743
1,1.113639693,0.27623737,-0.763338498,-1.308906388,1.270134893,0.621725391,0.766808447,-0.683163226,-0.417605349,0.442632876,-1.564085111,-1.672357946,0.679219672,2.609828313,-0.49763767,-0.616091285,0.215844065,-1.079724628,3.105630298,1.282804124,-0.313732335,2.198789223,1.516467941,0.201084252,-0.571855151,-0.204210988,1.785090462,2.313773697,2.150226422,0.690134632,1.675946939,1.54295557,0.451673954,0.297884582,0.074017035,-0.254210831,0.34168816,0.717207917,0.139462459,1.128827572,0.003612897,1.164378346,-0.071786735,1.565674197,-0.515742626,1.298006011,1.800365233,1.433264412,1.856319232,0.201738985,-0.344657911,-0.31741701,-0.708925369,-0.225519812,-0.266206953,0.753623699,-0.422158527,-0.338753743
1,-0.796450762,0.870671501,-0.298197261,1.092369915,-0.865265919,-1.437578743,0.978211635,0.311448253,-0.639241637,0.944459408,-0.355284725,1.071147799,-0.414912468,-0.459173247,-0.49763767,-0.616091285,-0.911633031,-1.079724628,-0.767615937,-0.440614002,-0.313732335,-1.344622656,-0.700599495,-0.714139282,-1.219145489,-0.204210988,-0.805428631,-0.947097336,-0.827236931,0.020164307,-0.985439939,-0.698919335,0.451673954,-0.624487904,-0.55909501,-0.254210831,-0.52120542,-0.156953211,-1.038345413,-0.33085109,-1.034315424,-0.780950478,1.119672424,-0.222463734,0.178722692,-0.841737232,-0.763505675,-1.458067504,0.284995069,-0.227690682,-0.344657911,-0.31741701,-0.708925369,-0.225519812,-0.266206953,-0.742621893,-0.422158527,-0.338753743
1,-0.24274602,0.351056678,-0.210988636,0.824837119,-0.735477924,-1.088514894,-0.899391467,0.46299597,-0.637946495,1.350197901,-0.446085598,1.037360782,-0.809294389,-0.471753566,-0.49763767,-0.616091285,-0.911633031,-0.468022432,-0.767615937,-0.440614002,0.879116353,-0.583497464,-1.130382703,-0.735856666,-0.890045407,-0.204210988,-0.805428631,-0.947097336,-1.453303403,0.796965212,-0.985439939,-0.698919335,-0.525833016,-0.767869833,-0.55909501,-0.254210831,-0.936744117,0.58241112,-1.038345413,-0.614309938,-0.330582084,-0.780950478,2.356330451,-1.028741088,-0.515742626,-0.841737232,-0.763505675,-1.458067504,0.284995069,-0.279676617,-0.344657911,-0.31741701,-0.708925369,-0.225519812,-0.266206953,-0.742621893,-0.422158527,-0.338753743
1,1.82328411,-1.176582049,-0.776125186,-1.705674618,2.208358839,1.119882939,0.18820763,-1.428852441,-0.406830467,1.03978717,-1.606223712,-2.510275957,1.875913645,1.064671913,0.927098903,0.589117493,1.503234613,0.143679764,1.563842315,1.043401113,-0.313732335,0.936589572,1.899422966,1.180598321,0.77450543,-0.204210988,2.78681165,0.429326352,1.093931273,3.290471014,0.413722875,1.344335266,-0.525833016,1.012258331,4.399547348,3.769588762,3.067569411,1.965463526,1.284201154,1.762434443,1.095688499,1.053802651,-0.842806399,0.83438727,1.567653329,1.298006011,1.800365233,0.951375759,3.427643395,1.998795227,-0.344657911,4.226658085,2.797032819,-0.225519812,4.561012458,0.753623699,1.970073125,-0.338753743
1,0.980107443,-1.561116366,-0.807087528,-1.372689351,1.594639772,-0.067314162,0.461196072,-0.662787067,0.590879376,1.374105413,-1.257919243,-1.915624465,0.361821904,1.546663666,2.844933214,1.788079184,-0.911633031,2.60541565,1.424210474,-0.440614002,-0.313732335,0.540087236,0.925755896,0.825598721,1.929302588,-0.204210988,2.327492386,-0.513259672,1.125617695,0.035534353,1.658329632,-0.698919335,0.473857001,0.961261139,1.853777844,-0.254210831,0.402009746,1.468383879,-0.583602997,1.941337384,0.030686537,0.694331476,-0.837828457,0.776523831,0.873188011,1.298006011,1.800365233,0.22854278,2.380093953,-0.215342351,-0.344657911,-0.31741701,1.920543272,-0.225519812,-0.266206953,0.005500903,-0.422158527,2.951996903
1,0.656880383,0.256907718,-0.427682585,-1.712744477,1.37067847,1.122524539,0.057627252,-0.879283802,0.583273652,-0.293305042,-0.734921269,-1.165552698,1.166824416,0.125453434,0.214730616,-0.616091285,1.490923839,0.167849288,0.969685789,-0.440614002,3.896865058,0.622162575,1.670532266,0.261360131,1.097210445,-0.204210988,1.936914362,-0.479922492,1.833686392,-0.657124366,1.113304281,0.367657813,-0.525833016,1.941463963,-0.55909501,-0.254210831,0.797098832,0.323868901,0.938049118,2.840297285,-0.515351263,-0.549312277,0.039876677,1.243926314,1.567653329,-0.841737232,1.800365233,2.637986044,0.284995069,0.795100308,-0.344657911,-0.31741701,1.920543272,-0.225519812,2.147402753,0.005500903,-0.422158527,-0.338753743
1,0.257941403,0.363521748,-0.653929105,-0.893521203,-0.137230934,0.501594415,0.287655763,0.232066115,-0.611539982,0.116089081,1.012556577,-0.401966123,0.304441444,-0.38652125,-0.49763767,0.541266943,1.454116888,0.210692039,0.375529262,-0.440614002,-0.313732335,0.625524871,1.312739488,0.574321097,-0.216124337,-0.204210988,-0.332317205,0.40010734,0.347111317,-0.657124366,-0.285858532,-0.066320608,-0.525833016,0.907723661,-0.55909501,-0.254210831,1.155688221,-0.196059035,1.179055666,-0.898672324,0.522577058,-0.115085594,-0.685507874,-0.237610476,-0.515742626,0.22813439,-0.763505675,0.469487107,-0.762554373,-0.512076469,-0.344657911,-0.31741701,0.167564178,-0.225519812,-0.266206953,1.501746494,0.773957299,-0.338753743
1,1.324345773,-1.469998443,-0.797102596,-0.569210999,0.468767049,1.116415353,0.188323006,0.787741076,0.842257101,-0.738187336,0.12973109,-0.570901206,-0.016602739,-0.463883321,1.428439329,-0.616091285,0.295800791,0.120054352,2.519178939,0.421095061,-0.313732335,1.688843885,0.612057085,0.129980474,1.020278982,-0.204210988,1.424986716,1.038170415,-0.398453089,1.995099281,1.035054662,1.616930798,-0.525833016,0.110752221,1.947217099,1.757688966,1.417654296,-0.143447804,0.52932434,-0.250599935,0.236667522,1.238370779,-0.065191189,-0.503321625,0.873188011,-0.841737232,1.800365233,0.710431433,-0.238779652,-0.094407117,-0.344657911,-0.31741701,1.920543272,-0.225519812,2.147402753,0.005500903,0.773957299,2.951996903
1,0.561307535,0.909145997,-0.66578876,-0.158335126,0.02468754,0.163350622,-0.234260892,0.043533541,0.842257052,-0.384969209,-0.82306025,-0.530356786,-0.105686295,-0.478901241,-0.49763767,1.809950685,-0.911633031,-0.468022432,-0.767615937,2.935767116,-0.313732335,0.62952046,0.534439664,-0.783843598,0.751074937,-0.204210988,1.4083046,0.679220013,0.434163382,0.012845958,-0.340711326,-0.029918628,-0.525833016,-1.190581857,1.309622747,-0.254210831,-0.491928046,1.299117046,0.572519318,0.790325859,0.720604476,-0.526880518,0.136979359,0.566295549,-1.210207945,0.22813439,1.800365233,-0.735234525,0.80876979,-0.004013063,-0.344657911,-0.31741701,-0.708925369,-0.225519812,-0.266206953,-0.742621893,-0.422158527,-0.338753743
1,0.672995294,-1.981410804,-0.618117791,-1.841304077,2.105876269,0.121748424,0.215928364,-0.2468294,0.8422572,-0.301734144,-1.441555916,-1.942654079,0.701951055,0.988500454,-0.49763767,3.783048082,-0.911633031,1.447540192,1.392990458,-0.440614002,-0.313732335,4.244175311,0.38901137,0.496804091,2.263492732,-0.204210988,0.937773024,3.209083018,2.278893022,0.697452982,1.603476837,1.198876845,1.429180925,0.110752221,1.289518473,-0.254210831,0.623458131,0.688326799,0.9623812,-0.046940473,1.274595844,0.976657383,0.071799461,1.737276875,0.873188011,1.298006011,1.800365233,1.674208738,2.380093953,2.022226763,-0.344657911,1.954620538,1.920543272,-0.225519812,-0.266206953,0.753623699,-0.422158527,2.951996903
1,0.843874254,0.32150907,-0.628518149,-1.739179941,2.178461444,1.122194037,0.695085552,-1.062473347,-0.618175593,0.350836235,-1.485841513,-2.929234962,2.60757842,2.111730417,0.214730616,0.58599395,1.503234613,0.143679764,1.563842315,-0.440614002,-0.313732335,1.006695823,2.800939437,1.228830233,1.387520043,-0.204210988,2.78681165,1.338575195,1.738493401,2.657017909,1.036997843,0.367657813,0.451673954,1.490221688,4.360089952,-0.254210831,1.538577405,1.450542402,0.157438117,2.006219483,2.13361682,0.145407129,0.780830496,1.859689439,1.567653329,2.367877633,1.800365233,1.192320086,2.903868674,1.608655702,-0.344657911,4.226658085,2.797032819,-0.225519812,4.561012458,2.24986929,3.166188951,-0.338753743
1,0.438382835,-1.451186859,-0.375792697,0.329244087,0.032079644,2.687586289,2.094417405,-0.258659823,-0.405690641,0.876415447,-0.82575663,-0.949315792,0.332990977,-0.453381311,0.214730616,-0.616091285,1.518587025,-0.468022432,0.398113189,-0.440614002,1.316912395,-0.986853958,0.043526882,0.868571888,-0.212234772,-0.204210988,-0.361932122,-0.594658986,0.658929479,2.023564804,0.960691405,0.924869533,1.429180925,-0.29045533,0.694061045,-0.254210831,0.25832183,0.957742773,0.953811666,-0.57463613,-1.034315424,0.740301961,-0.332964343,0.894732986,0.178722692,0.22813439,0.518429779,-0.253345873,0.80876979,0.279169965,-0.344657911,-0.31741701,0.167564178,-0.225519812,-0.266206953,0.753623699,-0.422158527,-0.338753743
1,-1.327447742,1.063203742,0.463531547,0.451493467,-0.053295914,-0.34282545,-0.038756991,-0.40299098,4.265266274,-1.104797924,-0.004697864,-0.685777063,0.015593209,0.412832119,0.928783375,-0.616091285,-0.911633031,-1.079724628,-0.767615937,3.022618038,-0.313732335,-0.978884088,0.507741467,-1.095332524,0.680570553,7.730844549,0.081564388,-0.214586642,0.369820935,2.142723503,1.091850636,1.242414913,1.451363972,-1.190581857,-0.55909501,-0.254210831,-0.10408277,0.43177008,1.352243082,-0.250599935,1.265792561,-0.506528339,0.661685393,0.940515685,0.873188011,-0.841737232,0.518429779,-0.494290199,-0.238779652,0.265975248,-0.344657911,-0.31741701,0.167564178,-0.225519812,-0.266206953,0.005500903,-0.422158527,-0.338753743
1,1.170487357,-1.526279327,-0.835259608,-0.73515645,0.219090397,-0.4121596,-1.353204916,0.174333652,0.842257088,-0.56586854,-0.25288454,-0.469540157,-0.818758954,0.025095895,1.408530003,-0.616091285,-0.911633031,0.134437344,1.876845679,-0.440614002,-0.313732335,0.837277258,0.066855381,0.105864518,1.29200791,-0.204210988,0.081564388,-0.25273579,1.061077361,0.653617411,-0.364108152,0.910356844,-0.525833016,-0.306874936,1.907759704,1.757688966,-0.53500131,0.494296864,1.815555031,-0.898672324,0.236667522,1.602085443,-1.245645186,0.387831435,0.178722692,-0.841737232,1.800365233,0.22854278,0.284995069,0.634286917,-0.344657911,1.954620538,1.044053725,-0.225519812,-0.266206953,-0.742621893,-0.422158527,2.951996903
1,0.620375353,0.467284708,-0.057232794,-1.74109668,2.173556636,1.11988293,0.364650503,-1.795231535,-0.618165695,0.167704807,-1.444726864,-3.037353415,2.59446744,1.551875167,1.678144155,-0.616091285,1.503234613,0.143679764,1.563842315,-0.440614002,-0.313732335,1.274570774,3.185459302,0.899101071,0.767080562,-0.204210988,3.193212429,0.863164015,1.760926408,3.998499778,1.036997843,0.367657813,0.451673954,0.490096505,4.414071813,-0.254210831,1.127268019,0.288613271,-0.631344463,2.281770982,1.614652659,0.021012392,0.752536325,2.076903472,1.567653329,2.367877633,3.082300686,1.192320086,2.903868674,1.779937556,-0.344657911,4.226658085,2.797032819,-0.225519812,4.561012458,1.501746494,1.970073125,-0.338753743
1,0.639061782,0.293536622,-0.120084815,-1.309239625,0.911361158,0.335760871,0.623598801,-0.920700568,-0.622734678,-0.0454317,-0.646302582,-1.192582311,1.166824416,0.052801437,0.214730616,0.58599395,0.283490017,0.143679764,-0.196043338,-0.440614002,-0.313732335,-0.114343304,-0.275190577,0.261360131,-0.203634819,-0.204210988,1.049921343,0.358533825,1.715387806,0.020164307,1.736579251,-0.165630761,0.451673954,0.787030098,-0.55909501,-0.254210831,1.199240916,0.721058067,-0.716525459,4.088310474,-0.515351263,-0.529029569,0.128695342,2.123048443,1.567653329,0.22813439,-0.763505675,2.156097391,0.284995069,0.092572974,-0.344657911,-0.31741701,1.920543272,-0.225519812,-0.266206953,0.005500903,-0.422158527,-0.338753743
1,-0.85067004,0.556723751,0.16720191,-0.361039184,0.043035709,-1.041442704,0.761856975,-1.124646773,-0.620512406,-0.01123576,0.123622256,-0.206001427,0.638077884,-0.9463765,-0.49763767,-0.616091285,-0.911633031,-1.079724628,-0.767615937,0.448678527,-0.313732335,-0.923749214,1.680643223,-0.106145038,-1.219145489,3.763316781,-0.369412935,2.272924882,-0.182674804,2.766980567,1.507659936,-0.698919335,3.384194865,-0.147073402,-0.55909501,-0.254210831,-0.902507218,-0.536074166,0.829505094,0.52088076,1.041541219,0.140624115,1.314281276,0.935987249,-1.210207945,-0.841737232,-0.763505675,1.674208738,-0.762554373,0.433328088,-0.344657911,-0.31741701,-0.708925369,1.234989449,-0.266206953,2.24986929,4.362304777,-0.338753743
1,0.057348616,0.212040941,-0.168358465,0.217097012,-0.424386498,0.616783742,0.522297792,-0.784025238,0.842257022,-0.216582984,0.241143355,0.185927965,-0.472011534,-0.459173247,-0.49763767,-0.616091285,0.271241928,-0.468022432,-0.196043338,-0.440614002,-0.313732335,-0.306094937,-0.700599495,-0.098115726,0.109803153,-0.204210988,-0.805428631,-0.947097336,0.424921144,0.020164307,-0.362164971,-0.698919335,0.451673954,-0.350242676,-0.55909501,-0.254210831,-0.496135823,0.111752435,3.968075576,-0.898672324,1.274595844,-0.3153153,0.122221406,0.779920631,-1.210207945,-0.841737232,-0.763505675,-0.012401546,-0.762554373,0.249314803,-0.344657911,-0.31741701,-0.708925369,-0.225519812,-0.266206953,0.753623699,-0.422158527,-0.338753743
1,0.94641898,0.559985875,-0.762464747,0.773137717,-0.057353346,-0.068013267,-1.446158646,-0.40299098,-0.41785852,-0.057234078,-0.92113876,-0.638475239,-0.446827022,-0.453435708,0.214730616,1.717280443,-0.911633031,0.755381959,0.363610613,0.421095061,-0.313732335,1.478709034,0.041501436,-0.451960844,0.0661745,-0.204210988,0.974009393,0.78825332,0.806575755,-0.657124366,-0.253953314,-0.210580609,-0.525833016,-0.201775879,0.640079184,-0.254210831,0.658976386,1.468506904,1.199020159,-0.33085109,-1.034315424,-0.159108481,-0.09370622,0.548359194,-0.515742626,0.22813439,0.518429779,-0.494290199,0.80876979,-0.78978026,-0.344657911,1.954620538,0.167564178,-0.225519812,-0.266206953,-0.742621893,-0.422158527,-0.338753743
1,-2.471441967,0.991120556,-0.225162775,0.914627158,-0.740477439,-1.273825712,0.637524429,-0.176184872,0.583181955,-1.136022061,-0.061201086,0.517040727,-0.42722333,0.058065845,-0.49763767,-0.616091285,-0.911633031,-1.079724628,-0.767615937,-0.440614002,1.791566361,-0.271712784,-1.130382703,-1.095332524,0.038997801,-0.204210988,-0.332317205,-0.046084828,0.431085188,0.020164307,0.337416436,-0.698919335,0.451673954,-1.190581857,0.640079184,-0.254210831,-0.889840819,-1.252358387,-0.293759469,-0.568835887,-0.515351263,-0.510044595,0.523036784,1.519934789,-0.515742626,-0.841737232,0.518429779,-0.012401546,-0.238779652,0.2274424,-0.344657911,-0.31741701,0.167564178,-0.225519812,-0.266206953,0.005500903,-0.422158527,-0.338753743
1,0.213665176,0.186847963,-0.443451098,-1.419042421,1.294339921,0.62081466,0.732038787,-0.791801447,0.842345395,0.494379144,-1.561094788,-1.185824908,0.650670139,2.781008979,0.20025111,-0.616091285,0.215844065,-1.079724628,2.058838565,1.282804124,-0.313732335,1.751107273,0.514317579,-0.4358742,0.748465986,-0.204210988,1.785090462,2.313773697,2.093942213,0.690134632,1.675946939,0.566278118,0.451673954,0.731915812,0.074017035,-0.254210831,0.354354559,0.543019177,1.197114761,1.168953149,3.06454295,0.229162259,-0.012215302,1.893133254,-1.210207945,1.298006011,1.800365233,1.192320086,1.856319232,0.649031856,-0.344657911,-0.31741701,-0.708925369,-0.225519812,-0.266206953,1.501746494,-0.422158527,-0.338753743
1,0.507111936,-1.406032866,-0.470252924,-0.146012389,0.177294854,0.229459101,0.593911621,0.46299597,0.590870734,-0.743673426,1.025912766,-0.192486621,-0.020530549,-0.453435708,1.428439329,-0.616091285,0.271241928,-0.468022432,2.460845345,-0.440614002,-0.313732335,0.237032733,1.423572982,0.866634917,0.37518132,-0.204210988,0.081564388,0.22014224,-0.186535875,0.668987458,-0.418960945,0.451043497,-0.525833016,0.115837089,1.370435275,-0.254210831,-0.060453924,0.1501056,-1.038345413,-0.250599935,-0.474851338,0.866544891,-0.581568963,-0.285867131,0.873188011,-0.841737232,0.518429779,0.951375759,-0.762554373,-0.765591431,2.122367134,-0.31741701,-0.708925369,-0.225519812,-0.266206953,-0.742621893,-0.422158527,2.951996903
1,-0.22945144,0.628656569,0.564361921,0.917556451,-0.022072625,0.058223729,0.969970884,0.365223251,0.585744425,-0.041427695,-0.825033294,-0.043823748,-0.077629614,1.549711444,0.214730616,0.45006538,-0.911633031,0.822012444,-0.767615937,-0.440614002,-0.313732335,-0.986853958,-0.760732042,0.257345475,0.084467917,-0.204210988,-0.332317205,-0.509141503,-0.021256422,1.374741655,0.960691405,-0.165630761,2.406687895,0.364318074,-0.55909501,-0.254210831,-0.189169343,-0.082709249,-1.038345413,1.533114921,0.003612897,-0.249551013,0.820650984,0.001015154,0.178722692,1.298006011,-0.763505675,-0.253345873,0.284995069,0.113117888,-0.344657911,-0.31741701,0.167564178,-0.225519812,-0.266206953,0.753623699,-0.422158527,-0.338753743
1,0.402222134,0.018265886,-0.119064827,1.417692242,-0.464596951,-0.4260155,0.8091482,0.390830392,0.842257065,1.245820009,0.483937254,0.267016804,0.25965324,0.925075721,0.875235958,-0.616091285,-0.911633031,0.143679764,-0.767615937,-0.440614002,-0.313732335,0.22968362,0.371430086,0.561342597,0.099215243,-0.204210988,-0.805428631,0.466781699,-0.856929597,1.374741655,0.884384966,-0.698919335,2.406687895,-0.350242676,-0.55909501,-0.254210831,1.423281051,-0.536074166,-0.583602997,-0.898672324,2.312524165,0.153985823,0.189661892,-0.820515256,-1.210207945,0.22813439,-0.763505675,-0.735234525,-0.238779652,-0.583573836,-0.344657911,-0.31741701,-0.708925369,-0.225519812,-0.266206953,2.24986929,3.166188951,-0.338753743
1,0.887629709,-2.079351329,-0.412943132,-0.415101597,0.18365017,1.211131079,0.249243566,-0.40299098,0.842257081,-0.16504458,-0.397089419,-0.847954742,0.394017853,1.003463977,-0.49763767,0.58599395,1.507382665,0.167849288,0.327352529,1.785408671,-0.313732335,0.653049904,0.01544022,0.794607936,0.7676634,-0.204210988,0.111179304,0.224954207,0.855047393,0.697452982,1.736579251,3.052921597,1.429180925,-0.646046368,-0.55909501,-0.254210831,0.639420657,-0.874479088,-1.038345413,-0.898672324,0.755631682,1.727491451,-0.242406893,0.083415064,0.873188011,-0.841737232,0.518429779,-0.253345873,-0.238779652,0.698701367,-0.344657911,-0.31741701,1.920543272,-0.225519812,-0.266206953,0.005500903,-0.422158527,-0.338753743
1,0.103624498,-1.231721394,0.998173556,-0.290376454,0.237303982,0.465651026,0.803856665,-0.675158306,0.590858796,-0.661789326,-0.000589296,-0.841197339,-0.837843922,-0.459173247,0.711107462,0.51519521,0.215844065,1.35299406,0.80747002,-0.440614002,-0.313732335,0.525263208,0.211144878,-0.50937655,0.287897525,-0.204210988,0.044468657,0.251894401,1.222347996,2.00087641,1.739308127,-0.066320608,0.451673954,0.170539567,2.511822818,-0.254210831,-0.936744117,-0.185671767,0.225480046,0.804791377,-0.515351263,0.624242161,0.416693086,1.16609932,0.178722692,-0.841737232,0.518429779,-0.253345873,0.284995069,-0.043089381,-0.344657911,1.954620538,1.044053725,-0.225519812,-0.266206953,0.005500903,0.773957299,2.951996903
1,0.974745376,-2.184569254,0.059260916,0.146202286,0.156843201,1.223096881,-0.300652369,0.895989445,0.579989928,1.249684739,-0.215907685,-0.665504853,-0.414631074,0.530217676,-0.49763767,1.788079184,0.312259617,0.768825722,0.349936456,2.6747012,-0.313732335,-0.525669669,0.489842223,0.464878774,1.086645105,3.763316781,0.111179304,0.16968622,0.014785515,0.057825872,1.003598695,2.519633024,-0.525833016,-0.223334344,-0.55909501,-0.254210831,0.195759632,0.325396662,-1.038345413,-0.898672324,0.880743479,1.564404222,-0.647011453,-0.246716874,-0.515742626,0.22813439,0.518429779,-0.735234525,0.284995069,-0.262267788,-0.344657911,-0.31741701,0.167564178,-0.225519812,-0.266206953,-0.742621893,-0.422158527,-0.338753743
1,0.022016104,0.307498204,-0.058167555,0.007847239,-0.496652661,0.496968439,0.370481747,-0.212473851,-0.611542726,0.200871678,1.320617852,-0.37493651,-0.061390943,-0.9463765,-0.49763767,0.541266943,1.454116888,0.210692039,0.375529262,-0.440614002,-0.313732335,0.13597437,1.41897107,0.244591935,-0.216124337,-0.204210988,-0.332317205,-0.004511313,0.347111317,-0.657124366,-0.285858532,-0.066320608,-0.525833016,0.490096505,-0.55909501,-0.254210831,0.219340487,-0.542611284,0.269570835,-0.898672324,0.003612897,-0.368673012,-0.76058871,-0.220608581,-0.515742626,0.22813439,-0.763505675,-0.494290199,-0.762554373,-0.866311397,-0.344657911,-0.31741701,0.167564178,-0.225519812,-0.266206953,0.753623699,1.970073125,-0.338753743
1,0.483866299,0.510944198,0.028016448,0.160339323,0.01481811,-0.18641783,-0.737268552,-0.40299098,0.842257051,-0.49135764,-0.533419419,-0.368179107,-0.020249154,-0.9463765,-0.49763767,1.788079184,-0.911633031,0.143679764,-0.767615937,-0.440614002,-0.313732335,1.204024341,-0.700599495,-0.402112848,0.760610794,-0.204210988,-0.805428631,0.163983034,1.445755696,-0.657124366,0.35887008,0.566278118,-0.525833016,-1.190581857,-0.55909501,-0.254210831,-0.501095347,2.016302839,2.072494452,0.601131915,0.236667522,-0.780950478,0.019902606,1.399343198,0.178722692,0.22813439,-0.763505675,-0.735234525,0.284995069,0.696180026,-0.344657911,-0.31741701,0.167564178,-0.225519812,-0.266206953,-0.742621893,-0.422158527,-0.338753743
1,0.270491083,0.601925624,-0.650844215,0.27976116,-0.266565334,-0.163534197,0.972716152,-0.567229886,-0.640278258,-0.526568505,0.212919853,-0.320877284,-0.013756442,0.012263588,0.157039906,0.58599395,-0.911633031,0.143679764,-0.767615937,-0.440614002,-0.313732335,0.510859859,-1.130382703,-0.735856666,0.061091849,-0.204210988,-0.361932122,-0.594658986,0.595924668,0.020164307,0.428460036,-0.066320608,0.451673954,-0.235752852,0.65460365,-0.254210831,0.571616843,-0.218933422,0.55538025,1.613366077,-1.034315424,-0.780950478,-0.004393847,0.404954302,0.873188011,-0.841737232,0.518429779,-0.976178852,-0.238779652,0.427946853,-0.344657911,1.954620538,1.044053725,-0.225519812,-0.266206953,-0.742621893,-0.422158527,-0.338753743
1,-0.067545092,0.728478417,-0.794603587,0.411231906,-0.366007322,-1.282527872,0.971797472,0.655437513,-0.621070065,0.60130088,-0.02954342,0.740035036,-0.443462001,0.992714676,-0.49763767,-0.616091285,-0.911633031,-0.468022432,-0.767615937,-0.440614002,-0.313732335,0.600078381,-1.130382703,-0.406127504,-0.890045407,-0.204210988,-0.805428631,-0.947097336,-1.042090974,0.697452982,-0.362164971,-0.698919335,1.429180925,-0.29045533,-0.55909501,-0.254210831,0.250302276,0.265944265,-1.038345413,-0.614761707,-0.515351263,-0.507150831,0.832909237,-0.479339894,-0.515742626,0.22813439,-0.763505675,-0.012401546,-0.238779652,0.954933674,-0.344657911,-0.31741701,-0.708925369,-0.225519812,-0.266206953,0.005500903,-0.422158527,-0.338753743
1,1.361871669,-2.238901592,0.039626277,-1.491923285,0.925238176,1.201734024,0.773230298,-0.508833828,-0.396972812,-0.064289494,0.016909008,-1.469635847,-0.03284141,-0.453435708,-0.49763767,0.51519521,2.622611671,1.309049756,0.850748395,1.785408671,-0.313732335,0.149977561,1.500719957,1.121938525,-0.879457498,-0.204210988,0.480484353,-0.04196666,2.440388442,1.330906086,1.817557746,1.742774296,0.451673954,0.930707068,0.679536579,1.757688966,1.996448893,-0.527926838,0.953811666,-0.898672324,0.044112823,2.584610524,-1.173806532,0.900020556,0.178722692,-0.841737232,0.518429779,1.433264412,0.284995069,0.630197534,2.122367134,-0.31741701,0.167564178,-0.225519812,-0.266206953,0.005500903,0.773957299,-0.338753743
1,0.19697125,0.249371384,-0.364541742,-0.169563538,-0.30207036,0.506785424,0.37009876,0.957845656,-0.611551142,0.168571603,1.251827518,-0.719564079,-0.061390943,0.050675184,-0.49763767,0.541266943,1.454116888,0.210692039,0.375529262,0.448678527,-0.313732335,-0.19804398,1.348150015,0.244591935,-0.216124337,3.763316781,-0.332317205,-0.475804324,0.347111317,0.057825872,-0.285858532,-0.066320608,-0.525833016,0.490096505,-0.55909501,-0.254210831,0.228434723,-0.550932587,0.325881834,-0.614628127,0.003612897,-0.350082506,-0.86345825,-0.025476459,-0.515742626,0.22813439,-0.763505675,-0.253345873,-0.762554373,-0.740565125,-0.344657911,-0.31741701,0.167564178,-0.225519812,-0.266206953,0.753623699,0.773957299,-0.338753743
1,1.306775381,-1.822757795,0.087934553,-0.854989663,0.416115133,1.576291054,0.316314667,0.920044638,0.511050327,1.035836193,-0.223588788,-0.151942201,0.271743639,1.087279622,-0.49763767,0.51519521,2.933759827,1.939390429,0.871567,0.41917063,-0.313732335,-0.556012759,-0.235405759,1.176772837,-0.438637508,-0.204210988,0.49715873,-0.509141503,0.380743713,0.020164307,1.759319347,-0.210580609,0.451673954,0.868701265,-0.55909501,1.757688966,-0.913970962,-1.252358387,1.066433666,-0.665418319,0.994843875,1.413355818,-0.070732403,0.035094887,0.873188011,0.22813439,0.518429779,0.951375759,-0.238779652,-1.097553036,-0.344657911,1.954620538,1.044053725,-0.225519812,-0.266206953,0.753623699,-0.422158527,-0.338753743
1,0.897176799,-0.939390301,-0.660957698,-0.261569281,0.682848952,-0.242900536,-1.275529693,0.526360867,0.842257111,0.65534526,-0.517323025,-1.280428554,-0.793055717,1.06350885,0.927098903,1.791202728,-0.911633031,2.641545594,1.396728187,0.448678527,-0.313732335,1.751989446,0.961776454,0.493009386,1.104188349,3.763316781,0.554675814,-0.297488623,1.074522554,0.057825872,1.003598695,2.045806987,-0.525833016,0.077554216,-0.55909501,-0.254210831,1.451489066,-1.252358387,-0.241482581,-0.614628127,0.236667522,0.994849612,-2.088128936,0.097587936,-0.515742626,0.22813439,1.800365233,0.22854278,0.80876979,0.090987114,-0.344657911,-0.31741701,0.167564178,-0.225519812,-0.266206953,-0.742621893,-0.422158527,-0.338753743
1,1.225249733,-1.483229461,-0.72915293,-0.60917257,0.371483375,2.687586289,2.094417405,0.240647968,-0.405688373,0.881378774,-0.734488166,-0.45602535,1.474476224,-0.453435708,0.214730616,-0.616091285,0.335712066,-0.468022432,-0.244220071,-0.440614002,1.316912395,0.106239636,1.860764656,1.551363679,0.061091849,-0.204210988,-0.399027852,0.281252678,0.027976284,0.697452982,0.960691405,1.398695571,1.429180925,0.763979879,0.65460365,1.757688966,0.759938714,0.927943483,0.569532238,-0.898672324,-1.034315424,1.465859838,-0.434422758,0.139634688,1.567653329,0.22813439,0.518429779,0.469487107,0.80876979,-0.322975957,-0.344657911,-0.31741701,0.167564178,-0.225519812,-0.266206953,0.753623699,-0.422158527,-0.338753743
1,0.188214125,-0.109536611,-0.50736424,-0.558000242,0.181756036,-0.674020817,0.974232407,-1.219492959,-0.614804097,0.218203959,-0.690478226,-1.043919438,2.231562841,0.986670095,0.19978487,-0.616091285,-0.911633031,-0.468022432,-0.767615937,-0.440614002,-0.313732335,-0.206634608,-0.164584704,2.004904787,-0.890045407,-0.204210988,-0.805428631,-0.037848492,0.444075437,4.08389635,1.507659936,-0.698919335,6.316715776,-1.190581857,-0.55909501,-0.254210831,1.480181001,-0.201111778,0.953811666,-0.898672324,1.041541219,0.200770966,-0.173381697,0.528134591,2.262118648,1.298006011,-0.763505675,-0.494290199,0.80876979,-0.782964623,-0.344657911,-0.31741701,-0.708925369,-0.225519812,-0.266206953,2.24986929,0.773957299,-0.338753743
1,1.569235117,-1.822574121,-0.041268377,-0.952633574,1.958437944,1.125691175,0.446577498,-0.238752074,0.5908892,1.660113596,-1.045902397,-1.341245184,1.093486679,1.58140958,3.619800963,0.58599395,1.469406615,1.357841735,3.042574806,1.043401113,-0.313732335,-0.931719084,1.753203529,2.707509868,1.334300752,-0.204210988,1.883995877,-0.07530384,-0.374412072,0.035534353,1.658329632,1.787724144,0.473857001,2.318677278,0.669128116,3.769588762,0.769733495,0.325997958,1.122744666,-0.677674674,0.522577058,3.68793795,-3.535157144,-0.586670779,0.873188011,1.298006011,0.518429779,-0.012401546,1.856319232,-0.117393186,-0.344657911,-0.31741701,1.920543272,-0.225519812,2.147402753,1.501746494,-0.422158527,2.951996903
1,0.862349954,-0.62434069,-0.719190567,-1.500417021,2.333820235,0.432817572,0.291769585,-1.135749168,-0.610639115,0.895144059,-0.369403389,-0.51684198,2.187056031,1.607377197,0.20025111,1.762858999,0.271241928,1.367084155,-0.196043338,-0.440614002,-0.313732335,2.415374296,0.588750129,2.958686817,0.443995437,-0.204210988,-0.369412935,0.900619363,-0.179939731,-0.657124366,-0.985439939,-0.698919335,-0.525833016,3.011114047,-0.55909501,-0.254210831,2.425950748,2.694422407,1.658872503,1.819284386,1.560505379,0.472773766,-2.959615416,-1.183034796,0.873188011,2.367877633,-0.763505675,-0.012401546,0.284995069,0.917781771,-0.344657911,-0.31741701,-0.708925369,-0.225519812,-0.266206953,2.997992086,3.166188951,-0.338753743
1,0.928182186,-2.15264634,0.04297128,0.196324926,0.092048895,1.209754389,-0.322473078,0.341216555,0.579989922,0.76790925,0.235876536,-0.618203029,-0.414631074,0.015922818,-0.49763767,1.788079184,0.312259617,0.768825722,-0.244220071,2.6747012,-0.313732335,-0.525669669,0.872581573,0.464878774,1.086645105,3.763316781,-0.332317205,0.16968622,0.22039732,0.057825872,1.003598695,2.519633024,-0.525833016,-0.223334344,-0.55909501,-0.254210831,0.195759632,-0.874479088,-1.038345413,-0.898672324,0.880743479,1.554839439,-0.689872564,0.045495641,-0.515742626,0.22813439,-0.763505675,-0.735234525,-0.238779652,-0.056952297,-0.344657911,-0.31741701,0.167564178,-0.225519812,-0.266206953,-0.742621893,-0.422158527,-0.338753743
1,0.383902822,0.627097127,-0.566251802,-0.662376599,0.466847993,0.509616867,0.368137836,-0.641137391,-0.619652911,-0.368935872,-0.836938073,-1.260156344,0.740246547,-0.9463765,0.214730616,0.58599395,0.271241928,0.768825722,-0.196043338,-0.440614002,-0.313732335,1.88133137,1.416754149,-0.09410107,1.405119747,-0.204210988,0.06660276,3.657414739,1.303491607,-0.657124366,1.058451488,1.198876845,-0.525833016,0.072469348,0.695481955,-0.254210831,-0.501095347,0.904724052,0.941651086,1.656523228,-0.515351263,-0.574979651,-0.123162587,1.978243739,0.178722692,1.298006011,-0.763505675,0.22854278,0.80876979,-0.224706056,-0.344657911,-0.31741701,1.044053725,2.69549871,-0.266206953,0.005500903,0.773957299,-0.338753743
1,0.1517207,0.591740502,-0.287144871,-0.816812553,-0.181892599,0.547849221,0.249198334,-0.720519529,-0.617710948,-0.417317617,-0.58967471,-0.503327173,0.413621544,0.572118839,-0.49763767,-0.616091285,1.454116888,0.16892433,-0.196043338,-0.440614002,-0.313732335,-0.923749214,-0.713700093,-0.098115726,-0.200636387,-0.204210988,-0.805428631,-0.513259672,0.461887324,0.020164307,1.146703431,-0.698919335,0.451673954,0.232255351,-0.55909501,-0.254210831,1.129498079,0.323868901,0.55538025,0.52088076,1.259958271,-0.312833109,0.007858719,1.145985176,1.567653329,-0.841737232,-0.763505675,0.22854278,-0.238779652,-0.486239414,-0.344657911,-0.31741701,-0.708925369,-0.225519812,-0.266206953,0.753623699,-0.422158527,-0.338753743
1,0.440657772,0.315530729,-0.794501219,-1.574514485,0.871090892,0.688175114,-0.176523614,0.75869883,0.585744337,0.969990672,-0.599949001,-0.780380709,0.755037119,1.588691879,0.321547947,1.788079184,1.454116888,1.380527917,0.992269716,-0.440614002,6.08110681,-0.315064006,0.039801307,0.9061125,3.054916441,-0.204210988,0.99069151,0.735901537,-0.28975306,-0.657124366,0.468575668,-0.12814443,-0.525833016,1.76202822,0.117279221,-0.254210831,0.208255125,-0.546854569,1.440228396,-0.290273743,1.161785106,-0.339657338,-0.735267663,-1.15832274,0.873188011,1.298006011,1.800365233,0.710431433,0.284995069,-0.811732847,-0.344657911,-0.31741701,0.167564178,-0.225519812,-0.266206953,0.753623699,-0.422158527,-0.338753743
1,0.641119025,0.097052021,-0.491727417,-1.31946175,1.12091708,-0.081053906,-0.718671166,-0.694598831,-0.639114958,0.298111313,-0.904568264,-1.179067504,0.865383924,0.048091363,1.63946719,0.58599395,-0.911633031,1.992230113,-0.173459411,-0.440614002,-0.313732335,0.19968747,0.990745028,0.265374787,0.745904743,-0.204210988,1.493417853,-0.079422008,0.896216528,-0.657124366,1.867738483,-0.698919335,-0.525833016,0.64364817,0.65460365,-0.254210831,0.367042632,0.236223371,0.156948835,2.344721195,-0.406142737,-0.780950478,-0.318789194,1.359056074,2.956583967,0.22813439,0.518429779,1.433264412,0.80876979,-0.457907748,-0.344657911,-0.31741701,1.920543272,-0.225519812,-0.266206953,-0.742621893,-0.422158527,-0.338753743
1,0.391985216,-0.249024386,-0.201749435,-0.073873095,-0.122242359,0.555704682,0.973079505,0.826151786,-0.617496321,0.47008264,-0.297637589,-0.422238333,0.682065969,0.100682003,-0.49763767,0.51519521,0.271241928,-0.468022432,0.398113189,-0.440614002,-0.313732335,0.495928633,0.912420001,-0.050666302,-0.259018017,-0.204210988,0.480484353,-0.012747648,0.148404696,1.361646176,-0.253953314,-0.698919335,0.451673954,1.88011534,1.92228417,-0.254210831,0.351371112,1.309102881,0.911652653,0.274230688,0.030686537,-0.494258289,-0.059894808,-0.07455575,0.178722692,1.298006011,1.800365233,-0.735234525,0.80876979,-1.012780769,-0.344657911,-0.31741701,-0.708925369,-0.225519812,-0.266206953,0.005500903,-0.422158527,-0.338753743
1,-0.574085615,0.340018256,-0.057880369,0.923579746,-0.745526799,-1.306345773,0.978211635,0.679492706,-0.637937817,1.305034675,-0.339166752,0.773822053,-0.414912468,0.015449687,-0.49763767,-0.616091285,-0.911633031,-1.079724628,-0.767615937,-0.440614002,0.879116353,-0.996401036,-1.130382703,-0.714139282,-1.219145489,-0.204210988,-0.805428631,-0.947097336,-0.827236931,1.474253886,-0.985439939,-0.698919335,0.451673954,-0.624487904,-0.55909501,-0.254210831,-0.936744117,0.211678322,-1.038345413,-0.33085109,-0.330582084,-0.780950478,2.028861964,-0.233368618,0.178722692,-0.841737232,-0.763505675,-1.458067504,0.284995069,-0.226176096,-0.344657911,-0.31741701,-0.708925369,-0.225519812,-0.266206953,-0.742621893,-0.422158527,-0.338753743
1,0.477924365,-2.04276685,-0.580170236,-1.210284437,0.781069723,1.210883666,1.030108635,-0.176184872,0.590872675,0.356763241,-0.575456015,-0.847954742,-0.443462001,0.016267668,-0.49763767,1.423604618,1.495134577,-0.477264852,0.398113189,3.208068924,-0.313732335,0.213082305,-0.346252439,1.096668087,0.014570904,-0.204210988,-0.361932122,-0.63407994,1.709470551,-0.657124366,-0.364108152,1.398695571,-0.525833016,1.644093688,-0.55909501,-0.254210831,0.290373928,1.457914289,-0.241482581,1.168953149,-0.515351263,2.320867398,-0.33233109,1.349057024,0.178722692,0.22813439,0.518429779,1.192320086,0.284995069,1.42779632,-0.344657911,-0.31741701,0.167564178,-0.225519812,-0.266206953,0.005500903,-0.422158527,2.951996903
1,0.486736716,0.706975533,-0.516705199,-1.465368924,0.579070395,0.270583213,0.817400826,-0.879283802,0.842257082,-0.751580225,-0.401404562,-0.651990046,-0.472011534,0.100682003,-0.49763767,0.58599395,0.271241928,0.726364761,-0.767615937,-0.440614002,-0.313732335,0.04866736,0.210748247,-0.098115726,0.737295239,-0.204210988,-0.399027852,-0.037848492,1.649470274,0.020164307,-0.362164971,-0.698919335,0.451673954,0.215851277,0.65460365,-0.254210831,0.390018757,0.463520033,1.32230428,0.561458107,1.274595844,-0.24183424,0.193017189,0.634365092,-1.210207945,-0.841737232,0.518429779,1.433264412,-0.238779652,2.086917402,-0.344657911,-0.31741701,-0.708925369,-0.225519812,-0.266206953,0.753623699,0.773957299,-0.338753743
1,-2.54301798,1.010264935,-0.042254307,-0.985794529,0.136725514,-1.659928552,-1.233883847,-1.124646773,0.842341278,-1.056464736,-0.213744709,-0.49656977,-0.44033431,-0.9463765,-0.49763767,-0.616091285,-0.911633031,-0.442777865,-0.173459411,-0.440614002,-0.313732335,0.421367591,1.225965586,-1.425061685,1.376330335,-0.204210988,0.044468657,-0.594658986,1.687587323,1.354327826,0.4190442,0.566278118,-0.525833016,-1.190581857,2.56992068,-0.254210831,-0.89407013,-0.626629961,-1.038345413,2.224344462,2.600649234,-0.686682939,0.147934156,2.749676404,-0.515742626,0.22813439,-0.763505675,-0.494290199,0.80876979,1.500986459,-0.344657911,-0.31741701,0.167564178,-0.225519812,-0.266206953,-0.742621893,-0.422158527,-0.338753743
1,-0.404854621,0.550446711,-0.790753267,-0.451548974,-0.656567342,0.571640999,0.219466609,0.632428197,-0.611567413,-0.569072331,-0.314050347,-0.59793082,-0.862535582,0.584440277,0.214730616,0.541266943,0.283490017,1.500726916,0.401085654,0.421555724,-0.313732335,-0.206634608,-0.34615699,-0.107392119,0.137504374,-0.204210988,0.113398043,-0.513259672,-0.014525644,0.676799841,-0.285858532,0.466967966,-0.525833016,-0.767869833,0.701443632,-0.254210831,-0.472653989,-0.188184459,0.55538025,-0.898672324,-0.55037847,-0.544850563,0.329398327,0.140084963,-0.515742626,0.22813439,0.518429779,-0.494290199,-0.238779652,-1.060133854,-0.344657911,-0.31741701,0.167564178,-0.225519812,-0.266206953,-0.742621893,-0.422158527,-0.338753743
1,0.538968734,-2.273393956,-0.57644956,-0.284674743,0.440908338,1.198137224,-0.341472138,-0.016807611,-0.396670519,0.16275321,-0.428785986,-0.422238333,-0.472011534,0.040113815,-0.49763767,-0.616091285,2.66362936,0.18129305,0.935183213,4.873140406,-0.313732335,-0.923749214,1.434273192,1.37368908,-1.219145489,-0.204210988,0.981490207,-0.07530384,1.209902304,-0.657124366,-0.236785255,2.719451748,-0.525833016,1.31076414,-0.55909501,-0.254210831,0.778170583,0.25763105,-0.716525459,-0.898672324,0.003612897,3.710458977,0.054537917,-0.244309276,0.178722692,0.22813439,0.518429779,-0.012401546,0.284995069,0.370526226,-0.344657911,4.226658085,1.044053725,-0.225519812,-0.266206953,0.753623699,-0.422158527,-0.338753743
1,1.181778101,-0.101599113,-0.697455297,-1.533110389,3.771606837,-0.295191858,-0.711625423,-2.980575666,-0.638875427,0.498797212,3.647813684,-2.381885294,3.48216048,4.173370344,7.338413483,-0.616091285,-0.911633031,5.648999523,-0.767615937,-0.440614002,-0.313732335,1.827878275,-0.23978005,2.601581512,2.478534079,-0.204210988,4.139126944,2.756964232,-1.435491517,-0.657124366,1.812885689,-0.698919335,-0.525833016,3.459250413,-0.55909501,4.139965246,2.491655663,-0.852399804,2.543916912,1.977979619,-1.034315424,-0.780950478,-3.642280351,-2.69770502,2.262118648,0.22813439,-0.763505675,2.156097391,-1.286329094,-0.379238371,-0.344657911,-0.31741701,2.797032819,9.998045017,-0.266206953,-0.742621893,-0.422158527,-0.338753743
1,0.545904779,-2.183958295,-0.826176546,0.987390143,-0.649484281,1.450625484,0.071454713,1.411457867,0.842257011,1.362692815,0.422466863,0.496768517,-0.837843922,-0.9463765,-0.49763767,0.523698054,1.519693439,-0.401391947,-0.196043338,1.785408671,-0.313732335,-0.28330104,-0.729931101,0.155250912,0.111400846,-0.204210988,-0.805428631,-0.594658986,-0.846391224,0.737722092,-0.285858532,1.931984145,-0.525833016,-0.279136125,-0.55909501,-0.254210831,0.205339145,-1.252358387,-1.038345413,-0.898672324,0.236667522,1.157222778,1.944542038,-0.512943028,-0.515742626,0.22813439,-0.763505675,-1.458067504,-0.238779652,-0.021038791,-0.344657911,-0.31741701,0.167564178,-0.225519812,-0.266206953,0.005500903,-0.422158527,-0.338753743
1,0.089072258,-1.568624249,-0.550982465,1.579393172,-0.57135129,-0.015939588,0.933832511,0.425344361,0.590883841,0.057735011,0.230944156,-0.178971814,-0.398673797,-0.453381311,-0.49763767,2.625689853,-0.911633031,0.08125062,0.830053947,-0.440614002,-0.313732335,-0.135139315,-0.785689358,-0.149900693,0.346190254,-0.204210988,0.021165088,-0.127484142,0.256385714,-0.657124366,-0.285858532,-0.051807919,-0.525833016,0.115837089,0.08200733,-0.254210831,0.190529707,-1.252358387,0.953811666,-0.898672324,-1.034315424,0.319415146,-0.206130894,0.443994118,0.178722692,0.22813439,0.518429779,-0.976178852,-0.238779652,-1.131185754,-0.344657911,-0.31741701,0.167564178,1.234989449,-0.266206953,-0.742621893,-0.422158527,2.951996903
1,0.460867238,-1.567488199,-0.760082306,-0.447936077,0.297377909,1.122494644,0.056570436,0.413510999,0.590883875,-0.230664008,-0.225956737,-0.037066345,0.775807516,-0.429137408,0.711107462,-0.616091285,0.295800791,-1.079724628,0.80747002,0.286994383,-0.313732335,0.275766371,0.999890239,0.509557631,0.021623509,-0.204210988,0.050780005,1.176562,0.264845168,-0.657124366,0.468575668,0.466967966,-0.525833016,1.09447333,-0.55909501,-0.254210831,0.737393056,0.724927923,-1.038345413,1.168953149,0.631785584,0.871890794,0.1528583,0.941225918,1.567653329,0.22813439,-0.763505675,1.192320086,-0.238779652,-0.765101418,-0.344657911,-0.31741701,0.167564178,-0.225519812,2.147402753,0.753623699,-0.422158527,2.951996903
1,0.489017845,0.77125775,-0.798699504,0.173138403,-0.206725681,-1.373046434,-2.045278464,-1.831869446,-0.417756651,-0.553817311,-0.785344534,-0.145184798,-1.203676309,0.039505084,-0.49763767,-0.616091285,-0.911633031,0.170567288,0.279175795,-0.440614002,-0.313732335,0.759744557,-0.704973785,-0.813835274,-0.873384807,-0.204210988,0.06660276,1.222090984,2.145601514,-0.657124366,-0.985439939,0.277758117,-0.525833016,-1.190581857,0.117279221,-0.254210831,-0.102034194,-1.252358387,-1.038345413,1.088701994,-1.034315424,0.368804255,-0.042487931,2.16955498,-1.210207945,0.22813439,-0.763505675,-0.012401546,0.284995069,0.56345775,-0.344657911,-0.31741701,-0.708925369,-0.225519812,-0.266206953,-0.742621893,-0.422158527,-0.338753743
1,0.290883674,0.317059877,0.202175393,1.138207999,-0.439559502,0.246428751,0.817400826,0.359077536,0.842257023,-0.795632617,0.444350068,-0.124912588,-0.443462001,-0.459173247,-0.49763767,0.58599395,0.271241928,0.726364761,-0.767615937,-0.440614002,-0.313732335,0.04866736,0.210748247,-0.072383686,0.737295239,-0.204210988,-0.399027852,-0.475804324,0.411730376,0.020164307,-0.362164971,-0.698919335,0.451673954,-0.201775879,0.65460365,-0.254210831,-0.466128234,1.14558489,2.67237954,-0.898672324,0.755631682,-0.491822545,-0.079774892,0.577825867,-0.515742626,-0.841737232,0.518429779,-0.494290199,-0.238779652,-0.085978892,2.122367134,-0.31741701,-0.708925369,-0.225519812,-0.266206953,0.005500903,0.773957299,-0.338753743
1,0.869757679,-0.323776808,-0.251143843,1.121699762,-0.481813624,-1.021082953,-0.82238653,0.359077536,-0.417535804,0.276372437,0.28290268,-0.138427394,-0.809294389,2.12262506,-0.49763767,-0.616091285,-0.911633031,-1.079724628,3.143174419,0.421095061,-0.313732335,-0.216181686,0.167671685,-0.152760866,-1.219145489,-0.204210988,1.3953718,-0.947097336,0.687238095,-0.657124366,-0.985439939,0.766096843,-0.525833016,-0.119742574,-0.55909501,-0.254210831,-0.093466495,-0.874479088,-1.038345413,-0.898672324,-1.034315424,1.056436114,-1.206512201,-0.649481575,-0.515742626,-0.841737232,1.800365233,-0.253345873,-0.238779652,-0.865732291,-0.344657911,-0.31741701,-0.708925369,-0.225519812,-0.266206953,-0.742621893,-0.422158527,-0.338753743
1,-0.752010674,0.521044011,-0.215305595,0.597660451,-1.504157019,0.233967553,0.59200475,1.025887487,-0.631742763,-1.224349795,2.557399876,1.402260561,-0.809294389,-0.9463765,-0.49763767,-0.616091285,0.271241928,-0.468022432,-0.767615937,-0.440614002,-0.313732335,-1.344622656,-0.713700093,-0.735856666,-0.879457498,-0.204210988,-0.805428631,-0.947097336,-1.86588337,-0.657124366,-0.985439939,-0.698919335,-0.525833016,-0.767869833,-0.55909501,-0.254210831,-0.902507218,-1.252358387,-1.038345413,-0.250599935,-0.474851338,-0.780950478,-0.139935294,-1.028741088,-0.515742626,-0.841737232,-0.763505675,-0.253345873,-1.810103816,-0.816508247,2.122367134,-0.31741701,-0.708925369,-0.225519812,-0.266206953,-0.742621893,-0.422158527,-0.338753743
1,0.794248366,-0.222281089,-0.024719513,-1.142891124,1.510415648,0.279581701,0.275194604,-0.677775302,-0.604990122,0.866332891,0.356167529,1.077905202,3.720076902,1.597202802,-0.49763767,-0.616091285,0.271241928,-0.468022432,-0.767615937,-0.440614002,-0.313732335,1.103991414,1.7941781,2.664363111,-0.879457498,-0.204210988,0.06660276,1.359557871,-1.86588337,-0.657124366,-0.985439939,-0.698919335,-0.525833016,1.737893105,-0.55909501,-0.254210831,1.235668456,-0.444721215,1.690109081,1.521584614,2.07946954,0.821430382,-0.861019604,-1.138102294,2.262118648,2.367877633,-0.763505675,0.22854278,-0.238779652,-0.988770127,-0.344657911,-0.31741701,-0.708925369,2.69549871,-0.266206953,3.746114882,0.773957299,-0.338753743
0,0.527113396,0.341638995,0.432928061,0.741679126,-0.156765428,0.207489269,0.817762903,0.253964635,0.585739533,0.216443712,0.173516055,0.064294705,0.284837752,-0.459173247,-0.49763767,0.58599395,0.271241928,0.143679764,-0.767615937,-0.440614002,1.870509417,0.257182479,0.140323823,-0.098115726,0.449659633,-0.204210988,-0.369412935,1.651025047,0.049991126,0.020164307,0.282563642,-0.066320608,0.451673954,0.072469348,-0.55909501,-0.254210831,-0.54583828,-0.437001209,0.522943088,2.261605007,0.003612897,-0.318573055,0.168554561,1.05040168,-1.210207945,0.22813439,-0.763505675,-0.012401546,-0.238779652,-0.334914458,-0.344657911,-0.31741701,-0.708925369,1.234989449,-0.266206953,0.753623699,0.773957299,-0.338753743
0,0.189626918,0.690378025,0.039923201,-1.401933536,0.447792017,0.572759577,0.677372111,-0.647243708,-0.618532321,-0.087000161,-0.657200953,0.165655755,-0.472011534,0.50265294,-0.49763767,-0.616091285,0.271241928,-0.443852908,-0.196043338,-0.440614002,-0.313732335,-0.189853512,-0.738657409,-0.431859544,-0.879457498,-0.204210988,-0.361932122,-0.947097336,-0.012014184,0.697452982,0.261109998,-0.698919335,1.429180925,-0.624487904,-0.55909501,-0.254210831,-0.517706323,-0.547664028,0.572519318,-0.57463613,0.003612897,-0.240912268,1.614995596,-0.557241483,-1.210207945,0.22813439,0.518429779,1.915153065,-0.238779652,2.507321918,-0.344657911,-0.31741701,-0.708925369,-0.225519812,-0.266206953,0.753623699,-0.422158527,-0.338753743
0,-0.57806932,0.27545392,0.637931674,-0.497855055,1.649365265,0.359618707,0.946218292,-0.204535636,7.886613656,-1.062093108,0.552149822,2.023941665,0.393736458,0.540004691,-0.49763767,-0.616091285,0.271241928,-0.468022432,-0.767615937,-0.440614002,-0.313732335,-1.344622656,-0.124869703,-0.050666302,4.262747232,-0.204210988,-0.805428631,-0.947097336,-0.303640884,1.374741655,0.39226923,-0.698919335,2.406687895,-0.201775879,-0.55909501,-0.254210831,-0.476861765,-0.091294627,-0.241482581,-0.33085109,0.67228551,-0.390865151,0.362342186,-0.17010447,1.567653329,-0.841737232,-0.763505675,-0.253345873,-0.762554373,0.194656068,2.122367134,-0.31741701,-0.708925369,-0.225519812,-0.266206953,0.005500903,-0.422158527,-0.338753743
0,0.241509143,0.912898525,-0.790098635,-0.794948948,-0.006570641,-0.78338815,-2.162609783,-1.990633719,-0.648876769,-0.432598014,-0.178247406,-0.091125571,-1.203676309,-0.9463765,-0.49763767,-0.616091285,-0.911633031,0.143679764,-0.767615937,-0.440614002,-0.313732335,0.087693654,-1.130382703,-0.75757405,-0.560945325,-0.204210988,-0.805428631,-0.947097336,1.432705055,-0.657124366,-0.985439939,-0.698919335,-0.525833016,-1.190581857,-0.55909501,-0.254210831,-0.517969522,0.535011786,0.213259835,-0.33085109,-1.034315424,-0.780950478,0.136267916,-0.063497158,-1.210207945,-0.841737232,-0.763505675,1.192320086,-0.762554373,2.137157109,-0.344657911,-0.31741701,-0.708925369,-0.225519812,-0.266206953,-0.742621893,-0.422158527,-0.338753743
0,-0.607299873,0.358824662,-0.444905994,1.62483414,-0.746807831,0.246324179,0.591413168,-0.152310547,0.842345172,-1.414645387,0.633861183,0.60488697,-0.398673797,-0.9463765,-0.49763767,-0.616091285,0.271241928,-0.468022432,-0.767615937,-0.440614002,-0.313732335,-0.978884088,0.42945409,-0.735856666,1.088153978,-0.204210988,-0.805428631,-0.594658986,0.190912809,-0.657124366,-0.285858532,0.566278118,-0.525833016,-0.201775879,-0.55909501,-0.254210831,-0.868270318,0.428466798,1.352243082,-0.614761707,2.067114555,-0.780950478,-0.199293029,0.640976854,0.178722692,-0.841737232,-0.763505675,-0.494290199,-0.762554373,0.108591948,2.122367134,-0.31741701,0.167564178,-0.225519812,-0.266206953,-0.742621893,-0.422158527,-0.338753743
0,-0.769752476,1.063797644,0.469205783,1.02846247,-0.600545863,-1.406565664,0.973850052,-0.799901663,-0.640298256,-0.821036867,0.582858586,0.54407034,-0.809294389,-0.459173247,-0.49763767,-0.616091285,-0.911633031,-0.45457867,-0.767615937,-0.440614002,-0.313732335,0.170773572,-1.130382703,-1.069600484,-1.219145489,-0.204210988,-0.369412935,-0.513259672,0.444075437,0.020164307,-0.985439939,-0.698919335,0.451673954,-1.190581857,-0.55909501,-0.254210831,-0.902507218,-0.141513199,-1.038345413,-0.046940473,-1.034315424,-0.780950478,0.386962662,1.341211003,-0.515742626,-0.841737232,-0.763505675,0.22854278,-0.762554373,0.543955228,-0.344657911,-0.31741701,-0.708925369,-0.225519812,-0.266206953,-0.742621893,-0.422158527,-0.338753743
0,-2.804457041,1.372712851,3.420631202,0.443908902,-1.417211324,-1.750326153,-2.724852304,3.301508749,0.842254817,-2.083345361,1.14445694,1.70634371,-1.203676309,-0.9463765,-0.49763767,-0.616091285,-0.911633031,-1.079724628,-0.173459411,-0.440614002,3.945919798,-0.652862911,-0.341470776,-1.425061685,0.086143757,-0.204210988,-0.361932122,-0.557324699,-1.296316801,-0.657124366,-0.985439939,-0.698919335,-0.525833016,-0.624487904,-0.55909501,-0.254210831,-1.305379516,-0.88608784,-0.293759469,-0.316738679,0.236667522,-0.780950478,0.420240653,-1.028741088,-1.210207945,-0.841737232,0.518429779,-0.976178852,-1.286329094,-0.840821806,-0.344657911,-0.31741701,-0.708925369,-0.225519812,-0.266206953,-0.742621893,-0.422158527,-0.338753743
0,-0.071792755,0.365364764,-0.438231201,1.531028133,-0.925449507,0.278163664,0.588281415,0.126223266,0.58318864,-0.96411752,0.482861628,0.449466694,-0.809294389,-0.9463765,0.19978487,-0.616091285,0.271241928,0.143679764,-0.767615937,-0.440614002,1.791566361,-0.673219407,-0.370297814,-0.402112848,0.094771262,-0.204210988,-0.805428631,-0.947097336,0.180607372,-0.657124366,-0.985439939,-0.698919335,-0.525833016,-0.767869833,-0.55909501,-0.254210831,-0.911674519,-0.298202627,1.010122666,-0.046940473,-0.474851338,-0.780950478,-0.445908301,0.645557128,-0.515742626,-0.841737232,0.518429779,-0.494290199,-0.762554373,-0.424586856,2.122367134,-0.31741701,-0.708925369,-0.225519812,-0.266206953,-0.742621893,-0.422158527,-0.338753743
0,-1.021387025,-0.060460835,4.323892299,-0.562456002,-1.091081478,0.132420684,-1.839487327,-1.038048074,-0.583914288,-1.024806776,3.144465837,0.138626141,-0.082841741,0.173334,-0.49763767,2.489222888,-0.911633031,-1.079724628,-0.767615937,-0.440614002,5.321108428,-1.344622656,-1.130382703,0.647386279,-1.219145489,-0.204210988,-0.805428631,-0.071185671,-0.791219336,-0.657124366,-0.985439939,-0.698919335,-0.525833016,0.088941141,-0.55909501,-0.254210831,-1.305379516,-1.252358387,-1.038345413,-0.898672324,-1.034315424,-0.780950478,0.147934156,-1.028741088,-1.210207945,-0.841737232,-0.763505675,0.469487107,-1.810103816,-2.28988856,-0.344657911,-0.31741701,-0.708925369,-0.225519812,-0.266206953,-0.742621893,-0.422158527,-0.338753743
0,-3.373166337,1.564132011,5.24948056,0.698629055,-1.544113258,-2.084700381,-1.726464141,1.978473131,-0.752084149,-2.579665095,0.742235658,1.158994042,-0.793055717,-0.9463765,-0.49763767,-0.616091285,-0.911633031,-0.443852908,-0.767615937,-0.440614002,-0.313732335,0.253813829,-1.130382703,-1.425061685,-1.219145489,-0.204210988,0.111179304,-0.046084828,-0.800182806,-0.657124366,-0.285858532,-0.698919335,-0.525833016,-0.624487904,-0.55909501,-0.254210831,-1.305379516,-1.252358387,-1.038345413,0.572912981,-1.034315424,-0.780950478,0.147934156,-0.218526799,-0.515742626,-0.841737232,0.518429779,-0.735234525,-1.286329094,-1.459717267,-0.344657911,-0.31741701,0.167564178,1.234989449,-0.266206953,-0.742621893,-0.422158527,-0.338753743
0,-0.668637035,0.81383026,0.244873074,0.274214234,-0.655510615,-1.331991424,0.971628574,0.839512033,-0.621074863,0.45650617,0.0712143,0.787336859,-0.443462001,0.50265294,-0.49763767,-0.616091285,-0.911633031,-1.079724628,-0.767615937,-0.440614002,-0.313732335,-0.225728765,-1.130382703,-0.739871322,-1.219145489,-0.204210988,-0.805428631,-0.947097336,-0.629511007,0.697452982,-0.362164971,-0.698919335,1.429180925,-0.624487904,-0.55909501,-0.254210831,-0.52120542,-0.525584744,-1.038345413,-0.614761707,-0.515351263,-0.509279864,0.945740727,-0.469525133,-0.515742626,0.22813439,-0.763505675,-0.494290199,-0.238779652,0.71963829,-0.344657911,-0.31741701,-0.708925369,-0.225519812,-0.266206953,0.005500903,-0.422158527,-0.338753743
0,-0.352196209,0.69018862,1.307463735,0.253340545,-1.324947103,0.459479737,-1.448845889,1.062525397,-0.647559977,-1.487831758,1.947170953,0.510283324,-0.818758954,-0.478901241,-0.49763767,0.51519521,0.215844065,0.697347561,0.398113189,-0.440614002,-0.313732335,-0.438193819,-0.684873054,-1.425061685,-0.583856273,-0.204210988,0.894365945,-0.947097336,-0.903759423,-0.657124366,0.49470137,-0.698919335,-0.525833016,0.052139006,0.683652581,-0.254210831,-0.539582528,-0.556950686,-0.575463115,-0.898672324,-1.034315424,-0.679806536,0.147934156,-1.028741088,-0.515742626,-0.841737232,1.800365233,-1.458067504,-0.762554373,-2.298619703,-0.344657911,1.954620538,0.167564178,-0.225519812,-0.266206953,-0.742621893,-0.422158527,-0.338753743
0,-0.76808701,0.547286051,0.137972366,0.860428322,-0.800690934,-1.0002401,0.925014161,1.184651759,-0.620153932,1.47055339,-0.150723095,0.733277633,0.329344562,0.088101685,-0.49763767,-0.616091285,-0.911633031,-1.079724628,-0.767615937,-0.440614002,-0.313732335,0.130462726,-1.130382703,-0.384410121,-1.219145489,-0.204210988,-0.369412935,-0.046084828,-0.611699121,0.697452982,-0.362164971,-0.698919335,1.429180925,-0.147073402,-0.55909501,-0.254210831,-0.129796867,-0.149233205,-0.639913997,-0.330399321,-0.515351263,-0.52104098,0.612222109,-0.456619791,0.178722692,1.298006011,-0.763505675,-1.458067504,0.80876979,-1.301754861,-0.344657911,-0.31741701,-0.708925369,1.234989449,-0.266206953,0.005500903,-0.422158527,-0.338753743
0,0.163239714,0.078364274,0.855208343,1.144381321,-0.501213534,-0.719102826,0.816569156,0.589285731,0.588098448,-1.089664843,-0.064729501,0.131868738,-0.087094179,0.028030006,-0.49763767,-0.616091285,-0.911633031,0.093131654,-0.173459411,-0.440614002,-0.313732335,0.159524639,2.214069168,-0.472625375,0.023276792,-0.204210988,0.525060897,-0.004511313,-0.406098495,0.697452982,0.261109998,-0.698919335,1.429180925,0.268768195,0.669128116,-0.254210831,-0.913743465,-0.931159458,0.30258079,0.601131915,0.003612897,0.212805227,0.845644747,-0.284419273,-0.515742626,-0.841737232,1.800365233,-0.253345873,-0.238779652,-0.543731316,-0.344657911,1.954620538,0.167564178,-0.225519812,-0.266206953,0.753623699,1.970073125,-0.338753743
0,-0.570328024,0.411098051,2.121971957,1.62633928,-1.075240544,0.270788841,0.817431574,0.437525764,-0.624123241,-1.233630028,0.822697642,0.388650064,-0.443462001,-0.459173247,-0.49763767,-0.616091285,0.271241928,-0.468022432,-0.767615937,-0.440614002,-0.313732335,-1.344622656,-0.21309583,-0.406127504,-0.266442885,-0.204210988,-0.805428631,-0.475804324,-0.379716959,0.020164307,-0.362164971,-0.698919335,0.451673954,-0.767869833,0.640079184,-0.254210831,-1.305379516,-1.252358387,-0.11664037,0.804791377,0.044112823,-0.561305865,-0.043341447,0.518172053,-0.515742626,-0.841737232,-0.763505675,-0.735234525,-0.762554373,-0.482809323,2.122367134,-0.31741701,-0.708925369,-0.225519812,-0.266206953,0.005500903,0.773957299,-0.338753743
0,-0.05630126,0.8436079,-0.494732043,0.416212787,-0.396153946,0.23424615,0.263764705,-0.40299098,-0.616547199,2.375886184,-0.934801447,1.003573765,-0.837843922,-0.471753566,-0.49763767,-0.616091285,0.271241928,0.143679764,-0.767615937,-0.440614002,-0.313732335,0.209968706,-1.130382703,-0.427844888,-0.550357416,-0.204210988,-0.805428631,-0.947097336,-1.453303403,-0.657124366,-0.985439939,-0.698919335,-0.525833016,0.072469348,-0.55909501,-0.254210831,0.219564474,0.245106637,-1.038345413,-0.898672324,-0.515351263,-0.515551685,2.354514408,-1.028741088,-1.210207945,0.22813439,-0.763505675,-1.458067504,1.856319232,0.0826658,-0.344657911,-0.31741701,-0.708925369,-0.225519812,-0.266206953,0.005500903,-0.422158527,-0.338753743
0,0.118960552,1.038019847,0.222920576,0.630470518,-0.728823536,-0.452055703,2.628152036,0.504233441,0.842257006,-0.665914472,0.504904711,0.185927965,-0.390894662,-0.9463765,0.980411173,-0.616091285,-0.911633031,-1.079724628,-0.172454894,0.36027851,-0.313732335,-0.210649217,-0.338205806,-1.095195331,0.421768669,-0.204210988,-0.332317205,-0.046084828,0.609347729,-0.657124366,-0.285858532,-0.066320608,-0.525833016,-1.190581857,-0.55909501,-0.254210831,-0.859833231,-0.22020248,0.221399716,0.804791377,0.236667522,-0.740334891,0.391773126,0.99574572,-0.515742626,0.22813439,-0.763505675,-1.217123178,-0.238779652,-0.521030345,-0.344657911,-0.31741701,0.167564178,1.234989449,-0.266206953,-0.742621893,-0.422158527,-0.338753743
0,-0.571367017,0.27667472,0.035247575,1.090747387,-0.687157592,0.49120425,0.54340367,0.073301842,0.842345143,-1.304951392,0.312291996,0.381892661,-0.468153662,-0.478901241,0.212746151,-0.616091285,0.271241928,-1.079724628,0.398113189,-0.440614002,-0.313732335,-0.340873315,-0.738657409,-0.428382396,1.072501946,-0.204210988,-0.361932122,-0.947097336,-0.023941234,0.692169886,-0.985439939,-0.698919335,-0.525833016,-1.190581857,1.95157381,-0.254210831,-0.926637361,0.778271923,0.55538025,-0.898672324,2.551051508,-0.543411329,-0.11683894,0.252418423,-0.515742626,-0.841737232,0.518429779,-0.976178852,-0.238779652,0.169041747,-0.344657911,-0.31741701,-0.708925369,-0.225519812,-0.266206953,-0.742621893,-0.422158527,-0.338753743
0,0.091866528,-1.563123074,-0.592001962,1.541398428,-0.471380938,-0.010426084,0.933832483,1.253679706,0.590885144,0.064566974,0.221040894,0.145383545,-0.809294389,-0.9463765,-0.49763767,2.625689853,-0.911633031,0.759583302,0.830053947,-0.440614002,1.791566361,0.178495234,-0.785689358,-0.149900693,0.952264248,-0.204210988,0.021165088,-0.127484142,-0.21544127,-0.657124366,-0.285858532,-0.12814443,-0.525833016,0.115837089,0.08200733,-0.254210831,0.186533739,-0.93270913,0.165518369,-0.57463613,-1.034315424,0.320477106,-0.290890114,-0.217908499,0.178722692,0.22813439,0.518429779,-0.976178852,-0.238779652,-0.966398801,-0.344657911,-0.31741701,0.167564178,1.234989449,-0.266206953,-0.742621893,-0.422158527,2.951996903
0,-0.802297924,0.169679958,0.236890197,-0.409257147,-1.459679782,0.523888882,0.965220119,1.761976396,-0.631647971,-1.528581204,1.978401749,0.60488697,0.027904071,0.012263588,-0.49763767,-0.616091285,0.271241928,-1.079724628,-0.196043338,-0.440614002,-0.313732335,-0.978884088,-1.130382703,-0.380395465,-0.555812329,-0.204210988,-0.805428631,-0.567024992,-1.024279087,0.020164307,-0.231005739,-0.066320608,0.451673954,-1.190581857,-0.55909501,-0.254210831,-0.535228808,-0.898086132,-1.038345413,-0.898672324,0.712785435,-0.780950478,-0.420899926,-0.502465563,1.567653329,-0.841737232,-0.763505675,-1.217123178,-1.286329094,-1.535847485,-0.344657911,-0.31741701,-0.708925369,-0.225519812,-0.266206953,-0.742621893,-0.422158527,-0.338753743
0,0.531447378,-2.211945684,-0.510344252,-0.332435138,0.411524352,1.215386523,-0.313262119,-0.531718769,-0.396678845,1.308550656,-0.833314053,0.057537302,-0.382435126,-0.9463765,0.927098903,-0.616091285,1.536152264,0.143679764,-0.767615937,4.011431345,-0.313732335,-0.227305973,0.053519488,1.076105186,-0.223194944,-0.204210988,-0.332317205,-0.594658986,-0.396845078,-0.657124366,0.413722875,2.863711749,-0.525833016,0.74391317,-0.55909501,-0.254210831,0.27957965,1.418459743,-0.639279997,-0.290273743,-1.034315424,2.650618786,-0.068744321,-0.868866295,0.178722692,0.22813439,-0.763505675,-0.976178852,0.80876979,1.093963756,-0.344657911,-0.31741701,1.044053725,-0.225519812,-0.266206953,-0.742621893,-0.422158527,-0.338753743
0,-3.389473115,1.31677503,2.886192295,0.527761334,-1.414325263,-2.133333352,-2.014099094,2.375383814,-0.725971425,-0.788655106,0.38638404,1.158994042,-1.203676309,-0.9463765,-0.49763767,-0.616091285,-0.911633031,0.18129305,-0.767615937,-0.440614002,-0.313732335,-0.159089744,-1.130382703,-1.425061685,-1.219145489,-0.204210988,0.074083574,-0.046084828,-0.800182806,-0.657124366,-0.985439939,-0.698919335,-0.525833016,-1.190581857,-0.55909501,-0.254210831,-1.305379516,-0.876006848,-1.038345413,-0.034727673,-1.034315424,-0.780950478,0.147934156,-0.380032321,-1.210207945,0.22813439,0.518429779,-1.217123178,-0.762554373,-1.012112569,-0.344657911,-0.31741701,-0.708925369,-0.225519812,-0.266206953,-0.742621893,-0.422158527,-0.338753743
0,0.698182571,0.315846642,1.583303167,1.680950729,-1.005446723,0.27080132,0.588591906,0.390830392,-0.417859003,-1.117699589,0.703634971,0.300803821,-0.809294389,-0.453435708,-0.49763767,-0.616091285,0.271241928,-0.468022432,-0.244220071,-0.440614002,-0.313732335,-0.986853958,-0.713700093,-0.43024346,-0.879457498,-0.204210988,-0.805428631,-0.947097336,0.256021094,0.653617411,-0.985439939,-0.210580609,-0.525833016,-0.767869833,0.679536579,-0.254210831,-1.305379516,-0.559253889,0.213259835,0.52088076,-0.474851338,-0.18459668,-0.655343992,0.832266615,-0.515742626,-0.841737232,-0.763505675,-0.735234525,-0.762554373,-0.195795283,2.122367134,-0.31741701,-0.708925369,-0.225519812,-0.266206953,-0.742621893,-0.422158527,-0.338753743
0,-2.820579316,1.218373572,1.946048984,1.17408678,-0.870170727,-1.408605172,0.817605521,0.787741076,-0.62412599,0.875725887,-0.099263746,1.071147799,-0.459419278,-0.459173247,-0.49763767,-0.616091285,-0.911633031,-1.079724628,-0.767615937,-0.440614002,-0.313732335,-0.607868569,-0.62977844,-1.095332524,-1.219145489,-0.204210988,-0.369412935,0.425208183,-0.827236931,0.020164307,-0.362164971,-0.698919335,0.451673954,-0.147073402,-0.55909501,-0.254210831,-1.305379516,-0.915053904,0.159418311,-0.898672324,-0.515351263,-0.545893012,0.894244708,-1.62E-05,-1.210207945,0.22813439,-0.763505675,-1.217123178,0.284995069,-0.328277008,-0.344657911,-0.31741701,-0.708925369,1.234989449,-0.266206953,0.005500903,0.773957299,-0.338753743
0,-0.313280707,0.65344892,-0.253176994,0.447795662,-1.153253905,0.459485955,-1.549484513,0.957845656,0.842257766,-1.334915693,1.889683134,0.70624802,-0.818758954,-0.9463765,0.139529219,0.51519521,0.215844065,0.697347561,-0.196043338,0.401709489,-0.313732335,-0.438193819,-1.130382703,-1.425061685,0.076304295,-0.204210988,0.894365945,-0.947097336,-0.940725603,-0.657124366,0.49470137,-0.698919335,-0.525833016,0.052139006,0.683652581,-0.254210831,-0.185688248,-1.252358387,-1.038345413,-0.898672324,0.236667522,-0.684457241,0.147934156,-1.028741088,-0.515742626,-0.841737232,1.800365233,-1.458067504,-0.762554373,-2.007551919,-0.344657911,1.954620538,0.167564178,-0.225519812,-0.266206953,-0.742621893,-0.422158527,-0.338753743
0,-2.580083225,0.937338533,-0.739004847,1.210364276,-0.950138036,-1.505755326,-1.036695839,-1.155032279,-0.622463573,-1.219474428,0.309690295,0.652188793,-0.459419278,-0.429137408,-0.49763767,-0.616091285,-0.911633031,-1.079724628,-0.767615937,-0.440614002,-0.313732335,-0.923749214,-0.665188967,-1.095332524,-1.219145489,-0.204210988,-0.369412935,0.859045848,0.676741366,-0.657124366,-0.985439939,-0.698919335,-0.525833016,-0.772954701,-0.55909501,-0.254210831,-0.889840819,-1.252358387,-1.038345413,-0.33085109,-0.515351263,-0.521199567,0.147934156,1.782515867,-1.210207945,-0.841737232,-0.763505675,-0.012401546,-0.762554373,-0.341284629,-0.344657911,-0.31741701,-0.708925369,1.234989449,-0.266206953,0.005500903,-0.422158527,-0.338753743
0,-2.560637522,1.324406949,2.95910887,1.330398237,-0.95832767,-0.734715182,-1.226090116,1.383107103,0.842257031,-1.258340548,0.182510961,0.814366473,-0.382435126,-0.011425981,-0.49763767,-0.616091285,-0.911633031,-0.442777865,-0.767615937,1.03769713,-0.313732335,-0.923749214,0.91032168,-1.425061685,1.3990594,-0.204210988,0.446036758,0.273016342,-1.258287422,-0.657124366,0.413722875,-0.066320608,-0.525833016,-1.190581857,0.669128116,-0.254210831,-1.305379516,-0.939494174,-1.038345413,-0.33085109,0.236667522,-0.422750588,0.436201265,-0.532398963,0.178722692,0.22813439,0.518429779,-1.217123178,-0.238779652,-1.071136875,-0.344657911,-0.31741701,1.044053725,-0.225519812,-0.266206953,-0.742621893,-0.422158527,-0.338753743
0,0.88182938,-1.185487388,-0.601591099,0.043292426,-0.276693961,0.206369015,0.594929328,0.831842262,-0.406794818,1.24394437,-0.154106042,1.030603379,-0.049080082,-0.456314764,0.20025111,-0.616091285,1.444847752,0.143679764,0.279175795,-0.440614002,-0.313732335,0.687554231,-0.700599495,0.894303927,-0.550357416,-0.204210988,-0.805428631,-0.947097336,-1.86588337,-0.657124366,-0.985439939,0.277758117,-0.525833016,0.072469348,-0.55909501,-0.254210831,1.205397669,0.747434528,-1.038345413,-0.57463613,0.044112823,0.682220753,-2.514824678,-1.028741088,0.178722692,0.22813439,-0.763505675,1.192320086,-0.762554373,0.084447666,2.122367134,-0.31741701,-0.708925369,-0.225519812,-0.266206953,0.005500903,-0.422158527,-0.338753743
0,-0.503622961,0.347938233,0.100110642,0.962419051,-0.485950809,0.489958905,0.543427419,-0.769370074,-0.631812213,0.049008784,0.219911019,0.172413158,-0.809294389,-0.9463765,-0.49763767,-0.616091285,0.271241928,-1.079724628,-0.196043338,-0.440614002,-0.313732335,-1.344622656,-0.738657409,-0.735856666,-0.56231562,-0.204210988,-0.805428631,-0.947097336,0.838501632,-0.657124366,-0.985439939,-0.698919335,-0.525833016,-0.235752852,0.061295348,-0.254210831,-0.568108719,-0.905806138,-0.241482581,-0.33085109,-0.474851338,-0.780950478,-0.205945153,0.546256608,-0.515742626,-0.841737232,-0.763505675,-0.735234525,-0.238779652,0.88353431,-0.344657911,-0.31741701,-0.708925369,-0.225519812,-0.266206953,-0.742621893,-0.422158527,-0.338753743
0,-0.142422718,0.046283393,-0.811130267,-0.817538743,-0.291911825,0.653908102,0.578523633,0.696146303,0.585737189,-0.117040504,1.028873813,0.138626141,0.832906583,0.50496834,0.214730616,-0.616091285,2.636991845,0.780626526,0.375529262,-0.440614002,1.870509417,-0.561770509,-1.130382703,0.976297191,1.130418354,-0.204210988,-0.332317205,-0.565753185,-1.435491517,-0.657124366,0.468575668,-0.698919335,-0.525833016,0.500266242,-0.55909501,-0.254210831,0.728707655,-0.452441221,-1.038345413,-0.898672324,0.712785435,-0.780950478,-1.451827381,-1.350720438,2.956583967,0.22813439,-0.763505675,0.951375759,-1.286329094,-1.976770186,7.056417223,-0.31741701,0.167564178,-0.225519812,-0.266206953,-0.742621893,-0.422158527,-0.338753743
0,0.917865546,0.096253562,-0.225850585,1.669211299,-0.631250757,0.538574215,0.541387747,1.253679706,-0.417857134,-0.892746549,0.461554374,0.131868738,0.332472253,0.018001128,0.157039906,-0.616091285,0.271241928,-0.468022432,0.327352529,-0.440614002,-0.313732335,1.504616531,-0.341497551,-0.43024346,0.064627152,-0.204210988,0.074083574,1.113057676,-0.451545845,-0.657124366,1.073188649,0.422018118,-0.525833016,-0.613561151,0.65460365,-0.254210831,-0.559960278,0.668589738,-0.339952593,-0.345316608,-0.474851338,-0.090650689,-0.554339535,-0.648878715,0.178722692,0.22813439,0.518429779,-0.735234525,-0.238779652,-1.270483115,-0.344657911,-0.31741701,0.167564178,-0.225519812,-0.266206953,-0.742621893,-0.422158527,-0.338753743
0,0.964763792,0.112345669,0.000529938,1.678707397,-0.571381197,0.538576214,0.541387732,0.787741076,-0.417857103,-0.455286276,0.008955778,0.131868738,0.332472253,0.018001128,0.157039906,-0.616091285,0.271241928,-0.468022432,0.327352529,-0.440614002,-0.313732335,1.472275554,-0.341497551,-0.43024346,0.064627152,-0.204210988,0.074083574,1.113057676,-0.451545845,-0.657124366,1.073188649,0.422018118,-0.525833016,-1.190581857,0.65460365,-0.254210831,-0.148650892,0.260911148,-0.639913997,-0.455609047,-1.034315424,-0.079311938,-0.537386986,-0.611999723,0.178722692,0.22813439,0.518429779,-0.735234525,0.284995069,-1.130161181,-0.344657911,-0.31741701,0.167564178,-0.225519812,-0.266206953,-0.742621893,-0.422158527,-0.338753743
0,-0.754302441,-1.244579847,-0.546648602,-0.217071347,-0.995273235,-0.135211781,-2.429831245,-1.423618454,0.591485563,-1.80804458,2.248832418,1.638769677,-1.203676309,-0.9463765,-0.49763767,3.501897826,-0.911633031,-0.012342127,-0.767615937,2.404706504,-0.313732335,-1.344622656,0.6809482,0.329212583,-0.067585626,-0.204210988,-0.805428631,0.758176988,-1.86588337,-0.657124366,-0.985439939,-0.698919335,-0.525833016,1.331160772,-0.55909501,-0.254210831,-0.405828324,-0.452441221,-1.038345413,-0.898672324,-1.034315424,1.3861165,0.147934156,-1.028741088,-1.210207945,-0.841737232,-0.763505675,0.22854278,-1.810103816,-1.9606443,-0.344657911,-0.31741701,-0.708925369,-0.225519812,-0.266206953,-0.742621893,-0.422158527,-0.338753743
0,-0.741219131,0.33751514,0.400116318,0.862782133,-0.284529691,0.437028486,0.570596097,-0.40299098,0.842257031,-0.554952798,-0.481577227,0.4629815,-0.443462001,-0.38652125,-0.49763767,-0.616091285,0.271241928,0.170567288,-0.196043338,-0.440614002,-0.313732335,1.082734878,-0.23978005,-0.406127504,-0.219296929,-0.204210988,0.06660276,2.098002648,0.639775186,-0.657124366,-0.985439939,-0.698919335,-0.525833016,-0.350242676,-0.55909501,-0.254210831,-0.444294535,-0.840809943,-1.038345413,-0.046940473,1.315095769,-0.560855322,-0.212314156,1.522312029,-0.515742626,0.22813439,-0.763505675,0.469487107,-0.238779652,-0.433050719,2.122367134,-0.31741701,-0.708925369,-0.225519812,-0.266206953,0.005500903,-0.422158527,-0.338753743
0,0.330819427,0.329802869,-0.837074811,-0.037330826,-0.021753613,0.40894218,0.573151213,0.518866095,-0.618837227,0.638213846,-2.980780048,0.631916583,0.377779181,0.077572869,0.214730616,-0.616091285,1.454116888,0.822012444,-0.196043338,-0.440614002,-0.313732335,-0.599898699,-0.23978005,0.261360131,-0.203616818,-0.204210988,0.10369849,-0.509141503,-1.86588337,-0.657124366,0.468575668,-0.698919335,-0.525833016,0.495181373,-0.55909501,-0.254210831,0.694388133,-0.040892777,0.192959373,0.397472454,0.112821424,-0.563723619,-0.337970792,-1.289327326,1.567653329,0.22813439,-0.763505675,0.469487107,-0.762554373,-0.639747156,2.122367134,-0.31741701,0.167564178,-0.225519812,-0.266206953,0.005500903,-0.422158527,-0.338753743
0,-0.806105263,0.617171052,1.660559966,-0.515324301,-0.655799719,-0.050299141,0.345541331,1.865070077,0.585726124,-1.739234139,0.42272487,0.631916583,0.337130245,0.029849435,-0.49763767,0.645572414,-0.911633031,0.210692039,-0.767615937,1.547217998,-0.313732335,-0.10058622,0.082150628,-0.774879755,-0.549826216,-0.204210988,0.576809917,1.269609009,-0.244181434,-0.657124366,0.413722875,-0.698919335,-0.525833016,-0.106358829,-0.55909501,-0.254210831,-1.305379516,-0.482086241,0.197042805,0.328821784,-0.55037847,-0.537569984,1.688734689,-0.489332922,0.178722692,-0.841737232,0.518429779,0.951375759,-1.286329094,-1.185532662,-0.344657911,-0.31741701,1.044053725,-0.225519812,-0.266206953,-0.742621893,-0.422158527,-0.338753743
0,-0.898738077,0.546999244,1.729651915,0.103883111,-0.225951132,-1.737838612,-0.675154116,0.253964635,-0.638080799,0.738080556,-0.352060165,1.179266251,-0.414912468,-0.9463765,-0.49763767,-0.616091285,-0.911633031,-1.079724628,-0.767615937,-0.440614002,-0.313732335,-0.931719084,-0.270816287,-0.714139282,-1.219145489,-0.204210988,-0.805428631,-0.947097336,-0.610331584,-0.657124366,-0.985439939,-0.698919335,-0.525833016,-1.190581857,-0.55909501,-0.254210831,-1.305379516,0.253494795,-0.672310865,-0.898672324,-1.034315424,-0.780950478,1.396755592,-1.028741088,0.178722692,-0.841737232,-0.763505675,-0.012401546,-0.238779652,1.100066646,-0.344657911,-0.31741701,-0.708925369,-0.225519812,-0.266206953,-0.742621893,-0.422158527,-0.338753743
0,-1.448040651,0.990009812,-0.235775001,0.676183802,-0.795128164,-1.907791537,-0.680660958,0.504233441,-0.640754841,-0.555885117,1.27821447,0.854910893,-0.809294389,-0.9463765,-0.49763767,-0.616091285,-0.911633031,-1.079724628,-0.767615937,-0.440614002,-0.313732335,-1.344622656,-0.665188967,-1.069600484,-1.219145489,-0.204210988,-0.805428631,-0.509141503,0.214828348,-0.657124366,-0.985439939,-0.698919335,-0.525833016,-1.190581857,-0.55909501,-0.254210831,-0.85560392,-0.915053904,-0.639279997,-0.005911357,-0.474851338,-0.780950478,0.147934156,-1.028741088,-0.515742626,-0.841737232,-0.763505675,-0.253345873,-1.286329094,0.619185604,-0.344657911,-0.31741701,-0.708925369,-0.225519812,-0.266206953,-0.742621893,-0.422158527,-0.338753743
0,-0.116037356,-1.139172397,0.357706935,1.350181583,-0.656043963,0.523549077,0.249531799,-0.835984455,0.590446064,-0.509817962,0.227698483,0.138626141,-0.837843922,-0.38652125,-0.49763767,-0.616091285,0.271241928,-1.079724628,0.80747002,-0.440614002,-0.313732335,-0.58394365,-0.393284388,-0.175632732,0.314622849,-0.204210988,-0.805428631,-0.094460174,0.461887324,-0.657124366,-0.985439939,-0.698919335,-0.525833016,0.517062139,0.681685705,-0.254210831,-0.115963516,-0.905204842,0.55538025,0.52088076,-0.515351263,0.422214773,0.009978636,1.111227337,-1.210207945,0.22813439,-0.763505675,-0.735234525,-0.238779652,-0.696098663,-0.344657911,-0.31741701,-0.708925369,-0.225519812,-0.266206953,0.005500903,-0.422158527,-0.338753743
0,-0.10677774,0.789890749,0.473594997,0.867057497,-0.314456994,1.139603285,0.142874575,0.302628015,0.842257031,-0.524122366,-0.287582849,0.185927965,-0.459419278,-0.9463765,-0.49763767,-0.616091285,0.295800791,-0.443852908,-0.196043338,-0.440614002,-0.313732335,0.57700423,-0.26427676,-0.761588706,0.104897554,-0.204210988,0.074083574,0.358533825,0.595923648,-0.657124366,-0.985439939,-0.165630761,-0.525833016,0.359233205,0.061295348,-0.254210831,-0.890571033,-0.025452765,-0.716525459,0.283202121,1.301669483,-0.560981976,0.147934156,0.371996481,-1.210207945,0.22813439,0.518429779,-1.217123178,0.284995069,0.341882733,-0.344657911,-0.31741701,-0.708925369,-0.225519812,-0.266206953,0.005500903,-0.422158527,-0.338753743
0,-0.140659158,0.812595124,0.035663069,1.330120863,-1.060047603,0.306313493,0.412400795,1.278042508,-0.619591043,-0.284947502,0.412548001,0.848153489,-0.42722333,-0.9463765,-0.49763767,-0.616091285,0.271241928,-0.468022432,-0.767615937,-0.440614002,-0.313732335,-0.95609019,-0.21309583,-0.761588706,-0.879457498,-0.204210988,-0.332317205,-0.04196666,-0.594571002,-0.657124366,-0.285858532,-0.698919335,-0.525833016,-0.350242676,-0.55909501,-0.254210831,-0.084826437,-1.252358387,-1.038345413,0.52088076,-0.515351263,-0.569974927,0.022165247,0.33868695,-0.515742626,0.22813439,-0.763505675,-0.735234525,-0.762554373,-0.906537018,-0.344657911,-0.31741701,0.167564178,-0.225519812,-0.266206953,0.005500903,0.773957299,-0.338753743
0,2.094529732,-0.364248299,-0.296912007,-1.631616322,0.92166923,0.231630673,0.255162551,-0.614676676,-0.417437115,2.089471883,-1.07954641,0.50352592,-0.049080082,-0.471753566,0.19978487,-0.616091285,0.271241928,0.755381959,-0.244220071,-0.440614002,-0.313732335,0.145286754,-0.700599495,0.922434539,-0.221257333,-0.204210988,-0.805428631,-0.509141503,-1.02291155,-0.657124366,-0.985439939,-0.210580609,-0.525833016,0.495181373,-0.55909501,1.757688966,0.365416174,0.694629491,0.72494725,-0.898672324,-0.515351263,0.188410379,-0.864405049,-1.028741088,0.178722692,-0.841737232,-0.763505675,2.637986044,0.284995069,1.696145315,-0.344657911,-0.31741701,-0.708925369,-0.225519812,-0.266206953,0.005500903,-0.422158527,-0.338753743
0,-0.208078347,0.874495762,-0.334734857,0.993511718,-0.78529861,-1.088331723,-0.676848477,-0.176184872,-0.639260244,1.178198912,-0.390343879,1.334686528,-0.809294389,-0.9463765,-0.49763767,-0.616091285,-0.911633031,-0.468022432,-0.767615937,-0.440614002,-0.313732335,-0.931719084,-0.700599495,-0.735856666,-0.890045407,-0.204210988,-0.805428631,-0.947097336,-1.453303403,-0.657124366,-0.985439939,-0.698919335,-0.525833016,-0.767869833,-0.55909501,-0.254210831,-0.152570022,-0.523483479,-1.038345413,-0.614309938,-1.034315424,-0.780950478,1.153052043,-1.028741088,-0.515742626,-0.841737232,-0.763505675,-1.458067504,0.284995069,-0.107414738,-0.344657911,-0.31741701,-0.708925369,-0.225519812,-0.266206953,-0.742621893,-0.422158527,-0.338753743
0,-0.299986423,0.958963669,-0.532394828,0.8782684,-0.164646018,-0.446545338,-1.24848699,0.277427338,0.842257078,-0.751085296,-1.133859225,0.307561224,-0.414631074,-0.453381311,0.214730616,-0.616091285,-0.911633031,0.157123526,-0.767615937,0.298541564,-0.313732335,1.794845197,-0.347365944,-1.091317868,1.662108084,-0.204210988,0.019764046,1.89933369,-0.004786941,-0.657124366,0.35887008,0.580790807,-0.525833016,0.364318074,0.56368073,-0.254210831,-0.903237431,-0.852399804,-0.280906089,-0.614761707,0.236667522,-0.5274941,0.606322278,0.654228339,-0.515742626,1.298006011,0.518429779,-0.494290199,0.80876979,-0.138686483,-0.344657911,-0.31741701,0.167564178,-0.225519812,-0.266206953,-0.742621893,-0.422158527,-0.338753743
0,-0.248570019,0.159509593,-0.40420837,1.146204529,-0.457523859,0.5440186,0.558952224,-0.195907143,0.842345207,-1.269176794,0.356893305,0.246744594,-0.03284141,-0.9463765,-0.49763767,-0.616091285,1.454116888,-0.468022432,-0.196043338,-0.440614002,-0.313732335,-0.978884088,0.42945409,-0.072383686,1.42784197,-0.204210988,-0.805428631,-0.156703154,0.190912809,-0.657124366,-0.285858532,0.566278118,-0.525833016,0.638563301,-0.55909501,-0.254210831,-0.868270318,0.428466798,1.750674498,-0.898672324,2.067114555,-0.582758558,-0.568028619,0.618087526,0.178722692,-0.841737232,-0.763505675,-0.012401546,-0.762554373,-0.09489713,2.122367134,-0.31741701,0.167564178,-0.225519812,-0.266206953,0.005500903,-0.422158527,-0.338753743
0,0.390553156,0.159821795,-0.760590695,0.899666698,-0.076942671,-0.759069143,-0.673847459,1.133437478,-0.602602758,2.089806413,-0.597068864,0.854910893,0.316752306,-0.38652125,-0.49763767,-0.616091285,-0.911633031,0.143679764,-0.767615937,-0.440614002,-0.313732335,-0.267616819,-0.270816287,0.612806677,-0.560945325,-0.204210988,-0.805428631,-0.509141503,-1.02291155,-0.657124366,-0.985439939,-0.698919335,-0.525833016,0.490096505,-0.55909501,-0.254210831,1.05928277,-0.052482638,-0.240214582,-0.614309938,0.003612897,-0.240225326,0.158647056,-1.028741088,0.178722692,0.22813439,-0.763505675,-0.494290199,0.80876979,-0.62522495,-0.344657911,-0.31741701,-0.708925369,-0.225519812,-0.266206953,0.753623699,-0.422158527,-0.338753743
0,-0.936588134,0.58527444,0.336483349,0.06371131,-0.225951132,-1.930740869,-0.673673814,0.582442447,-0.638308018,0.739455199,-0.397555584,1.179266251,-0.414912468,-0.9463765,-0.49763767,-0.616091285,-0.911633031,-1.079724628,-0.767615937,-0.440614002,-0.313732335,-1.344622656,-0.306226814,-0.714139282,-1.219145489,-0.204210988,-0.805428631,-0.947097336,-0.610331584,-0.657124366,-0.985439939,-0.698919335,-0.525833016,-1.190581857,-0.55909501,-0.254210831,-0.889840819,-0.915053904,-0.672310865,-0.250599935,-1.034315424,-0.780950478,1.028953599,-1.028741088,0.178722692,-0.841737232,-0.763505675,-0.012401546,-0.238779652,1.164258363,-0.344657911,-0.31741701,-0.708925369,-0.225519812,-0.266206953,-0.742621893,-0.422158527,-0.338753743
0,-0.941459138,0.817222399,0.212464036,-0.019738391,-0.305699121,-1.937708855,-0.673673814,0.107322758,-0.639491783,0.736497448,-0.378761604,1.206295865,-0.809294389,-0.9463765,-0.49763767,-0.616091285,-0.911633031,-1.079724628,-0.767615937,-0.440614002,-0.313732335,-1.344622656,-0.700599495,-1.069600484,-1.219145489,-0.204210988,-0.805428631,-0.947097336,-0.610331584,-0.657124366,-0.985439939,-0.698919335,-0.525833016,-1.190581857,-0.55909501,-0.254210831,-0.889840819,-0.915053904,-0.672310865,-0.898672324,-1.034315424,-0.780950478,1.463486079,-1.028741088,-0.515742626,-0.841737232,-0.763505675,-0.012401546,-0.238779652,1.558540726,-0.344657911,-0.31741701,-0.708925369,-0.225519812,-0.266206953,-0.742621893,-0.422158527,-0.338753743
0,0.353393808,1.127485707,1.077691747,1.25647171,-0.745506861,-0.222108675,-1.524101953,-0.186494245,-0.648140796,0.377498222,-0.635113843,0.848153489,-0.446827022,-0.9463765,-0.49763767,0.58599395,-0.911633031,-0.468022432,-0.767615937,-0.440614002,-0.313732335,0.623987991,-1.130382703,-1.091317868,-0.882992801,-0.204210988,0.06660276,0.78825332,-0.630194776,-0.657124366,-0.985439939,-0.698919335,-0.525833016,-0.624487904,-0.55909501,-0.254210831,-1.305379516,-0.139411935,-1.038345413,-0.898672324,-1.034315424,-0.780950478,0.7892964,-0.098230174,-1.210207945,3.437749254,-0.763505675,-1.217123178,1.332544511,-0.652086577,-0.344657911,-0.31741701,-0.708925369,-0.225519812,-0.266206953,-0.742621893,-0.422158527,-0.338753743
0,-0.729282956,0.344143039,0.748230789,0.111565434,-0.72542905,0.427608691,0.549558326,0.46299597,-0.631887029,-0.555542979,1.302351792,0.52379813,-0.809294389,-0.9463765,-0.49763767,-0.616091285,0.271241928,-1.079724628,-0.196043338,-0.440614002,-0.313732335,-0.953892224,-1.130382703,-0.735856666,-0.879457498,-0.204210988,-0.805428631,-0.947097336,0.214828348,-0.657124366,-0.985439939,-0.698919335,-0.525833016,-0.767869833,-0.55909501,-0.254210831,-0.936744117,-1.252358387,-0.184537581,-0.329947552,-0.474851338,-0.780950478,-0.208264196,-1.028741088,-0.515742626,-0.841737232,-0.763505675,-0.253345873,-1.286329094,0.660302158,2.122367134,-0.31741701,-0.708925369,-0.225519812,-0.266206953,-0.742621893,-0.422158527,-0.338753743
0,-0.936386866,0.810820349,0.273630248,-0.131028607,-0.24582956,-1.937708855,-0.673673814,-0.238752074,-0.639491719,0.727829266,-0.29787878,1.030603379,-0.809294389,-0.9463765,-0.49763767,-0.616091285,-0.911633031,-1.079724628,-0.767615937,-0.440614002,-0.313732335,-1.344622656,-0.700599495,-1.069600484,-1.219145489,-0.204210988,-0.805428631,-0.947097336,-0.179939731,-0.657124366,-0.985439939,-0.698919335,-0.525833016,-1.190581857,-0.55909501,-0.254210831,-0.889840819,-0.177790839,-0.672310865,-0.898672324,-1.034315424,-0.780950478,1.544033927,-1.028741088,-0.515742626,-0.841737232,-0.763505675,-0.253345873,-0.238779652,1.568340988,-0.344657911,-0.31741701,-0.708925369,-0.225519812,-0.266206953,-0.742621893,-0.422158527,-0.338753743
0,-0.480436276,0.867824256,-0.270994226,-1.278022666,-0.575543306,0.227760767,0.376061127,-1.792178379,-0.61900168,-2.046709963,2.360978841,0.52379813,-0.837843922,-0.9463765,-0.49763767,-0.616091285,0.271241928,-0.468022432,-0.767615937,-0.440614002,-0.313732335,-0.931719084,-0.665188967,-0.761588706,-0.879457498,-0.204210988,-0.805428631,-0.509141503,0.286075896,-0.657124366,-0.985439939,-0.698919335,-0.525833016,-0.350242676,-0.55909501,-0.254210831,-0.89900812,-0.44085136,-1.038345413,-0.57463613,-0.515351263,-0.572452268,0.111729819,-1.028741088,-1.210207945,-0.841737232,-0.763505675,1.915153065,-1.810103816,1.047234324,-0.344657911,-0.31741701,-0.708925369,-0.225519812,-0.266206953,0.005500903,-0.422158527,-0.338753743
0,-0.109471328,0.909031553,-0.664695351,1.240939018,-0.803666716,-0.275253992,-1.81485776,0.311448253,0.842257002,-0.762633174,0.440655026,0.321076031,-0.825251665,-0.391785658,0.214730616,-0.616091285,-0.911633031,0.16892433,-0.767615937,-0.440614002,-0.313732335,0.147119481,-0.327768614,-1.091317868,0.425840844,-0.204210988,-0.805428631,0.278719528,0.424921144,-0.657124366,-0.340711326,-0.066320608,-0.525833016,-0.767869833,-0.55909501,-0.254210831,-0.457691146,-0.939494174,0.144788255,1.088701994,0.236667522,-0.780950478,0.136909429,1.049352644,-1.210207945,0.22813439,-0.763505675,-1.217123178,-0.238779652,-0.430556107,-0.344657911,-0.31741701,-0.708925369,1.234989449,-0.266206953,-0.742621893,-0.422158527,-0.338753743
0,-0.569363182,1.10396238,0.852946108,-0.712089734,-0.575323985,-1.312372589,-2.003894994,-2.585999746,-0.649409631,-2.231867803,3.122491632,0.834638683,-0.833389686,-0.456314764,-0.49763767,-0.616091285,-0.911633031,-1.079724628,-0.767615937,-0.440614002,-0.313732335,-0.931719084,-1.130382703,-1.091317868,-0.890045407,-0.204210988,-0.805428631,-0.947097336,-0.215563505,-0.657124366,-0.985439939,-0.698919335,-0.525833016,-0.767869833,-0.55909501,-0.254210831,-0.911674519,-0.852399804,-0.583602997,-0.898672324,-1.034315424,-0.780950478,0.256021392,-1.028741088,-1.210207945,-0.841737232,-0.763505675,1.433264412,-1.810103816,1.506109323,-0.344657911,-0.31741701,-0.708925369,-0.225519812,-0.266206953,-0.742621893,-0.422158527,-0.338753743
0,0.248547159,0.923712356,-0.804958094,-1.029853891,0.023575983,-0.78338815,-2.162609783,-1.413309087,-0.648876644,-0.429758984,-0.363629325,0.435951887,-1.203676309,-0.9463765,-0.49763767,-0.616091285,-0.911633031,0.143679764,-0.767615937,-0.440614002,-0.313732335,0.087693654,-1.130382703,-0.75757405,-0.560945325,-0.204210988,-0.805428631,-0.947097336,0.194965157,-0.657124366,-0.985439939,-0.698919335,-0.525833016,-1.190581857,-0.55909501,-0.254210831,-0.517969522,0.535011786,0.213259835,-0.33085109,-1.034315424,-0.780950478,1.115281666,-0.056837315,-1.210207945,-0.841737232,-0.763505675,1.915153065,-0.762554373,2.24393542,-0.344657911,-0.31741701,-0.708925369,-0.225519812,-0.266206953,-0.742621893,-0.422158527,-0.338753743
0,0.163359866,0.954643417,-0.573671208,-1.105130557,0.053503286,0.230351742,0.315837156,-0.835984455,-0.618013172,1.24745624,-1.030942653,1.003573765,-0.837843922,-0.429137408,-0.49763767,-0.616091285,0.271241928,0.143679764,-0.767615937,-0.440614002,-0.313732335,-0.17059389,-1.130382703,-0.427844888,-0.550357416,-0.204210988,-0.805428631,-0.947097336,-1.453303403,-0.657124366,-0.985439939,-0.698919335,-0.525833016,0.072469348,-0.55909501,-0.254210831,0.253801373,0.245106637,-1.038345413,-0.614309938,-0.515351263,-0.517327054,1.120988392,-1.028741088,-1.210207945,-0.841737232,-0.763505675,0.951375759,0.284995069,1.710845708,-0.344657911,-0.31741701,-0.708925369,-0.225519812,-0.266206953,0.005500903,-0.422158527,-0.338753743
0,0.001568098,0.927491656,-0.833083491,1.096452067,-1.075001285,-0.967466101,-2.093925723,0.717698015,-0.649277245,-0.731970877,1.19679437,0.652188793,-1.203676309,-0.9463765,-0.49763767,-0.616091285,-0.911633031,-0.468022432,-0.229320454,0.421095061,-0.313732335,-0.565559837,0.050688349,-1.091317868,-0.576113233,-0.204210988,0.050074813,-0.947097336,-0.603140651,-0.657124366,-0.985439939,-0.698919335,-0.525833016,-1.190581857,0.055016553,-0.254210831,-0.105929923,-1.252358387,-0.741779716,0.891148933,-1.034315424,-0.704239541,0.317194785,-0.240789528,-1.210207945,-0.841737232,1.800365233,-0.735234525,-0.762554373,-0.36703259,-0.344657911,-0.31741701,-0.708925369,-0.225519812,-0.266206953,-0.742621893,-0.422158527,-0.338753743
0,-0.058633548,1.083682796,0.659191705,0.851688583,-0.655510615,-1.088331723,-2.008555337,-0.195907143,-0.649219555,1.227024203,-0.419106399,1.138721832,-1.203676309,-0.456314764,-0.49763767,-0.616091285,-0.911633031,0.143679764,-0.767615937,-0.440614002,-0.313732335,-0.551156487,-1.130382703,-0.75757405,-0.560945325,-0.204210988,-0.805428631,-0.947097336,-1.453303403,-0.657124366,-0.985439939,-0.698919335,-0.525833016,-0.345157808,-0.55909501,-0.254210831,-0.568108719,-0.163240103,-0.583602997,-0.614309938,-1.034315424,-0.780950478,1.432562519,-1.028741088,-1.210207945,-0.841737232,-0.763505675,-1.217123178,0.284995069,0.268692594,-0.344657911,-0.31741701,-0.708925369,-0.225519812,-0.266206953,-0.742621893,-0.422158527,-0.338753743
0,-0.417663781,-1.07029276,-0.615767076,0.236065317,-0.990438211,0.55308497,-1.174404293,2.276156145,0.590452357,-0.919911512,1.456395893,0.787336859,-0.422537983,0.13332368,-0.49763767,-0.616091285,0.241232146,-1.079724628,1.374512967,-0.440614002,-0.313732335,-0.529429533,-0.725321515,-0.496398051,-0.32827886,-0.204210988,0.044468657,-0.184409035,-1.08190247,-0.657124366,-0.985439939,-0.051807919,-0.525833016,0.253743664,-0.55909501,-0.254210831,0.31950054,-0.889551147,-0.128860581,-0.898672324,-1.034315424,0.238070925,0.222986516,-1.028741088,-1.210207945,-0.841737232,0.518429779,-0.253345873,-1.286329094,-1.59740204,-0.344657911,-0.31741701,-0.708925369,-0.225519812,-0.266206953,-0.742621893,-0.422158527,-0.338753743
0,-0.898584058,0.534018583,1.44817363,0.070275822,-0.146203143,-1.737838612,-0.675154116,0.708358937,-0.637951884,0.741058939,-0.37101028,1.152236638,-0.020530549,-0.9463765,-0.49763767,-0.616091285,-0.911633031,-1.079724628,-0.767615937,-0.440614002,-0.313732335,-0.931719084,0.123556394,-0.358678081,-1.219145489,-0.204210988,-0.805428631,-0.947097336,-0.610331584,-0.657124366,-0.985439939,-0.698919335,-0.525833016,-1.190581857,-0.55909501,-0.254210831,-1.305379516,0.622126328,-0.672310865,-0.250599935,-1.034315424,-0.780950478,0.969988912,-1.028741088,0.873188011,-0.841737232,-0.763505675,-0.012401546,-0.238779652,0.705784283,-0.344657911,-0.31741701,-0.708925369,-0.225519812,-0.266206953,-0.742621893,-0.422158527,-0.338753743
0,-0.893665805,0.540597194,1.512831428,-0.021668989,-0.166081572,-1.737838612,-0.675154116,-0.08546243,-0.638080675,0.729429735,-0.275688604,1.003573765,-0.414912468,-0.9463765,-0.49763767,-0.616091285,-0.911633031,-1.079724628,-0.767615937,-0.440614002,-0.313732335,-0.931719084,-0.270816287,-0.714139282,-1.219145489,-0.204210988,-0.805428631,-0.947097336,-0.179939731,-0.657124366,-0.985439939,-0.698919335,-0.525833016,-1.190581857,-0.55909501,-0.254210831,-1.305379516,1.359389393,-0.672310865,-0.898672324,-1.034315424,-0.780950478,1.468392539,-1.028741088,0.178722692,-0.841737232,-0.763505675,-0.253345873,-0.238779652,1.109866908,-0.344657911,-0.31741701,-0.708925369,-0.225519812,-0.266206953,-0.742621893,-0.422158527,-0.338753743
0,-0.037755963,0.321764796,-0.305565528,-1.067624857,-0.326250465,0.422406388,0.549777089,1.00824701,-0.63187857,0.147617328,0.81498329,0.773822053,-0.020530549,-0.456314764,-0.49763767,-0.616091285,0.271241928,-0.468022432,-0.196043338,-0.440614002,-0.313732335,0.220136542,-0.270816287,0.308809555,-0.550357416,-0.204210988,-0.805428631,-0.947097336,-1.005099663,-0.657124366,-0.985439939,-0.698919335,-0.525833016,-0.345157808,-0.55909501,-0.254210831,0.331179274,0.316148895,-0.240214582,-0.614309938,-0.474851338,-0.780950478,-0.180185161,-1.028741088,0.873188011,-0.841737232,-0.763505675,1.674208738,-1.286329094,-0.103851006,2.122367134,-0.31741701,-0.708925369,-0.225519812,-0.266206953,-0.742621893,-0.422158527,-0.338753743
0,0.030713276,-0.059295367,-0.411707955,0.828835893,-0.416266649,-0.786392636,-0.673672738,0.696146303,-0.635644328,1.685793374,-0.318640504,1.057632992,-0.020530549,0.088101685,-0.49763767,-0.616091285,-0.911633031,0.143679764,-0.767615937,-0.440614002,-0.313732335,-0.583497464,-0.700599495,0.308809555,-0.560945325,-0.204210988,-0.805428631,-0.509141503,-1.453303403,-0.657124366,-0.985439939,-0.698919335,-0.525833016,-0.345157808,-0.55909501,-0.254210831,0.665577773,-0.052482638,-0.639279997,-0.57463613,-1.034315424,-0.780950478,0.202573401,-1.028741088,0.873188011,-0.841737232,-0.763505675,-0.976178852,0.284995069,-1.041825182,-0.344657911,-0.31741701,-0.708925369,-0.225519812,-0.266206953,-0.742621893,-0.422158527,-0.338753743
0,-0.008448809,0.184124009,-0.439368899,1.205109502,-0.515893066,-1.034416745,-0.835257293,0.359077536,-0.636789822,1.530073169,-0.223381768,0.935999732,-0.809294389,-0.471753566,-0.49763767,-0.616091285,-0.911633031,0.143679764,-0.767615937,-0.440614002,-0.313732335,-0.583497464,-1.130382703,-0.402112848,-0.560945325,-0.204210988,-0.805428631,-0.947097336,-1.040723437,-0.657124366,-0.985439939,-0.698919335,-0.525833016,-0.345157808,-0.55909501,-0.254210831,0.219301275,0.653453377,-0.583602997,-0.614309938,-1.034315424,-0.780950478,0.719182354,-1.028741088,-0.515742626,-0.841737232,-0.763505675,-1.217123178,0.284995069,-0.05159779,-0.344657911,-0.31741701,-0.708925369,-0.225519812,-0.266206953,-0.742621893,-0.422158527,-0.338753743
0,1.901003218,-0.338346168,-0.424666769,0.704712497,-0.266724839,-0.78396332,-0.717563754,1.127950232,-0.41743755,2.079302556,-0.161207849,0.834638683,-0.020530549,0.088101685,-0.49763767,-0.616091285,-0.911633031,0.143679764,-0.244220071,-0.440614002,-0.313732335,-0.267616819,-0.700599495,0.614422761,-0.560945325,-0.204210988,-0.805428631,-0.509141503,-1.02291155,-0.657124366,-0.985439939,-0.210580609,-0.525833016,-0.345157808,-0.55909501,1.757688966,-0.071693023,0.294670908,0.72494725,-0.898672324,-1.034315424,-0.061094522,-0.679438093,-1.028741088,0.873188011,-0.841737232,-0.763505675,-0.976178852,0.284995069,-0.990997459,-0.344657911,-0.31741701,-0.708925369,-0.225519812,-0.266206953,-0.742621893,-0.422158527,-0.338753743
0,-0.851119684,0.496576353,0.093252619,0.04530286,-0.146203143,-1.878485019,-0.674789529,-0.244226707,-0.637942492,0.731054557,-0.333568412,1.152236638,-0.020530549,-0.9463765,-0.49763767,-0.616091285,-0.911633031,-1.079724628,-0.767615937,-0.440614002,-0.313732335,-0.96406006,0.123556394,-0.358678081,-1.219145489,-0.204210988,-0.805428631,-0.947097336,-0.610331584,-0.657124366,-0.985439939,-0.698919335,-0.525833016,-1.190581857,-0.55909501,-0.254210831,-0.902507218,1.390716444,-0.672310865,-0.250599935,-1.034315424,-0.780950478,0.929609658,-1.028741088,0.873188011,-0.841737232,-0.763505675,-0.253345873,-0.238779652,0.641592566,-0.344657911,-0.31741701,-0.708925369,-0.225519812,-0.266206953,-0.742621893,-0.422158527,-0.338753743