target,acid_group,base_group,MaxEStateIndex,qed,MolWt,BalabanJ,HallKierAlpha,PEOE_VSA11,PEOE_VSA3,PEOE_VSA4,PEOE_VSA6,PEOE_VSA7,SMR_VSA2,SMR_VSA7,SMR_VSA9,SlogP_VSA11,SlogP_VSA7,EState_VSA11,EState_VSA8,EState_VSA9,VSA_EState4,VSA_EState5,VSA_EState9,NHOHCount,NumAromaticHeterocycles,NumRotatableBonds,RingCount,MolLogP,fr_Al_COO,fr_Al_OH,fr_NH1,fr_NH2,fr_Ndealkylation2,fr_alkyl_carbamate,fr_aniline,fr_aryl_methyl,fr_ether,fr_ketone,fr_methoxy,fr_para_hydroxylation,fr_piperzine,fr_pyridine,fr_sulfonamd
1,-1.605910137,0.824022054,-0.85067004,-0.361039184,0.043035709,0.123622256,-0.206001427,2.896232592,-0.767615937,0.448678527,-0.302919163,0.695694049,3.763316781,-0.182674804,2.766980567,3.384194865,-0.434314115,-0.254210831,0.750486475,1.041541219,-0.11957324,1.314281276,3.38233711,-1.210207945,-0.763505675,1.674208738,-0.762554373,0.433328088,-0.344657911,-0.536782631,-0.708925369,-0.255488065,-0.292279208,-0.266206953,-0.576923077,-0.432472449,2.24986929,-0.441941738,4.362304777,-0.304788738,-0.281718085,-0.410256665,-0.338753743
1,-1.605910137,-1.213559752,0.057348616,0.217097012,-0.424386498,0.241143355,0.185927965,1.111912811,-0.196043338,-0.440614002,-0.858997913,0.765654372,-0.204210988,0.424921144,0.020164307,0.451673954,1.598826814,-0.254210831,-1.084652684,1.274595844,-0.656831903,0.122221406,-0.204615931,-1.210207945,-0.763505675,-0.012401546,-0.762554373,0.249314803,-0.344657911,-0.536782631,-0.708925369,-0.255488065,-0.292279208,-0.266206953,-0.576923077,-0.432472449,0.753623699,1.060660172,-0.422158527,-0.304788738,-0.281718085,-0.410256665,-0.338753743
1,-1.605910137,-1.213559752,0.402222134,1.417692242,-0.464596951,0.483937254,0.267016804,2.0195518,-0.767615937,-0.440614002,-0.59124138,-1.822179508,-0.204210988,-0.856929597,1.374741655,2.406687895,1.598826814,-0.254210831,-1.084652684,2.312524165,-1.03394091,0.189661892,1.577701561,-1.210207945,-0.763505675,-0.735234525,-0.238779652,-0.583573836,-0.344657911,-0.536782631,-0.708925369,-0.255488065,-0.292279208,-0.266206953,-0.576923077,-0.432472449,2.24986929,2.563262082,3.166188951,-0.304788738,-0.281718085,-0.410256665,-0.338753743
1,0.622699849,-1.213559752,-0.067545092,0.411231906,-0.366007322,-0.02954342,0.740035036,-0.637153716,-0.767615937,-0.440614002,0.48886779,-0.131482355,-0.204210988,-1.042090974,0.697452982,1.429180925,-0.434314115,-0.254210831,0.883748725,-0.515351263,-0.097383722,0.832909237,-0.204615931,-0.515742626,-0.763505675,-0.012401546,-0.238779652,0.954933674,-0.344657911,-0.536782631,-0.708925369,-0.255488065,-0.292279208,-0.266206953,-0.576923077,-0.432472449,0.005500903,1.060660172,-0.422158527,-0.304788738,-0.281718085,-0.410256665,-0.338753743
1,0.622699849,-1.213559752,0.862349954,-1.500417021,2.333820235,-0.369403389,-0.51684198,0.251375567,-0.196043338,-0.440614002,1.440990649,1.808914708,-0.204210988,-0.179939731,-0.657124366,-0.525833016,-0.434314115,-0.254210831,-1.084652684,1.560505379,-0.230110778,-2.959615416,1.66566966,0.873188011,-0.763505675,-0.012401546,0.284995069,0.917781771,-0.344657911,2.683913156,-0.708925369,-0.255488065,-0.292279208,-0.266206953,-0.576923077,-0.432472449,2.997992086,4.065863992,3.166188951,-0.304788738,-0.281718085,-0.410256665,-0.338753743
1,-1.605910137,-1.213559752,-0.754302441,-0.217071347,-0.995273235,2.248832418,1.638769677,-0.637153716,-0.767615937,2.404706504,-1.307632422,-1.386211604,-0.204210988,-1.86588337,-0.657124366,-0.525833016,-0.434314115,-0.254210831,-0.679885299,-1.034315424,-0.643985432,0.147934156,-3.017184152,-1.210207945,-0.763505675,0.22854278,-1.810103816,-1.9606443,-0.344657911,-0.536782631,-0.708925369,-0.255488065,-0.292279208,-0.266206953,-0.576923077,-0.432472449,-0.742621893,-0.441941738,-0.422158527,-0.304788738,-0.281718085,-0.410256665,-0.338753743
1,-1.605910137,0.824022054,-0.140659158,1.330120863,-1.060047603,0.412548001,0.848153489,-0.637153716,-0.767615937,-0.440614002,0.113675713,-0.975143495,-0.204210988,-0.594571002,-0.657124366,-0.525833016,-0.434314115,-0.254210831,-0.827418801,-0.515351263,-0.303938319,0.022165247,0.399237921,-0.515742626,-0.763505675,-0.735234525,-0.762554373,-0.906537018,-0.344657911,-0.536782631,0.167564178,-0.255488065,-0.292279208,-0.266206953,-0.576923077,-0.432472449,0.005500903,-0.441941738,0.773957299,-0.304788738,-0.281718085,-0.410256665,-0.338753743
1,0.622699849,0.824022054,-0.352196209,0.253340545,-1.324947103,1.947170953,0.510283324,0.230470321,0.398113189,-0.440614002,-1.307632422,-1.822179508,-0.204210988,-0.903759423,-0.657124366,-0.525833016,-0.434314115,-0.254210831,-0.602388579,-1.034315424,-0.640081888,0.147934156,1.040730049,-0.515742626,1.800365233,-1.458067504,-0.762554373,-2.298619703,-0.344657911,-0.536782631,0.167564178,-0.255488065,-0.292279208,-0.266206953,-0.576923077,1.528069319,-0.742621893,-0.441941738,-0.422158527,-0.304788738,-0.281718085,-0.410256665,-0.338753743
1,0.622699849,-1.213559752,-0.570328024,1.62633928,-1.075240544,0.822697642,0.388650064,-0.637153716,-0.767615937,-0.440614002,-0.369232037,-0.620624721,-0.204210988,-0.379716959,0.020164307,0.451673954,-0.434314115,-0.254210831,-1.084652684,0.044112823,-0.377646663,-0.043341447,0.468583224,-0.515742626,-0.763505675,-0.735234525,-0.762554373,-0.482809323,2.122367134,-0.536782631,-0.708925369,-0.255488065,-0.292279208,-0.266206953,-0.576923077,-0.432472449,0.005500903,-0.441941738,0.773957299,-0.304788738,-0.281718085,-0.410256665,-0.338753743
1,0.622699849,0.824022054,0.538968734,-0.284674743,0.440908338,-0.428785986,-0.422238333,0.329236778,0.935183213,4.873140406,-0.838432229,-0.179616634,-0.204210988,1.209902304,-0.657124366,-0.525833016,-0.434314115,-0.254210831,-0.350157507,0.003612897,-1.721343729,0.054537917,-0.204615931,0.178722692,0.518429779,-0.012401546,0.284995069,0.370526226,-0.344657911,-0.536782631,1.044053725,-0.255488065,-0.292279208,-0.266206953,-0.576923077,-0.432472449,0.753623699,-0.441941738,-0.422158527,-0.304788738,-0.281718085,-0.410256665,-0.338753743
1,-1.605910137,0.824022054,0.527113396,0.741679126,-0.156765428,0.173516055,0.064294705,0.30065074,-0.767615937,-0.440614002,-0.369232037,-0.330970881,-0.204210988,0.049991126,0.020164307,0.451673954,-0.434314115,-0.254210831,-1.084652684,0.003612897,-0.072925256,0.168554561,2.087818921,-1.210207945,-0.763505675,-0.012401546,-0.238779652,-0.334914458,-0.344657911,-0.536782631,-0.708925369,-0.255488065,-0.292279208,-0.266206953,0.730769231,-0.432472449,0.753623699,-0.441941738,0.773957299,2.133521167,-0.281718085,-0.410256665,-0.338753743
1,0.622699849,0.824022054,-2.560637522,1.330398237,-0.95832767,0.182510961,0.814366473,0.278463519,-0.767615937,1.03769713,-0.858997913,-1.410278744,-0.204210988,-1.258287422,-0.657124366,-0.525833016,1.598826814,-0.254210831,0.094551121,0.236667522,0.13837669,0.436201265,-0.204615931,0.178722692,0.518429779,-1.217123178,-0.238779652,-1.071136875,-0.344657911,-0.536782631,1.044053725,-0.255488065,-0.292279208,-0.266206953,0.730769231,-0.432472449,-0.742621893,-0.441941738,-0.422158527,-0.304788738,-0.281718085,-0.410256665,-0.338753743
1,0.622699849,0.824022054,-0.404854621,-0.451548974,-0.656567342,-0.314050347,-0.59793082,-0.637153716,0.401085654,0.421555724,-1.307632422,-0.998377979,-0.204210988,-0.014525644,0.676799841,-0.525833016,-0.434314115,-0.254210831,-0.580605365,-0.55037847,-0.427278699,0.329398327,-0.204615931,-0.515742626,0.518429779,-0.494290199,-0.238779652,-1.060133854,-0.344657911,-0.536782631,0.167564178,-0.255488065,-0.292279208,-0.266206953,-0.576923077,-0.432472449,-0.742621893,-0.441941738,-0.422158527,-0.304788738,-0.281718085,-0.410256665,-0.338753743
1,0.622699849,0.824022054,-0.76808701,0.860428322,-0.800690934,-0.150723095,0.733277633,1.129539439,-0.767615937,-0.440614002,-0.603085524,-0.529927878,-0.204210988,-0.611699121,0.697452982,1.429180925,-0.434314115,-0.254210831,-0.212644894,-0.515351263,0.104451077,0.612222109,0.700706561,0.178722692,-0.763505675,-1.458067504,0.80876979,-1.301754861,-0.344657911,0.536782631,-0.708925369,-0.255488065,2.045954459,-0.266206953,-0.576923077,-0.432472449,0.005500903,-0.441941738,-0.422158527,-0.304788738,-0.281718085,-0.410256665,-0.338753743
1,0.622699849,-1.213559752,0.390553156,0.899666698,-0.076942671,-0.597068864,0.854910893,2.966832588,-0.767615937,-0.440614002,0.194442753,0.082116846,-0.204210988,-1.02291155,-0.657124366,-0.525833016,-0.434314115,-0.254210831,-0.079711579,0.003612897,-0.986146315,0.158647056,-0.204615931,0.178722692,-0.763505675,-0.494290199,0.80876979,-0.62522495,-0.344657911,1.610347894,-0.708925369,-0.255488065,-0.292279208,-0.266206953,-0.576923077,-0.432472449,0.753623699,2.563262082,-0.422158527,-0.304788738,-0.281718085,-0.410256665,-0.338753743
1,0.622699849,-1.213559752,-0.008448809,1.205109502,-0.515893066,-0.223381768,0.935999732,1.13990485,-0.767615937,-0.440614002,-0.321621434,0.919905147,-0.204210988,-1.040723437,-0.657124366,-0.525833016,-0.434314115,-0.254210831,0.214255017,-1.034315424,-0.297181253,0.719182354,-0.204615931,-0.515742626,-0.763505675,-1.217123178,0.284995069,-0.05159779,-0.344657911,0.536782631,-0.708925369,-0.255488065,-0.292279208,-0.266206953,-0.576923077,-0.432472449,-0.742621893,2.563262082,-0.422158527,-0.304788738,-0.281718085,-0.410256665,-0.338753743
1,0.622699849,0.824022054,-0.313280707,0.447795662,-1.153253905,1.889683134,0.70624802,1.07804814,-0.196043338,0.401709489,-1.307632422,-1.428332915,-0.204210988,-0.940725603,-0.657124366,-0.525833016,1.704459498,-0.254210831,-0.602388579,0.236667522,-0.758711301,0.147934156,1.00798773,-0.515742626,1.800365233,-1.458067504,-0.762554373,-2.007551919,-0.344657911,-0.536782631,0.167564178,-0.255488065,-0.292279208,-0.266206953,-0.576923077,1.528069319,-0.742621893,-0.441941738,-0.422158527,-0.304788738,-0.281718085,-0.410256665,-0.338753743
1,-1.605910137,0.824022054,-0.417663781,0.236065317,-0.990438211,1.456395893,0.787336859,1.769080424,1.374512967,-0.440614002,-1.039875889,-1.655035354,-0.204210988,-1.08190247,-0.657124366,-0.525833016,-0.434314115,-0.254210831,-0.843520632,-1.034315424,-0.643985432,0.222986516,-1.498038052,-1.210207945,0.518429779,-0.253345873,-1.286329094,-1.59740204,-0.344657911,-0.536782631,-0.708925369,-0.255488065,-0.292279208,-0.266206953,-0.576923077,1.528069319,-0.742621893,-0.441941738,-0.422158527,-0.304788738,-0.281718085,-0.410256665,-0.338753743
1,0.622699849,-1.213559752,0.030713276,0.828835893,-0.416266649,-0.318640504,1.057632992,1.13990485,-0.767615937,-0.440614002,-0.556594835,0.478569343,-0.204210988,-1.453303403,-0.657124366,-0.525833016,-0.434314115,-0.254210831,-0.749672316,-1.034315424,-1.046605253,0.202573401,-0.204615931,0.873188011,-0.763505675,-0.976178852,0.284995069,-1.041825182,-0.344657911,2.683913156,-0.708925369,-0.255488065,-0.292279208,-0.266206953,-0.576923077,-0.432472449,-0.742621893,2.563262082,-0.422158527,-0.304788738,-0.281718085,-0.410256665,-0.338753743
1,0.622699849,-1.213559752,0.902480484,-1.59344563,2.553405094,-0.37738567,-0.543871593,0.251375567,-0.196043338,-0.440614002,1.440990649,1.808914708,-0.204210988,-0.179939731,-0.657124366,-0.525833016,-0.434314115,-0.254210831,-1.084652684,2.07946954,-0.230686737,-2.960569827,1.692098466,0.873188011,-0.763505675,0.710431433,0.284995069,0.925176514,-0.344657911,2.683913156,-0.708925369,-0.255488065,-0.292279208,-0.266206953,-0.576923077,-0.432472449,3.746114882,4.065863992,3.166188951,-0.304788738,-0.281718085,-0.410256665,-0.338753743
1,-1.605910137,-1.213559752,-1.021387025,-0.562456002,-1.091081478,3.144465837,0.138626141,0.30065074,-0.767615937,-0.440614002,-1.307632422,-1.822179508,-0.204210988,-0.791219336,-0.657124366,-0.525833016,-0.434314115,-0.254210831,-0.382504195,-1.034315424,-0.643985432,0.147934156,-0.204615931,-1.210207945,-0.763505675,0.469487107,-1.810103816,-2.28988856,-0.344657911,-0.536782631,-0.708925369,-0.255488065,-0.292279208,-0.266206953,-0.576923077,-0.432472449,-0.742621893,-0.441941738,-0.422158527,-0.304788738,-0.281718085,-0.410256665,-0.338753743
1,0.622699849,-1.213559752,-0.400939277,0.742952368,-0.686185602,0.746308225,-0.003279328,0.246192861,0.23589742,-0.440614002,-0.603832133,-1.204328361,-0.204210988,0.211170315,0.697452982,1.429180925,-0.434314115,-0.254210831,-0.85619094,-0.515351263,-0.664581861,0.341476556,-1.663088281,-0.515742626,-0.763505675,-0.253345873,-0.762554373,-0.606604452,-0.344657911,-0.536782631,0.167564178,-0.255488065,-0.292279208,-0.266206953,0.730769231,-0.432472449,0.005500903,-0.441941738,-0.422158527,2.133521167,-0.281718085,-0.410256665,2.951996903
1,-1.605910137,0.824022054,-2.471441967,0.914627158,-0.740477439,-0.061201086,0.517040727,-0.637153716,-0.767615937,-0.440614002,0.334568252,-0.583311518,-0.204210988,0.431085188,0.020164307,0.451673954,-0.434314115,-0.254210831,2.074372486,-0.515351263,-0.643985432,0.523036784,0.612808487,-0.515742626,0.518429779,-0.012401546,-0.238779652,0.2274424,-0.344657911,-0.536782631,0.167564178,-0.255488065,-0.292279208,-0.266206953,-0.576923077,-0.432472449,0.005500903,-0.441941738,-0.422158527,-0.304788738,-0.281718085,-0.410256665,-0.338753743
1,-1.605910137,0.824022054,-3.373166337,0.698629055,-1.544113258,0.742235658,1.158994042,-0.637153716,-0.767615937,-0.440614002,-1.073032326,-1.171013509,-0.204210988,-0.800182806,-0.657124366,-0.525833016,-0.434314115,-0.254210831,-0.586286749,-1.034315424,-0.268201221,0.147934156,0.601127439,-0.515742626,0.518429779,-0.735234525,-1.286329094,-1.459717267,-0.344657911,-0.536782631,0.167564178,-0.255488065,-0.292279208,-0.266206953,-0.576923077,-0.432472449,-0.742621893,-0.441941738,-0.422158527,-0.304788738,-0.281718085,2.015608833,-0.338753743
1,-1.605910137,0.824022054,-3.389473115,0.527761334,-1.414325263,0.38638404,1.158994042,-0.637153716,-0.767615937,-0.440614002,-1.073032326,-0.529927878,-0.204210988,-0.800182806,-0.657124366,-0.525833016,-0.434314115,-0.254210831,0.028020131,-1.034315424,-0.199919458,0.147934156,0.699529923,-1.210207945,0.518429779,-1.217123178,-0.762554373,-1.012112569,-0.344657911,-0.536782631,-0.708925369,-0.255488065,2.045954459,-0.266206953,-0.576923077,-0.432472449,-0.742621893,-0.441941738,-0.422158527,-0.304788738,-0.281718085,2.015608833,-0.338753743
1,0.622699849,-1.213559752,-0.208078347,0.993511718,-0.78529861,-0.390343879,1.334686528,0.251375567,-0.767615937,-0.440614002,-0.556594835,0.88038974,-0.204210988,-1.453303403,-0.657124366,-0.525833016,-0.434314115,-0.254210831,-0.414691947,-1.034315424,-0.027674555,1.153052043,-0.204615931,-0.515742626,-0.763505675,-1.458067504,0.284995069,-0.107414738,-0.344657911,0.536782631,-0.708925369,-0.255488065,-0.292279208,-0.266206953,-0.576923077,-0.432472449,-0.742621893,1.060660172,-0.422158527,-0.304788738,-0.281718085,-0.410256665,-0.338753743
1,-1.605910137,0.824022054,-0.806105263,-0.515324301,-0.655799719,0.42272487,0.631916583,0.257172219,-0.767615937,1.547217998,-1.307632422,-0.931748275,-0.204210988,-0.244181434,-0.657124366,-0.525833016,-0.434314115,-0.254210831,-0.333120235,-0.55037847,-0.643985432,1.688734689,2.130767377,0.178722692,0.518429779,0.951375759,-1.286329094,-1.185532662,-0.344657911,-0.536782631,1.044053725,-0.255488065,-0.292279208,-0.266206953,-0.576923077,-0.432472449,-0.742621893,-0.441941738,-0.422158527,-0.304788738,-0.281718085,-0.410256665,-0.338753743
1,0.622699849,-1.213559752,0.545904779,0.987390143,-0.649484281,0.422466863,0.496768517,-0.637153716,-0.196043338,1.785408671,-0.630041365,-0.567364425,-0.204210988,-0.846391224,0.737722092,-0.525833016,1.598826814,-0.254210831,-0.025364293,0.236667522,-1.71326999,1.944542038,-0.204615931,-0.515742626,-0.763505675,-1.458067504,-0.238779652,-0.021038791,-0.344657911,-0.536782631,0.167564178,-0.255488065,-0.292279208,-0.266206953,0.730769231,-0.432472449,0.005500903,-0.441941738,-0.422158527,-0.304788738,-0.281718085,-0.410256665,-0.338753743
1,0.622699849,-1.213559752,-0.574085615,0.923579746,-0.745526799,-0.339166752,0.773822053,-0.637153716,-0.767615937,-0.440614002,-0.576319245,0.878108822,-0.204210988,-0.827236931,1.474253886,0.451673954,-0.434314115,-0.254210831,-0.169733617,-0.330582084,-0.091081417,2.028861964,-0.204615931,0.178722692,-0.763505675,-1.458067504,0.284995069,-0.226176096,-0.344657911,0.536782631,-0.708925369,-0.255488065,-0.292279208,-0.266206953,-0.576923077,1.528069319,-0.742621893,-0.441941738,-0.422158527,-0.304788738,-0.281718085,-0.410256665,-0.338753743
1,0.622699849,-1.213559752,0.838927639,-1.373529783,1.784740953,-0.253358699,-0.118155184,-0.637153716,-0.196043338,-0.440614002,0.416081902,1.418800165,-0.204210988,-0.592519697,-0.657124366,-0.525833016,-0.434314115,-0.254210831,-0.766354309,1.560505379,-0.117995131,-2.881731512,1.703292262,0.873188011,-0.763505675,0.22854278,0.284995069,0.231050678,-0.344657911,2.683913156,-0.708925369,-0.255488065,-0.292279208,-0.266206953,-0.576923077,-0.432472449,2.997992086,2.563262082,3.166188951,-0.304788738,-0.281718085,-0.410256665,-0.338753743
1,-1.605910137,-1.213559752,-0.058633548,0.851688583,-0.655510615,-0.419106399,1.138721832,0.251375567,-0.767615937,-0.440614002,-0.556594835,1.115447446,-0.204210988,-1.453303403,-0.657124366,-0.525833016,-0.434314115,-0.254210831,-0.414691947,-1.034315424,-0.00811382,1.432562519,-0.204615931,-1.210207945,-0.763505675,-1.217123178,0.284995069,0.268692594,-0.344657911,-0.536782631,-0.708925369,-0.255488065,-0.292279208,-0.266206953,-0.576923077,-0.432472449,-0.742621893,2.563262082,-0.422158527,-0.304788738,-0.281718085,-0.410256665,-0.338753743
1,0.622699849,-1.213559752,-0.24274602,0.824837119,-0.735477924,-0.446085598,1.037360782,0.251375567,-0.767615937,-0.440614002,-0.59539482,0.713627049,-0.204210988,-1.453303403,0.796965212,-0.525833016,-0.434314115,-0.254210831,-0.463233184,-0.330582084,-0.507233257,2.356330451,-0.204615931,-0.515742626,-0.763505675,-1.458067504,0.284995069,-0.279676617,-0.344657911,0.536782631,-0.708925369,-0.255488065,-0.292279208,-0.266206953,-0.576923077,-0.432472449,-0.742621893,1.060660172,-0.422158527,-0.304788738,-0.281718085,-0.410256665,-0.338753743
1,-1.605910137,0.824022054,0.008238879,-0.898785203,0.441202428,-1.334314796,-1.050676841,0.223383527,-0.767615937,-0.440614002,-1.307632422,0.22762541,-0.204210988,0.430645476,2.082770419,3.42856096,-0.434314115,-0.254210831,-0.377279703,0.522577058,-0.529245362,0.398943217,-0.204615931,-1.210207945,0.518429779,0.469487107,0.80876979,0.37752005,-0.344657911,-0.536782631,-0.708925369,-0.255488065,-0.292279208,-0.266206953,0.730769231,-0.432472449,2.24986929,-0.441941738,-0.422158527,-0.304788738,-0.281718085,-0.410256665,-0.338753743
1,-1.605910137,-1.213559752,-0.480436276,-1.278022666,-0.575543306,2.360978841,0.52379813,-0.637153716,-0.767615937,-0.440614002,1.309858122,-0.061234139,-0.204210988,0.286075896,-0.657124366,-0.525833016,-0.434314115,-0.254210831,2.18999364,-0.515351263,-0.643985432,0.111729819,-0.204615931,-1.210207945,-0.763505675,1.915153065,-1.810103816,1.047234324,-0.344657911,-0.536782631,-0.708925369,-0.255488065,-0.292279208,-0.266206953,-0.576923077,-0.432472449,0.005500903,-0.441941738,-0.422158527,-0.304788738,-0.281718085,-0.410256665,-0.338753743
1,0.622699849,0.824022054,0.468964623,-0.390319093,0.756092089,-0.406891802,-0.685777063,0.2566942,1.951123635,2.647117734,-1.039875889,0.183903934,-0.204210988,-0.383665489,0.720874722,0.473857001,-0.434314115,-0.254210831,0.213284605,-0.515351263,-1.363383704,0.109376288,-1.30152572,-0.515742626,3.082300686,0.469487107,0.284995069,-0.044684151,-0.344657911,-0.536782631,0.167564178,-0.255488065,-0.292279208,-0.266206953,0.730769231,3.488611087,0.005500903,-0.441941738,-0.422158527,-0.304788738,-0.281718085,2.015608833,2.951996903
1,-1.605910137,0.824022054,-2.580083225,1.210364276,-0.950138036,0.309690295,0.652188793,-0.637153716,-0.767615937,-0.440614002,1.038368541,-0.965895782,-0.204210988,0.676741366,-0.657124366,-0.525833016,-0.434314115,-0.254210831,2.182361563,-0.515351263,0.141235852,0.147934156,1.499196266,-1.210207945,-0.763505675,-0.012401546,-0.762554373,-0.341284629,-0.344657911,-0.536782631,-0.708925369,-0.255488065,-0.292279208,-0.266206953,-0.576923077,-0.432472449,0.005500903,-0.441941738,-0.422158527,-0.304788738,-0.281718085,-0.410256665,-0.338753743
1,0.622699849,0.824022054,0.391985216,-0.073873095,-0.122242359,-0.297637589,-0.422238333,0.223383527,0.398113189,-0.440614002,-1.039875889,-0.301863558,-0.204210988,0.148404696,1.361646176,0.451673954,-0.434314115,-0.254210831,-1.084652684,0.030686537,0.019356793,-0.059894808,1.390693398,0.178722692,1.800365233,-0.735234525,0.80876979,-1.012780769,-0.344657911,0.536782631,-0.708925369,-0.255488065,-0.292279208,-0.266206953,-0.576923077,-0.432472449,0.005500903,-0.441941738,-0.422158527,-0.304788738,-0.281718085,4.441474332,-0.338753743
1,0.622699849,-1.213559752,0.103624498,-0.290376454,0.237303982,-0.000589296,-0.841197339,-0.637153716,0.80747002,-0.440614002,0.199437466,-0.053994835,-0.204210988,1.222347996,2.00087641,0.451673954,-0.434314115,-0.254210831,0.389882217,-0.515351263,0.120904186,0.416693086,-0.93427459,0.178722692,0.518429779,-0.253345873,0.284995069,-0.043089381,-0.344657911,-0.536782631,1.044053725,-0.255488065,-0.292279208,-0.266206953,0.730769231,-0.432472449,0.005500903,-0.441941738,0.773957299,-0.304788738,-0.281718085,-0.410256665,2.951996903
1,-1.605910137,-1.213559752,0.163359866,-1.105130557,0.053503286,-1.030942653,1.003573765,0.251375567,-0.767615937,-0.440614002,1.449315272,0.914537247,-0.204210988,-1.453303403,-0.657124366,-0.525833016,-0.434314115,-0.254210831,-0.079711579,-0.515351263,-0.050378921,1.120988392,-0.204615931,-1.210207945,-0.763505675,0.951375759,0.284995069,1.710845708,-0.344657911,-0.536782631,-0.708925369,-0.255488065,-0.292279208,-0.266206953,-0.576923077,-0.432472449,0.005500903,1.060660172,-0.422158527,-0.304788738,-0.281718085,-0.410256665,-0.338753743
1,0.622699849,0.824022054,0.270491083,0.27976116,-0.266565334,0.212919853,-0.320877284,-0.637153716,-0.767615937,-0.440614002,0.768106969,-0.458902213,-0.204210988,0.595924668,0.020164307,0.451673954,-0.434314115,-0.254210831,-0.586286749,-1.034315424,0.030327268,-0.004393847,-0.204615931,0.873188011,0.518429779,-0.976178852,-0.238779652,0.427946853,-0.344657911,-0.536782631,1.044053725,-0.255488065,-0.292279208,-0.266206953,0.730769231,-0.432472449,-0.742621893,-0.441941738,-0.422158527,2.133521167,-0.281718085,2.015608833,-0.338753743
1,0.622699849,-1.213559752,-0.634294192,1.370023693,-1.194760343,1.252413614,0.875183102,-0.637153716,-0.767615937,-0.440614002,0.166281029,-0.790474395,-0.204210988,-0.612382889,-0.657124366,-0.525833016,-0.434314115,-0.254210831,-0.414691947,-0.474851338,0.055428281,-0.069890507,-0.204615931,-0.515742626,-0.763505675,-0.494290199,-1.286329094,-0.466460704,2.122367134,-0.536782631,-0.708925369,-0.255488065,-0.292279208,-0.266206953,-0.576923077,-0.432472449,-0.742621893,-0.441941738,-0.422158527,-0.304788738,-0.281718085,-0.410256665,-0.338753743
1,0.622699849,0.824022054,0.794248366,-1.142891124,1.510415648,0.356167529,1.077905202,1.295627273,-0.767615937,-0.440614002,-0.504362823,1.395882187,-0.204210988,-1.86588337,-0.657124366,-0.525833016,-0.434314115,-0.254210831,-1.084652684,2.07946954,-2.073543783,-0.861019604,2.740878224,2.262118648,-0.763505675,0.22854278,-0.238779652,-0.988770127,-0.344657911,4.831043681,-0.708925369,-0.255488065,-0.292279208,-0.266206953,-0.576923077,-0.432472449,3.746114882,-0.441941738,0.773957299,-0.304788738,-0.281718085,-0.410256665,-0.338753743
1,-1.605910137,0.824022054,0.001568098,1.096452067,-1.075001285,1.19679437,0.652188793,0.251375567,-0.229320454,0.421095061,-0.002006194,-1.209368545,-0.204210988,-0.603140651,-0.657124366,-0.525833016,-0.434314115,-0.254210831,-0.168010385,-1.034315424,0.204929515,0.317194785,-0.204615931,-1.210207945,1.800365233,-0.735234525,-0.762554373,-0.36703259,-0.344657911,-0.536782631,-0.708925369,-0.255488065,-0.292279208,-0.266206953,-0.576923077,-0.432472449,-0.742621893,1.060660172,-0.422158527,-0.304788738,-0.281718085,2.015608833,-0.338753743
1,-1.605910137,-1.213559752,-0.05630126,0.416212787,-0.396153946,-0.934801447,1.003573765,0.251375567,-0.767615937,-0.440614002,-0.556594835,1.081299939,-0.204210988,-1.453303403,-0.657124366,-0.525833016,-0.434314115,-0.254210831,-0.120725352,-0.515351263,-0.039521049,2.354514408,-0.204615931,-1.210207945,-0.763505675,-1.458067504,1.856319232,0.0826658,-0.344657911,-0.536782631,-0.708925369,-0.255488065,-0.292279208,-0.266206953,-0.576923077,-0.432472449,0.005500903,1.060660172,-0.422158527,-0.304788738,-0.281718085,-0.410256665,-0.338753743
1,0.622699849,0.824022054,0.290883674,1.138207999,-0.439559502,0.444350068,-0.124912588,-0.637153716,-0.767615937,-0.440614002,-0.858997913,0.043407502,-0.204210988,0.411730376,0.020164307,0.451673954,1.598826814,-0.254210831,-1.084652684,0.755631682,0.115816638,-0.079774892,0.433574654,-0.515742626,0.518429779,-0.494290199,-0.238779652,-0.085978892,2.122367134,-0.536782631,-0.708925369,-0.255488065,-0.292279208,-0.266206953,-0.576923077,-0.432472449,0.005500903,-0.441941738,0.773957299,-0.304788738,-0.281718085,-0.410256665,-0.338753743
1,0.622699849,-1.213559752,0.531447378,-0.332435138,0.411524352,-0.833314053,0.057537302,-0.637153716,-0.767615937,4.011431345,-0.537145955,1.09642049,-0.204210988,-0.396845078,-0.657124366,-0.525833016,-0.434314115,-0.254210831,-0.23520455,-1.034315424,-1.970252995,-0.068744321,-0.204615931,0.178722692,-0.763505675,-0.976178852,0.80876979,1.093963756,-0.344657911,-0.536782631,1.044053725,-0.255488065,-0.292279208,-0.266206953,0.730769231,-0.432472449,-0.742621893,-0.441941738,-0.422158527,-0.304788738,-0.281718085,-0.410256665,-0.338753743
1,0.622699849,-1.213559752,-0.752010674,0.597660451,-1.504157019,2.557399876,1.402260561,-0.637153716,-0.767615937,-0.440614002,-0.275504049,-1.386211604,-0.204210988,-1.86588337,-0.657124366,-0.525833016,-0.434314115,-0.254210831,-1.084652684,-0.474851338,-0.643985432,-0.139935294,-0.204615931,-0.515742626,-0.763505675,-0.253345873,-1.810103816,-0.816508247,2.122367134,-0.536782631,-0.708925369,-0.255488065,-0.292279208,-0.266206953,-0.576923077,-0.432472449,-0.742621893,-0.441941738,-0.422158527,-0.304788738,-0.281718085,-0.410256665,-0.338753743
1,0.622699849,0.824022054,-0.571367017,1.090747387,-0.687157592,0.312291996,0.381892661,0.220613322,0.398113189,-0.440614002,-0.410363403,-0.586477215,-0.204210988,-0.023941234,0.692169886,-0.525833016,3.631967744,-0.254210831,-0.843520632,2.551051508,-0.072979406,-0.11683894,-0.204615931,-0.515742626,0.518429779,-0.976178852,-0.238779652,0.169041747,-0.344657911,-0.536782631,-0.708925369,-0.255488065,-0.292279208,-0.266206953,-0.576923077,-0.432472449,-0.742621893,-0.441941738,-0.422158527,-0.304788738,-0.281718085,-0.410256665,-0.338753743
1,0.622699849,-1.213559752,-0.851119684,0.04530286,-0.146203143,-0.333568412,1.152236638,-0.637153716,-0.767615937,-0.440614002,0.866579824,1.178374559,-0.204210988,-0.610331584,-0.657124366,-0.525833016,-0.434314115,-0.254210831,1.096154803,-1.034315424,0.15178794,0.929609658,-0.204615931,0.873188011,-0.763505675,-0.253345873,-0.238779652,0.641592566,-0.344657911,2.683913156,-0.708925369,-0.255488065,-0.292279208,-0.266206953,-0.576923077,-0.432472449,-0.742621893,-0.441941738,-0.422158527,-0.304788738,-0.281718085,-0.410256665,-0.338753743
1,0.622699849,-1.213559752,0.188214125,-0.558000242,0.181756036,-0.690478226,-1.043919438,6.647450416,-0.767615937,-0.440614002,-0.838432229,-0.80950135,-0.204210988,0.444075437,4.08389635,6.316715776,-0.434314115,-0.254210831,-1.084652684,1.041541219,-0.398531176,-0.173381697,0.380139679,2.262118648,-0.763505675,-0.494290199,0.80876979,-0.782964623,-0.344657911,1.610347894,-0.708925369,-0.255488065,-0.292279208,-0.266206953,-0.576923077,-0.432472449,2.24986929,1.060660172,0.773957299,-0.304788738,-0.281718085,-0.410256665,-0.338753743
1,0.622699849,0.824022054,1.306775381,-0.854989663,0.416115133,-0.223588788,-0.151942201,1.190631854,0.871567,0.41917063,-0.603832133,-0.470047922,-0.204210988,0.380743713,0.020164307,0.451673954,-0.434314115,1.757688966,-0.838522029,0.994843875,-1.98900627,-0.070732403,-1.985307086,0.873188011,0.518429779,0.951375759,-0.238779652,-1.097553036,-0.344657911,0.536782631,1.044053725,-0.255488065,-0.292279208,-0.266206953,-0.576923077,-0.432472449,0.753623699,-0.441941738,-0.422158527,2.133521167,-0.281718085,-0.410256665,-0.338753743
0,0.622699849,0.824022054,0.091866528,1.541398428,-0.471380938,0.221040894,0.145383545,1.911365844,0.830053947,-0.440614002,-0.838432229,-1.175221038,-0.204210988,-0.21544127,-0.657124366,-0.525833016,-0.434314115,-0.254210831,-0.586286749,-1.034315424,-0.720354978,-0.290890114,-1.310028766,0.178722692,0.518429779,-0.976178852,-0.238779652,-0.966398801,-0.344657911,0.536782631,0.167564178,-0.255488065,-0.292279208,-0.266206953,0.730769231,1.528069319,-0.742621893,-0.441941738,-0.422158527,-0.304788738,-0.281718085,-0.410256665,2.951996903
0,-1.605910137,-1.213559752,0.022016104,0.007847239,-0.496652661,1.320617852,-0.37493651,-0.637153716,0.375529262,-0.440614002,-0.603832133,-1.352064098,-0.204210988,0.347111317,-0.657124366,-0.525833016,-0.434314115,-0.254210831,-0.827418801,0.003612897,-0.254473973,-0.76058871,0.797009093,-0.515742626,-0.763505675,-0.494290199,-0.762554373,-0.866311397,-0.344657911,-0.536782631,0.167564178,-0.255488065,-0.292279208,-0.266206953,-0.576923077,-0.432472449,0.753623699,-0.441941738,1.970073125,2.133521167,-0.281718085,-0.410256665,-0.338753743
0,0.622699849,-1.213559752,1.181778101,-1.533110389,3.771606837,3.647813684,-2.381885294,-0.637153716,-0.767615937,-0.440614002,2.910905841,1.597268712,-0.204210988,-1.435491517,-0.657124366,-0.525833016,-0.434314115,4.139965246,-0.055717152,-1.034315424,-0.643985432,-3.642280351,3.898060764,2.262118648,-0.763505675,2.156097391,-1.286329094,-0.379238371,-0.344657911,0.536782631,2.797032819,-0.255488065,-0.292279208,-0.266206953,-0.576923077,-0.432472449,-0.742621893,-0.441941738,-0.422158527,-0.304788738,-0.281718085,-0.410256665,-0.338753743
0,0.622699849,0.824022054,1.960718857,-1.863854937,3.325807655,-1.457786526,-3.327921758,1.150344864,4.180821646,-0.440614002,-0.838432229,2.429197405,-0.204210988,2.316502151,-0.657124366,-0.525833016,-0.434314115,7.793388355,-0.087920813,2.13361682,0.142689943,-1.176817569,1.958022903,1.567653329,1.800365233,2.156097391,3.427643395,2.373076146,-0.344657911,-0.536782631,2.797032819,-0.255488065,4.384188126,4.561012458,2.038461538,-0.432472449,2.24986929,-0.441941738,4.362304777,-0.304788738,-0.281718085,-0.410256665,-0.338753743
0,0.622699849,-1.213559752,-0.071792755,1.531028133,-0.925449507,0.482861628,0.449466694,-0.637153716,-0.767615937,-0.440614002,-0.134631941,-1.175221038,-0.204210988,0.180607372,-0.657124366,-0.525833016,-0.434314115,-0.254210831,-1.084652684,-0.474851338,-0.441582715,-0.445908301,-0.204615931,-0.515742626,0.518429779,-0.494290199,-0.762554373,-0.424586856,2.122367134,-0.536782631,-0.708925369,-0.255488065,-0.292279208,-0.266206953,-0.576923077,-0.432472449,-0.742621893,1.060660172,-0.422158527,-0.304788738,-0.281718085,-0.410256665,-0.338753743
0,0.622699849,-1.213559752,1.901003218,0.704712497,-0.266724839,-0.161207849,0.834638683,2.010844806,-0.244220071,-0.440614002,-0.321621434,0.099190599,-0.204210988,-1.02291155,-0.657124366,-0.525833016,-0.434314115,1.757688966,-1.084652684,-1.034315424,-2.333295599,-0.679438093,-0.204615931,0.873188011,-0.763505675,-0.976178852,0.284995069,-0.990997459,-0.344657911,2.683913156,-0.708925369,-0.255488065,-0.292279208,-0.266206953,-0.576923077,-0.432472449,-0.742621893,2.563262082,-0.422158527,-0.304788738,-0.281718085,-0.410256665,-0.338753743
0,0.622699849,0.824022054,-0.248570019,1.146204529,-0.457523859,0.356893305,0.246744594,0.377917952,-0.196043338,-0.440614002,0.528036983,-1.015451733,-0.204210988,0.190912809,-0.657124366,-0.525833016,3.631967744,-0.254210831,-0.598242555,2.067114555,-0.055174582,-0.568028619,-0.204615931,0.178722692,-0.763505675,-0.012401546,-0.762554373,-0.09489713,2.122367134,-0.536782631,0.167564178,-0.255488065,-0.292279208,-0.266206953,2.038461538,-0.432472449,0.005500903,-0.441941738,-0.422158527,4.571831071,-0.281718085,-0.410256665,-0.338753743
0,0.622699849,-1.213559752,0.88182938,0.043292426,-0.276693961,-0.154106042,1.030603379,-0.637153716,0.279175795,-0.440614002,-0.046645276,-0.749333502,-0.204210988,-1.86588337,-0.657124366,-0.525833016,-0.434314115,-0.254210831,-1.084652684,0.044112823,-0.643985432,-2.514824678,-0.204615931,0.178722692,-0.763505675,1.192320086,-0.762554373,0.084447666,2.122367134,0.536782631,-0.708925369,-0.255488065,-0.292279208,-0.266206953,-0.576923077,-0.432472449,0.005500903,1.060660172,-0.422158527,-0.304788738,-0.281718085,-0.410256665,-0.338753743
0,0.622699849,0.824022054,0.089072258,1.579393172,-0.57135129,0.230944156,-0.178971814,1.122960715,0.830053947,-0.440614002,-0.603832133,-0.998377979,-0.204210988,0.256385714,-0.657124366,-0.525833016,-0.434314115,-0.254210831,-0.586286749,-1.034315424,-0.728373423,-0.206130894,-1.317153488,0.178722692,0.518429779,-0.976178852,-0.238779652,-1.131185754,-0.344657911,0.536782631,0.167564178,-0.255488065,-0.292279208,-0.266206953,0.730769231,-0.432472449,-0.742621893,-0.441941738,-0.422158527,-0.304788738,-0.281718085,2.015608833,2.951996903
0,0.622699849,-1.213559752,-0.037755963,-1.067624857,-0.326250465,0.81498329,0.773822053,-0.637153716,-0.196043338,-0.440614002,0.926031461,-0.749333502,-0.204210988,-1.005099663,-0.657124366,-0.525833016,-0.434314115,-0.254210831,-0.414691947,-0.474851338,-0.643985432,-0.180185161,-0.204615931,0.873188011,-0.763505675,1.674208738,-1.286329094,-0.103851006,2.122367134,1.610347894,-0.708925369,-0.255488065,-0.292279208,-0.266206953,-0.576923077,-0.432472449,-0.742621893,1.060660172,-0.422158527,-0.304788738,-0.281718085,-0.410256665,-0.338753743
0,0.622699849,-1.213559752,2.094529732,-1.631616322,0.92166923,-1.07954641,0.50352592,2.137387192,-0.244220071,-0.440614002,2.92582694,0.317174551,-0.204210988,-1.02291155,-0.657124366,-0.525833016,-0.434314115,1.757688966,-0.749672316,-0.515351263,-2.396067102,-0.864405049,-0.204615931,0.178722692,-0.763505675,2.637986044,0.284995069,1.696145315,-0.344657911,1.610347894,-0.708925369,-0.255488065,-0.292279208,-0.266206953,-0.576923077,-0.432472449,0.005500903,2.563262082,-0.422158527,-0.304788738,-0.281718085,-0.410256665,-0.338753743
0,-1.605910137,-1.213559752,-0.116037356,1.350181583,-0.656043963,0.227698483,0.138626141,0.874227448,0.80747002,-0.440614002,0.334568252,-1.032525486,-0.204210988,0.461887324,-0.657124366,-0.525833016,-0.434314115,-0.254210831,-1.084652684,-0.515351263,0.30262381,0.009978636,-1.542642004,-1.210207945,-0.763505675,-0.735234525,-0.238779652,-0.696098663,-0.344657911,-0.536782631,-0.708925369,-0.255488065,-0.292279208,-0.266206953,-0.576923077,-0.432472449,0.005500903,-0.441941738,-0.422158527,-0.304788738,-0.281718085,-0.410256665,-0.338753743
0,0.622699849,0.824022054,1.324345773,-0.569210999,0.468767049,0.12973109,-0.570901206,0.256595574,2.519178939,0.421095061,-0.858997913,-0.499155246,-0.204210988,-0.398453089,1.995099281,-0.525833016,1.598826814,1.757688966,0.616398739,0.236667522,-0.35765991,-0.065191189,-1.228211018,0.873188011,1.800365233,0.710431433,-0.238779652,-0.094407117,-0.344657911,-0.536782631,1.920543272,-0.255488065,-0.292279208,2.147402753,2.038461538,-0.432472449,0.005500903,-0.441941738,0.773957299,-0.304788738,-0.281718085,-0.410256665,2.951996903
0,0.622699849,-1.213559752,0.698182571,1.680950729,-1.005446723,0.703634971,0.300803821,-0.637153716,-0.244220071,-0.440614002,0.334568252,-1.003418163,-0.204210988,0.256021094,0.653617411,-0.525833016,-0.434314115,-0.254210831,-1.084652684,-0.474851338,-0.076262453,-0.655343992,-0.204615931,-0.515742626,-0.763505675,-0.735234525,-0.762554373,-0.195795283,2.122367134,-0.536782631,-0.708925369,-0.255488065,-0.292279208,-0.266206953,-0.576923077,-0.432472449,-0.742621893,-0.441941738,-0.422158527,-0.304788738,-0.281718085,-0.410256665,-0.338753743
0,-1.605910137,-1.213559752,0.257941403,-0.893521203,-0.137230934,1.012556577,-0.401966123,-0.637153716,0.375529262,-0.440614002,-0.838432229,-0.693072058,-0.204210988,0.347111317,-0.657124366,-0.525833016,-0.434314115,-0.254210831,-0.827418801,0.522577058,-0.103593346,-0.685507874,0.409683531,-0.515742626,-0.763505675,0.469487107,-0.762554373,-0.512076469,-0.344657911,-0.536782631,0.167564178,-0.255488065,-0.292279208,-0.266206953,-0.576923077,-0.432472449,1.501746494,-0.441941738,0.773957299,-0.304788738,-0.281718085,-0.410256665,-0.338753743
0,-1.605910137,0.824022054,0.118960552,0.630470518,-0.728823536,0.504904711,0.185927965,0.259422361,-0.172454894,0.36027851,-0.155197623,-0.792427597,-0.204210988,0.609347729,-0.657124366,-0.525833016,1.598826814,-0.254210831,-0.585879076,0.236667522,0.309378912,0.391773126,0.523479619,-0.515742626,-0.763505675,-1.217123178,-0.238779652,-0.521030345,-0.344657911,-0.536782631,0.167564178,-0.255488065,-0.292279208,-0.266206953,-0.576923077,-0.432472449,-0.742621893,-0.441941738,-0.422158527,-0.304788738,-0.281718085,-0.410256665,-0.338753743
0,-1.605910137,-1.213559752,0.19697125,-0.169563538,-0.30207036,1.251827518,-0.719564079,-0.637153716,0.375529262,0.448678527,-0.838432229,-0.928129763,3.763316781,0.347111317,0.057825872,-0.525833016,-0.434314115,-0.254210831,-0.827418801,0.003612897,-0.562099812,-0.86345825,0.269124699,-0.515742626,-0.763505675,-0.253345873,-0.762554373,-0.740565125,-0.344657911,-0.536782631,0.167564178,-0.255488065,-0.292279208,-0.266206953,-0.576923077,-0.432472449,0.753623699,-0.441941738,0.773957299,-0.304788738,-0.281718085,-0.410256665,-0.338753743
0,-1.605910137,0.824022054,-2.804457041,0.443908902,-1.417211324,1.14445694,1.70634371,-0.637153716,-0.173459411,-0.440614002,-1.307632422,-1.369137851,-0.204210988,-1.296316801,-0.657124366,-0.525833016,-0.434314115,-0.254210831,-0.843520632,0.236667522,0.331194542,0.420240653,-0.204615931,-1.210207945,0.518429779,-0.976178852,-1.286329094,-0.840821806,-0.344657911,-0.536782631,-0.708925369,-0.255488065,-0.292279208,-0.266206953,-0.576923077,3.488611087,-0.742621893,-0.441941738,-0.422158527,-0.304788738,-0.281718085,-0.410256665,-0.338753743
0,0.622699849,0.824022054,0.869757679,1.121699762,-0.481813624,0.28290268,-0.138427394,0.256595574,3.143174419,0.421095061,-0.805275793,-1.616229126,-0.204210988,0.687238095,-0.657124366,-0.525833016,-0.434314115,-0.254210831,-0.114574965,-1.034315424,-1.380218811,-1.206512201,-0.204615931,-0.515742626,1.800365233,-0.253345873,-0.238779652,-0.865732291,-0.344657911,0.536782631,-0.708925369,-0.255488065,-0.292279208,-0.266206953,-0.576923077,-0.432472449,-0.742621893,-0.441941738,-0.422158527,-0.304788738,-0.281718085,-0.410256665,-0.338753743
0,0.622699849,0.824022054,1.225249733,-0.60917257,0.371483375,-0.734488166,-0.45602535,1.129539439,-0.244220071,-0.440614002,-0.53751926,-0.373533446,-0.204210988,0.027976284,0.697452982,1.429180925,-0.434314115,1.757688966,-0.36906631,-1.034315424,-0.743313254,-0.434422758,-0.204615931,1.567653329,0.518429779,0.469487107,0.80876979,-0.322975957,-0.344657911,2.683913156,0.167564178,-0.255488065,-0.292279208,-0.266206953,0.730769231,-0.432472449,0.753623699,-0.441941738,-0.422158527,-0.304788738,-0.281718085,-0.410256665,-0.338753743
0,0.622699849,0.824022054,0.964763792,1.678707397,-0.571381197,0.008955778,0.131868738,-0.637153716,0.327352529,-0.440614002,-1.307632422,-0.97431084,-0.204210988,-0.451545845,-0.657124366,-0.525833016,-0.434314115,-0.254210831,-0.827418801,-1.034315424,-0.591880384,-0.537386986,-0.204615931,0.178722692,0.518429779,-0.735234525,0.284995069,-1.130161181,-0.344657911,-0.536782631,0.167564178,-0.255488065,-0.292279208,-0.266206953,0.730769231,-0.432472449,-0.742621893,-0.441941738,-0.422158527,-0.304788738,3.54964787,2.015608833,-0.338753743
0,0.622699849,0.824022054,-0.607299873,1.62483414,-0.746807831,0.633861183,0.60488697,-0.637153716,-0.767615937,-0.440614002,0.528036983,-1.015451733,-0.204210988,0.190912809,-0.657124366,-0.525833016,3.631967744,-0.254210831,-0.827418801,2.067114555,-0.014710357,-0.199293029,-0.204615931,0.178722692,-0.763505675,-0.494290199,-0.762554373,0.108591948,2.122367134,-0.536782631,0.167564178,-0.255488065,-0.292279208,-0.266206953,2.038461538,-0.432472449,-0.742621893,-0.441941738,-0.422158527,4.571831071,-0.281718085,-0.410256665,-0.338753743
0,0.622699849,0.824022054,0.94641898,0.773137717,-0.057353346,-0.92113876,-0.638475239,-0.637153716,0.363610613,0.421095061,-0.369232037,-0.579483829,-0.204210988,0.806575755,-0.657124366,-0.525833016,-0.434314115,-0.254210831,-0.591289559,-1.034315424,-0.277463509,-0.09370622,-0.204615931,-0.515742626,0.518429779,-0.494290199,0.80876979,-0.78978026,-0.344657911,-0.536782631,0.167564178,-0.255488065,-0.292279208,-0.266206953,-0.576923077,-0.432472449,-0.742621893,-0.441941738,-0.422158527,-0.304788738,3.54964787,-0.410256665,-0.338753743
0,0.622699849,0.824022054,0.917865546,1.669211299,-0.631250757,0.461554374,0.131868738,-0.637153716,0.327352529,-0.440614002,-1.307632422,-1.175221038,-0.204210988,-0.451545845,-0.657124366,-0.525833016,-0.434314115,-0.254210831,-0.827418801,-0.474851338,-0.640130005,-0.554339535,-0.204615931,0.178722692,0.518429779,-0.735234525,-0.238779652,-1.270483115,-0.344657911,-0.536782631,0.167564178,-0.255488065,-0.292279208,-0.266206953,0.730769231,1.528069319,-0.742621893,-0.441941738,-0.422158527,-0.304788738,3.54964787,2.015608833,-0.338753743
0,0.622699849,0.824022054,0.438382835,0.329244087,0.032079644,-0.82575663,-0.949315792,1.129539439,0.398113189,-0.440614002,-0.369232037,0.25635127,-0.204210988,0.658929479,2.023564804,1.429180925,-0.434314115,-0.254210831,-0.127934258,-1.034315424,-0.057718823,-0.332964343,-0.204615931,0.178722692,0.518429779,-0.253345873,0.80876979,0.279169965,-0.344657911,-0.536782631,0.167564178,-0.255488065,-0.292279208,-0.266206953,0.730769231,1.528069319,0.753623699,-0.441941738,-0.422158527,-0.304788738,-0.281718085,2.015608833,-0.338753743
0,0.622699849,0.824022054,0.974745376,0.146202286,0.156843201,-0.215907685,-0.665504853,1.023120357,0.349936456,2.6747012,-1.307632422,0.070365082,3.763316781,0.014785515,0.057825872,-0.525833016,-0.434314115,-0.254210831,-0.586286749,0.880743479,-1.804470152,-0.647011453,0.355278433,-0.515742626,0.518429779,-0.735234525,0.284995069,-0.262267788,-0.344657911,-0.536782631,0.167564178,-0.255488065,-0.292279208,-0.266206953,2.038461538,-0.432472449,-0.742621893,-0.441941738,-0.422158527,-0.304788738,-0.281718085,2.015608833,-0.338753743
0,0.622699849,0.824022054,1.361871669,-1.491923285,0.925238176,0.016909008,-1.469635847,1.139942151,0.850748395,1.785408671,0.569168349,-0.340218594,-0.204210988,2.440388442,1.330906086,0.451673954,-0.434314115,1.757688966,-0.827418801,0.044112823,-2.039816828,-1.173806532,0.297639581,0.178722692,0.518429779,1.433264412,0.284995069,0.630197534,2.122367134,-0.536782631,0.167564178,-0.255488065,-0.292279208,-0.266206953,-0.576923077,-0.432472449,0.005500903,-0.441941738,0.773957299,-0.304788738,-0.281718085,-0.410256665,-0.338753743
0,0.622699849,0.824022054,0.928182186,0.196324926,0.092048895,0.235876536,-0.618203029,0.148313599,-0.244220071,2.6747012,-1.307632422,0.298429401,3.763316781,0.22039732,0.057825872,-0.525833016,-0.434314115,-0.254210831,-0.827418801,0.880743479,-1.761762062,-0.689872564,0.351879351,-0.515742626,-0.763505675,-0.735234525,-0.238779652,-0.056952297,-0.344657911,-0.536782631,0.167564178,-0.255488065,-0.292279208,-0.266206953,2.038461538,-0.432472449,-0.742621893,-0.441941738,-0.422158527,-0.304788738,-0.281718085,-0.410256665,-0.338753743
0,0.622699849,0.824022054,1.569235117,-0.952633574,1.958437944,-1.045902397,-1.341245184,0.237653042,3.042574806,1.043401113,0.19981077,0.522797217,-0.204210988,-0.374412072,0.035534353,0.473857001,-0.434314115,3.769588762,-0.087920813,0.522577058,-1.922969725,-3.535157144,-1.985188145,0.873188011,0.518429779,-0.012401546,1.856319232,-0.117393186,-0.344657911,-0.536782631,1.920543272,-0.255488065,-0.292279208,2.147402753,-0.576923077,-0.432472449,1.501746494,-0.441941738,-0.422158527,4.571831071,-0.281718085,-0.410256665,2.951996903
0,0.622699849,0.824022054,0.507111936,-0.146012389,0.177294854,1.025912766,-0.192486621,-0.637153716,2.460845345,-0.440614002,-0.302172554,-0.797467781,-0.204210988,-0.186535875,0.668987458,-0.525833016,-0.434314115,-0.254210831,-0.602388579,-0.474851338,-0.055116072,-0.581568963,-1.166921155,0.873188011,0.518429779,0.951375759,-0.762554373,-0.765591431,2.122367134,1.610347894,-0.708925369,-0.255488065,-0.292279208,-0.266206953,0.730769231,-0.432472449,-0.742621893,-0.441941738,-0.422158527,-0.304788738,-0.281718085,-0.410256665,2.951996903
0,-1.605910137,0.824022054,-2.820579316,1.17408678,-0.870170727,-0.099263746,1.071147799,-0.637153716,-0.767615937,-0.440614002,-0.576417019,0.501777236,-0.204210988,-0.827236931,0.020164307,0.451673954,-0.434314115,-0.254210831,0.373887214,-0.515351263,0.555454164,0.894244708,1.500399976,-1.210207945,-0.763505675,-1.217123178,0.284995069,-0.328277008,-0.344657911,-0.536782631,-0.708925369,-0.255488065,2.045954459,-0.266206953,-0.576923077,-0.432472449,0.005500903,-0.441941738,0.773957299,-0.304788738,-0.281718085,-0.410256665,-0.338753743
0,0.622699849,0.824022054,0.887629709,-0.415101597,0.18365017,-0.397089419,-0.847954742,-0.637153716,0.327352529,1.785408671,-0.858997913,-0.586477215,-0.204210988,0.855047393,0.697452982,1.429180925,1.598826814,-0.254210831,-0.071818983,0.755631682,-1.118621076,-0.242406893,0.391794649,0.873188011,0.518429779,-0.253345873,-0.238779652,0.698701367,-0.344657911,-0.536782631,1.920543272,-0.255488065,-0.292279208,-0.266206953,2.038461538,-0.432472449,0.005500903,-0.441941738,-0.422158527,-0.304788738,-0.281718085,2.015608833,-0.338753743
0,0.622699849,-1.213559752,-0.668637035,0.274214234,-0.655510615,0.0712143,0.787336859,-0.637153716,-0.767615937,-0.440614002,-0.09276266,0.355706809,-0.204210988,-0.629511007,0.697452982,1.429180925,-0.434314115,-0.254210831,0.842734952,-0.515351263,0.485617801,0.945740727,-0.204615931,-0.515742626,-0.763505675,-0.494290199,-0.238779652,0.71963829,-0.344657911,-0.536782631,-0.708925369,-0.255488065,-0.292279208,-0.266206953,-0.576923077,1.528069319,0.005500903,-0.441941738,-0.422158527,-0.304788738,-0.281718085,-0.410256665,-0.338753743
0,0.622699849,0.824022054,0.163239714,1.144381321,-0.501213534,-0.064729501,0.131868738,0.155073633,-0.173459411,-0.440614002,-1.307632422,-0.940163333,-0.204210988,-0.406098495,0.697452982,1.429180925,-0.434314115,-0.254210831,-0.361256527,0.003612897,0.715295337,0.845644747,0.584168581,-0.515742626,1.800365233,-0.253345873,-0.238779652,-0.543731316,-0.344657911,-0.536782631,0.167564178,-0.255488065,-0.292279208,-0.266206953,-0.576923077,1.528069319,0.753623699,-0.441941738,1.970073125,-0.304788738,-0.281718085,2.015608833,-0.338753743
0,0.622699849,-1.213559752,-0.796450762,1.092369915,-0.865265919,-0.355284725,1.071147799,-0.637153716,-0.767615937,-0.440614002,-0.805275793,1.061945267,-0.204210988,-0.827236931,0.020164307,0.451673954,-0.434314115,-0.254210831,-0.456172748,-1.034315424,0.333765371,1.119672424,-0.204615931,0.178722692,-0.763505675,-1.458067504,0.284995069,-0.227690682,-0.344657911,0.536782631,-0.708925369,-0.255488065,-0.292279208,-0.266206953,-0.576923077,1.528069319,-0.742621893,-0.441941738,-0.422158527,-0.304788738,-0.281718085,-0.410256665,-0.338753743
0,0.622699849,0.824022054,-0.802297924,-0.409257147,-1.459679782,1.978401749,0.60488697,-0.637153716,-0.196043338,-0.440614002,-1.307632422,-1.204328361,-0.204210988,-1.024279087,0.020164307,0.451673954,-0.434314115,-0.254210831,-1.084652684,0.712785435,1.132066644,-0.420899926,-0.204615931,1.567653329,-0.763505675,-1.217123178,-1.286329094,-1.535847485,-0.344657911,-0.536782631,-0.708925369,3.219149621,-0.292279208,-0.266206953,0.730769231,-0.432472449,-0.742621893,-0.441941738,-0.422158527,-0.304788738,-0.281718085,-0.410256665,-0.338753743
0,-1.605910137,0.824022054,-0.109471328,1.240939018,-0.803666716,0.440655026,0.321076031,-0.637153716,-0.767615937,-0.440614002,0.314002569,-1.204328361,-0.204210988,0.424921144,-0.657124366,-0.525833016,1.598826814,-0.254210831,-0.843112959,0.236667522,0.503314532,0.136909429,0.524608115,-1.210207945,-0.763505675,-1.217123178,-0.238779652,-0.430556107,-0.344657911,-0.536782631,-0.708925369,-0.255488065,-0.292279208,-0.266206953,0.730769231,-0.432472449,-0.742621893,-0.441941738,-0.422158527,-0.304788738,-0.281718085,-0.410256665,-0.338753743
0,0.622699849,0.824022054,0.477924365,-1.210284437,0.781069723,-0.575456015,-0.847954742,0.135027414,0.398113189,3.208068924,1.118388971,0.251311087,-0.204210988,1.709470551,-0.657124366,-0.525833016,-0.434314115,-0.254210831,-0.615058888,-0.515351263,-0.635759468,-0.33233109,-1.985303701,0.178722692,0.518429779,1.192320086,0.284995069,1.42779632,-0.344657911,0.536782631,0.167564178,-0.255488065,-0.292279208,-0.266206953,0.730769231,1.528069319,0.005500903,-0.441941738,-0.422158527,-0.304788738,-0.281718085,2.015608833,2.951996903
0,-1.605910137,0.824022054,0.353393808,1.25647171,-0.745506861,-0.635113843,0.848153489,-0.637153716,-0.767615937,-0.440614002,-0.838432229,0.496737052,-0.204210988,-0.630194776,-0.657124366,-0.525833016,-0.434314115,-0.254210831,0.269975386,-1.034315424,0.616900727,0.7892964,-0.204615931,-1.210207945,-0.763505675,-1.217123178,1.332544511,-0.652086577,-0.344657911,-0.536782631,-0.708925369,-0.255488065,-0.292279208,-0.266206953,-0.576923077,1.528069319,-0.742621893,-0.441941738,-0.422158527,-0.304788738,-0.281718085,-0.410256665,-0.338753743
0,0.622699849,0.824022054,-0.299986423,0.8782684,-0.164646018,-1.133859225,0.307561224,-0.637153716,-0.767615937,0.298541564,-0.155197623,-0.217068516,-0.204210988,-0.004786941,-0.657124366,-0.525833016,1.598826814,-0.254210831,1.325806561,0.236667522,0.353786143,0.606322278,-0.204615931,-0.515742626,0.518429779,-0.494290199,0.80876979,-0.138686483,-0.344657911,-0.536782631,0.167564178,-0.255488065,-0.292279208,-0.266206953,2.038461538,-0.432472449,-0.742621893,-0.441941738,-0.422158527,-0.304788738,3.54964787,-0.410256665,-0.338753743
0,0.622699849,0.824022054,1.113639693,-1.308906388,1.270134893,-1.564085111,-1.672357946,-0.637153716,3.105630298,1.282804124,-0.805275793,0.702399542,-0.204210988,2.150226422,0.690134632,0.451673954,-0.434314115,-0.254210831,0.710970995,0.003612897,-0.014192334,-0.071786735,-0.204615931,-0.515742626,1.800365233,1.433264412,1.856319232,0.201738985,-0.344657911,0.536782631,-0.708925369,-0.255488065,-0.292279208,-0.266206953,2.038461538,-0.432472449,0.753623699,-0.441941738,-0.422158527,-0.304788738,3.54964787,-0.410256665,-0.338753743
0,0.622699849,0.824022054,0.959475135,-0.661405954,1.599748947,-1.115385697,-1.260156344,-0.637153716,1.995783073,-0.440614002,0.227225885,0.500355564,-0.204210988,-0.571454227,0.712823027,1.451363972,-0.434314115,-0.254210831,-0.023424799,1.614652659,-0.791304377,-0.396073511,-1.170345536,0.873188011,0.518429779,0.22854278,1.856319232,-0.364582524,-0.344657911,-0.536782631,1.920543272,-0.255488065,-0.292279208,2.147402753,-0.576923077,1.528069319,1.501746494,-0.441941738,0.773957299,-0.304788738,-0.281718085,-0.410256665,2.951996903
0,0.622699849,-1.213559752,-0.22945144,0.917556451,-0.022072625,-0.825033294,-0.043823748,-0.637153716,-0.767615937,-0.440614002,-0.383573611,0.939410449,-0.204210988,-0.021256422,1.374741655,2.406687895,-0.434314115,-0.254210831,-0.827418801,0.003612897,0.765048827,0.820650984,-0.204615931,0.178722692,-0.763505675,-0.253345873,0.284995069,0.113117888,-0.344657911,-0.536782631,0.167564178,-0.255488065,-0.292279208,-0.266206953,-0.576923077,-0.432472449,0.753623699,-0.441941738,-0.422158527,-0.304788738,-0.281718085,-0.410256665,-0.338753743
0,0.622699849,0.824022054,-0.142422718,-0.817538743,-0.291911825,1.028873813,0.138626141,0.29110586,0.375529262,-0.440614002,-0.804902488,-1.197007259,-0.204210988,-1.435491517,-0.657124366,-0.525833016,-0.434314115,-0.254210831,-0.267580702,0.712785435,1.100045914,-1.451827381,-0.204615931,2.956583967,-0.763505675,0.951375759,-1.286329094,-1.976770186,7.056417223,-0.536782631,0.167564178,3.219149621,-0.292279208,-0.266206953,-0.576923077,-0.432472449,-0.742621893,-0.441941738,-0.422158527,-0.304788738,-0.281718085,-0.410256665,-0.338753743
0,-1.605910137,-1.213559752,0.248547159,-1.029853891,0.023575983,-0.363629325,0.435951887,1.13990485,-0.767615937,-0.440614002,2.890445593,-0.095381646,-0.204210988,0.194965157,-0.657124366,-0.525833016,-0.434314115,-0.254210831,0.884215753,-1.034315424,0.560282069,1.115281666,-0.204615931,-1.210207945,-0.763505675,1.915153065,-0.762554373,2.24393542,-0.344657911,-0.536782631,-0.708925369,-0.255488065,-0.292279208,-0.266206953,-0.576923077,-0.432472449,-0.742621893,2.563262082,-0.422158527,-0.304788738,-0.281718085,-0.410256665,-0.338753743
0,0.622699849,0.824022054,1.170487357,-0.73515645,0.219090397,-0.25288454,-0.469540157,0.256595574,1.876845679,-0.440614002,-0.122041187,-0.385567016,-0.204210988,1.061077361,0.653617411,-0.525833016,1.598826814,1.757688966,-0.373926835,0.236667522,-0.489114272,-1.245645186,-1.793318396,0.178722692,1.800365233,0.22854278,0.284995069,0.634286917,-0.344657911,-0.536782631,1.044053725,-0.255488065,-0.292279208,-0.266206953,0.730769231,-0.432472449,-0.742621893,1.060660172,-0.422158527,-0.304788738,-0.281718085,2.015608833,2.951996903
0,0.622699849,0.824022054,0.958486698,-1.180816133,1.165818004,-0.901515307,-0.874984355,-0.637153716,-0.173459411,-0.440614002,1.004931976,0.490275197,-0.204210988,-1.005794611,-0.657124366,-0.525833016,-0.434314115,-0.254210831,0.426546953,-1.034315424,-0.85249403,-1.102768349,-0.204615931,1.567653329,0.518429779,1.674208738,0.80876979,-0.745901813,-0.344657911,-0.536782631,2.797032819,-0.255488065,2.045954459,-0.266206953,-0.576923077,-0.432472449,-0.742621893,1.060660172,-0.422158527,-0.304788738,-0.281718085,-0.410256665,-0.338753743
0,0.622699849,0.824022054,-0.57806932,-0.497855055,1.649365265,0.552149822,2.023941665,0.246192861,-0.767615937,-0.440614002,-1.307632422,2.476281427,-0.204210988,-0.303640884,1.374741655,2.406687895,-0.434314115,-0.254210831,3.287262624,0.67228551,1.462215614,0.362342186,-0.204615931,1.567653329,-0.763505675,-0.253345873,-0.762554373,0.194656068,2.122367134,-0.536782631,-0.708925369,3.219149621,-0.292279208,-0.266206953,-0.576923077,-0.432472449,0.005500903,-0.441941738,-0.422158527,-0.304788738,-0.281718085,-0.410256665,-0.338753743
0,0.622699849,0.824022054,0.897176799,-0.261569281,0.682848952,-0.517323025,-1.280428554,-0.637153716,1.396728187,0.448678527,-0.155197623,-0.986344409,3.763316781,1.074522554,0.057825872,-0.525833016,1.598826814,-0.254210831,-0.345154696,0.236667522,-0.566644391,-2.088128936,-0.204615931,-0.515742626,1.800365233,0.22854278,0.80876979,0.090987114,-0.344657911,-0.536782631,0.167564178,-0.255488065,-0.292279208,-0.266206953,2.038461538,-0.432472449,-0.742621893,-0.441941738,-0.422158527,-0.304788738,-0.281718085,4.441474332,-0.338753743
0,-1.605910137,0.824022054,0.1517207,-0.816812553,-0.181892599,-0.58967471,-0.503327173,0.278463519,-0.196043338,-0.440614002,0.334568252,-0.148556108,-0.204210988,0.461887324,0.020164307,0.451673954,-0.434314115,-0.254210831,-0.843112959,1.259958271,3.240456901,0.007858719,-0.204615931,1.567653329,-0.763505675,0.22854278,-0.238779652,-0.486239414,-0.344657911,-0.536782631,-0.708925369,6.693787307,-0.292279208,-0.266206953,-0.576923077,-0.432472449,0.753623699,-0.441941738,-0.422158527,2.133521167,-0.281718085,-0.410256665,-0.338753743
0,0.622699849,0.824022054,-1.327447742,0.451493467,-0.053295914,-0.004697864,-0.685777063,-0.637153716,-0.767615937,3.022618038,-1.307632422,0.80220575,7.730844549,0.369820935,2.142723503,1.451363972,-0.434314115,-0.254210831,1.012834231,1.265792561,2.437290141,0.661685393,-0.204615931,0.873188011,0.518429779,-0.494290199,-0.238779652,0.265975248,-0.344657911,-0.536782631,0.167564178,3.219149621,-0.292279208,-0.266206953,3.346153846,3.488611087,0.005500903,-0.441941738,-0.422158527,-0.304788738,-0.281718085,-0.410256665,-0.338753743
0,0.622699849,0.824022054,0.440657772,-1.574514485,0.871090892,-0.599949001,-0.780380709,1.028786331,0.992269716,-0.440614002,-0.873275982,-0.486466243,-0.204210988,-0.28975306,-0.657124366,-0.525833016,-0.434314115,-0.254210831,-0.095713896,1.161785106,1.978714747,-0.735267663,0.324276259,0.873188011,1.800365233,0.710431433,0.284995069,-0.811732847,-0.344657911,-0.536782631,0.167564178,3.219149621,-0.292279208,-0.266206953,0.730769231,1.528069319,0.753623699,-0.441941738,-0.422158527,-0.304788738,-0.281718085,-0.410256665,-0.338753743
0,-1.605910137,-1.213559752,0.241509143,-0.794948948,-0.006570641,-0.178247406,-0.091125571,1.13990485,-0.767615937,-0.440614002,1.432759654,1.114054388,-0.204210988,1.432705055,-0.657124366,-0.525833016,-0.434314115,-0.254210831,1.76611554,-1.034315424,1.91842188,0.136267916,-0.204615931,-1.210207945,-0.763505675,1.192320086,-0.762554373,2.137157109,-0.344657911,-0.536782631,-0.708925369,-0.255488065,-0.292279208,-0.266206953,-0.576923077,-0.432472449,-0.742621893,2.563262082,-0.422158527,-0.304788738,-0.281718085,-0.410256665,-0.338753743
0,0.622699849,0.824022054,-0.741219131,0.862782133,-0.284529691,-0.481577227,0.4629815,-0.637153716,-0.196043338,-0.440614002,0.783202762,-1.032525486,-0.204210988,0.639775186,-0.657124366,-0.525833016,1.598826814,-0.254210831,1.150474089,1.315095769,0.17815105,-0.212314156,-0.204615931,-0.515742626,-0.763505675,0.469487107,-0.238779652,-0.433050719,2.122367134,-0.536782631,-0.708925369,-0.255488065,-0.292279208,-0.266206953,-0.576923077,-0.432472449,0.005500903,-0.441941738,-0.422158527,-0.304788738,3.54964787,-0.410256665,-0.338753743
0,-1.605910137,-1.213559752,-0.569363182,-0.712089734,-0.575323985,3.122491632,0.834638683,-0.637153716,-0.767615937,-0.440614002,0.494359268,1.114054388,-0.204210988,-0.215563505,-0.657124366,-0.525833016,-0.434314115,-0.254210831,1.76611554,-1.034315424,1.250885828,0.256021392,-0.204615931,-1.210207945,-0.763505675,1.433264412,-1.810103816,1.506109323,-0.344657911,-0.536782631,-0.708925369,-0.255488065,-0.292279208,-0.266206953,-0.576923077,-0.432472449,-0.742621893,1.060660172,-0.422158527,-0.304788738,-0.281718085,-0.410256665,-0.338753743
0,-1.605910137,0.824022054,0.561307535,-0.158335126,0.02468754,-0.82306025,-0.530356786,0.220613322,-0.767615937,2.935767116,-0.409246599,-0.104328234,-0.204210988,0.434163382,0.012845958,-0.525833016,1.598826814,-0.254210831,0.221887545,0.720604476,0.569695095,0.136979359,-0.204615931,-1.210207945,1.800365233,-0.735234525,0.80876979,-0.004013063,-0.344657911,-0.536782631,-0.708925369,-0.255488065,-0.292279208,-0.266206953,0.730769231,1.528069319,-0.742621893,-0.441941738,-0.422158527,-0.304788738,-0.281718085,-0.410256665,-0.338753743
0,0.622699849,0.824022054,0.460867238,-0.447936077,0.297377909,-0.225956737,-0.037066345,-0.637153716,0.80747002,0.286994383,0.400881125,-0.3906072,-0.204210988,0.264845168,-0.657124366,-0.525833016,-0.434314115,-0.254210831,-0.827418801,0.631785584,1.663295923,0.1528583,-1.820003765,1.567653329,-0.763505675,1.192320086,-0.238779652,-0.765101418,-0.344657911,0.536782631,0.167564178,3.219149621,-0.292279208,2.147402753,0.730769231,-0.432472449,0.753623699,-0.441941738,-0.422158527,-0.304788738,-0.281718085,-0.410256665,2.951996903
0,-1.605910137,0.824022054,-0.10677774,0.867057497,-0.314456994,-0.287582849,0.185927965,-0.637153716,-0.196043338,-0.440614002,-0.174273198,0.469295039,-0.204210988,0.595923648,-0.657124366,-0.525833016,1.598826814,-0.254210831,-0.204153981,1.301669483,1.794914285,0.147934156,-0.204615931,-1.210207945,0.518429779,-1.217123178,0.284995069,0.341882733,-0.344657911,-0.536782631,-0.708925369,-0.255488065,2.045954459,-0.266206953,-0.576923077,3.488611087,0.005500903,-0.441941738,-0.422158527,-0.304788738,-0.281718085,2.015608833,-0.338753743
0,0.622699849,-1.213559752,0.639061782,-1.309239625,0.911361158,-0.646302582,-1.192582311,0.377917952,-0.196043338,-0.440614002,2.277681896,0.476288425,-0.204210988,1.715387806,0.020164307,0.451673954,-0.434314115,-0.254210831,-0.312951035,-0.515351263,0.611626248,0.128695342,-0.204615931,1.567653329,-0.763505675,2.156097391,0.284995069,0.092572974,-0.344657911,0.536782631,1.920543272,-0.255488065,-0.292279208,-0.266206953,-0.576923077,3.488611087,0.005500903,-0.441941738,-0.422158527,2.133521167,-0.281718085,-0.410256665,-0.338753743
0,0.622699849,-1.213559752,-1.448040651,0.676183802,-0.795128164,1.27821447,0.854910893,-0.637153716,-0.767615937,-0.440614002,1.284294615,-0.090013746,-0.204210988,0.214828348,-0.657124366,-0.525833016,-0.434314115,-0.254210831,1.137168576,-0.474851338,1.2054159,0.147934156,-0.204615931,-0.515742626,-0.763505675,-0.253345873,-1.286329094,0.619185604,-0.344657911,0.536782631,-0.708925369,-0.255488065,-0.292279208,-0.266206953,-0.576923077,-0.432472449,-0.742621893,-0.441941738,-0.422158527,-0.304788738,-0.281718085,-0.410256665,-0.338753743
0,0.622699849,0.824022054,1.82328411,-1.705674618,2.208358839,-1.606223712,-2.510275957,-0.637153716,1.563842315,1.043401113,0.936394191,1.85159929,-0.204210988,1.093931273,3.290471014,-0.525833016,-0.434314115,3.769588762,-0.087920813,1.095688499,0.840973934,-0.842806399,0.847538265,1.567653329,1.800365233,0.951375759,3.427643395,1.998795227,-0.344657911,-0.536782631,2.797032819,-0.255488065,4.384188126,4.561012458,-0.576923077,-0.432472449,0.753623699,-0.441941738,1.970073125,-0.304788738,-0.281718085,-0.410256665,-0.338753743
0,0.622699849,0.824022054,0.576988829,-1.593230306,2.233829945,-1.186156222,-2.375127891,-0.637153716,0.375529262,-0.440614002,1.974263887,1.873713227,-0.204210988,1.303491607,-0.657124366,-0.525833016,-0.434314115,-0.254210831,3.534285178,0.003612897,1.234609486,-0.458701939,0.831070982,1.567653329,-0.763505675,1.674208738,1.332544511,1.588876992,-0.344657911,-0.536782631,2.797032819,-0.255488065,4.384188126,4.561012458,3.346153846,-0.432472449,0.753623699,-0.441941738,1.970073125,-0.304788738,-0.281718085,-0.410256665,-0.338753743
0,0.622699849,-1.213559752,-0.898584058,0.070275822,-0.146203143,-0.37101028,1.152236638,-0.637153716,-0.767615937,-0.440614002,0.664389555,1.338799298,-0.204210988,-0.610331584,-0.657124366,-0.525833016,-0.434314115,-0.254210831,0.491539619,-1.034315424,0.391053629,0.969988912,-0.204615931,0.873188011,-0.763505675,-0.012401546,-0.238779652,0.705784283,-0.344657911,2.683913156,-0.708925369,-0.255488065,-0.292279208,-0.266206953,-0.576923077,-0.432472449,-0.742621893,-0.441941738,-0.422158527,-0.304788738,-0.281718085,-0.410256665,-0.338753743
0,0.622699849,0.824022054,0.980107443,-1.372689351,1.594639772,-1.257919243,-1.915624465,-0.637153716,1.424210474,-0.440614002,1.066530265,0.315542518,-0.204210988,1.125617695,0.035534353,0.473857001,-0.434314115,-0.254210831,0.140540931,0.030686537,-0.673033191,-0.837828457,-1.815877597,0.873188011,1.800365233,0.22854278,2.380093953,-0.215342351,-0.344657911,-0.536782631,1.920543272,-0.255488065,-0.292279208,-0.266206953,-0.576923077,1.528069319,0.005500903,-0.441941738,-0.422158527,2.133521167,-0.281718085,2.015608833,2.951996903
0,0.622699849,0.824022054,-0.769752476,1.02846247,-0.600545863,0.582858586,0.54407034,-0.637153716,-0.767615937,-0.440614002,0.549719469,0.188111463,-0.204210988,0.444075437,0.020164307,0.451673954,-0.434314115,-0.254210831,2.294811679,-1.034315424,0.497674416,0.386962662,-0.204615931,-0.515742626,-0.763505675,0.22854278,-0.762554373,0.543955228,-0.344657911,-0.536782631,-0.708925369,-0.255488065,-0.292279208,-0.266206953,-0.576923077,1.528069319,-0.742621893,-0.441941738,-0.422158527,-0.304788738,-0.281718085,-0.410256665,-0.338753743
0,-1.605910137,0.824022054,0.486736716,-1.465368924,0.579070395,-0.401404562,-0.651990046,-0.637153716,-0.767615937,-0.440614002,0.257522454,2.061852231,-0.204210988,1.649470274,0.020164307,0.451673954,1.598826814,-0.254210831,0.84320198,1.274595844,1.512344093,0.193017189,0.453889253,-1.210207945,0.518429779,1.433264412,-0.238779652,2.086917402,-0.344657911,-0.536782631,-0.708925369,-0.255488065,-0.292279208,-0.266206953,-0.576923077,-0.432472449,0.753623699,-0.441941738,0.773957299,-0.304788738,-0.281718085,-0.410256665,-0.338753743
0,0.622699849,-1.213559752,-0.898738077,0.103883111,-0.225951132,-0.352060165,1.179266251,-0.637153716,-0.767615937,-0.440614002,1.448210274,0.851610134,-0.204210988,-0.610331584,-0.657124366,-0.525833016,-0.434314115,-0.254210831,1.161500355,-1.034315424,0.625277054,1.396755592,-0.204615931,0.178722692,-0.763505675,-0.012401546,-0.238779652,1.100066646,-0.344657911,1.610347894,-0.708925369,-0.255488065,-0.292279208,-0.266206953,-0.576923077,-0.432472449,-0.742621893,-0.441941738,-0.422158527,-0.304788738,-0.281718085,-0.410256665,-0.338753743
0,0.622699849,-1.213559752,-0.936588134,0.06371131,-0.225951132,-0.397555584,1.179266251,-0.637153716,-0.767615937,-0.440614002,0.879914076,1.585562855,-0.204210988,-0.610331584,-0.657124366,-0.525833016,-0.434314115,-0.254210831,0.491539619,-1.034315424,0.6695708,1.028953599,-0.204615931,0.178722692,-0.763505675,-0.012401546,-0.238779652,1.164258363,-0.344657911,1.610347894,-0.708925369,-0.255488065,-0.292279208,-0.266206953,-0.576923077,-0.432472449,-0.742621893,-0.441941738,-0.422158527,-0.304788738,-0.281718085,-0.410256665,-0.338753743
0,0.622699849,0.824022054,-2.54301798,-0.985794529,0.136725514,-0.213744709,-0.49656977,-0.637153716,-0.173459411,-0.440614002,0.05883679,1.11934049,-0.204210988,1.687587323,1.354327826,-0.525833016,3.631967744,-0.254210831,0.944003491,2.600649234,1.511515183,0.147934156,-0.204615931,-0.515742626,-0.763505675,-0.494290199,0.80876979,1.500986459,-0.344657911,-0.536782631,0.167564178,-0.255488065,-0.292279208,-0.266206953,2.038461538,-0.432472449,-0.742621893,-0.441941738,-0.422158527,4.571831071,-0.281718085,-0.410256665,-0.338753743
0,0.622699849,-1.213559752,0.483866299,0.160339323,0.01481811,-0.533419419,-0.368179107,-0.637153716,-0.767615937,-0.440614002,-0.155197623,0.90330974,-0.204210988,1.445755696,-0.657124366,-0.525833016,1.598826814,-0.254210831,-0.827418801,0.236667522,0.927428376,0.019902606,-0.204615931,0.178722692,-0.763505675,-0.735234525,0.284995069,0.696180026,-0.344657911,0.536782631,0.167564178,-0.255488065,-0.292279208,-0.266206953,2.038461538,3.488611087,-0.742621893,-0.441941738,-0.422158527,-0.304788738,-0.281718085,-0.410256665,-0.338753743
0,0.622699849,0.824022054,0.330819427,-0.037330826,-0.021753613,-2.980780048,0.631916583,-0.637153716,-0.196043338,-0.440614002,-0.294952929,0.425955025,-0.204210988,-1.86588337,-0.657124366,-0.525833016,-0.434314115,-0.254210831,-0.827418801,0.112821424,1.105800936,-0.337970792,-0.204615931,1.567653329,-0.763505675,0.469487107,-0.762554373,-0.639747156,2.122367134,-0.536782631,0.167564178,3.219149621,2.045954459,-0.266206953,-0.576923077,-0.432472449,0.005500903,-0.441941738,-0.422158527,-0.304788738,-0.281718085,-0.410256665,-0.338753743
0,0.622699849,-1.213559752,-0.893665805,-0.021668989,-0.166081572,-0.275688604,1.003573765,-0.637153716,-0.767615937,-0.440614002,1.440990649,1.052520332,-0.204210988,-0.179939731,-0.657124366,-0.525833016,-0.434314115,-0.254210831,2.084413915,-1.034315424,0.589462787,1.468392539,-0.204615931,0.178722692,-0.763505675,-0.253345873,-0.238779652,1.109866908,-0.344657911,1.610347894,-0.708925369,-0.255488065,-0.292279208,-0.266206953,-0.576923077,-0.432472449,-0.742621893,-0.441941738,-0.422158527,-0.304788738,-0.281718085,-0.410256665,-0.338753743
0,0.622699849,-1.213559752,-0.941459138,-0.019738391,-0.305699121,-0.378761604,1.206295865,-0.637153716,-0.767615937,-0.440614002,1.663734796,1.098373693,-0.204210988,-0.610331584,-0.657124366,-0.525833016,-0.434314115,-0.254210831,1.161500355,-1.034315424,0.897172836,1.463486079,-0.204615931,-0.515742626,-0.763505675,-0.012401546,-0.238779652,1.558540726,-0.344657911,0.536782631,-0.708925369,-0.255488065,-0.292279208,-0.266206953,-0.576923077,-0.432472449,-0.742621893,-0.441941738,-0.422158527,-0.304788738,-0.281718085,-0.410256665,-0.338753743
0,0.622699849,-1.213559752,-0.936386866,-0.131028607,-0.24582956,-0.29787878,1.030603379,-0.637153716,-0.767615937,-0.440614002,1.656515171,1.299283891,-0.204210988,-0.179939731,-0.657124366,-0.525833016,-0.434314115,-0.254210831,2.084413915,-1.034315424,0.86135857,1.544033927,-0.204615931,-0.515742626,-0.763505675,-0.253345873,-0.238779652,1.568340988,-0.344657911,0.536782631,-0.708925369,-0.255488065,-0.292279208,-0.266206953,-0.576923077,-0.432472449,-0.742621893,-0.441941738,-0.422158527,-0.304788738,-0.281718085,-0.410256665,-0.338753743
0,-1.605910137,0.824022054,0.189626918,-1.401933536,0.447792017,-0.657200953,0.165655755,-0.637153716,-0.196043338,-0.440614002,1.501547283,1.571248368,-0.204210988,-0.012014184,0.697452982,1.429180925,-0.434314115,-0.254210831,1.501341946,0.003612897,0.845354121,1.614995596,-0.204615931,-1.210207945,0.518429779,1.915153065,-0.238779652,2.507321918,-0.344657911,-0.536782631,-0.708925369,-0.255488065,-0.292279208,-0.266206953,-0.576923077,-0.432472449,0.753623699,-0.441941738,-0.422158527,-0.304788738,-0.281718085,2.015608833,-0.338753743
0,0.622699849,0.824022054,0.843874254,-1.739179941,2.178461444,-1.485841513,-2.929234962,-0.637153716,1.563842315,-0.440614002,1.104681415,1.029908141,-0.204210988,1.738493401,2.657017909,0.451673954,-0.434314115,-0.254210831,1.673076593,2.13361682,1.677205797,0.780830496,1.541119723,1.567653329,1.800365233,1.192320086,2.903868674,1.608655702,-0.344657911,-0.536782631,2.797032819,-0.255488065,4.384188126,4.561012458,-0.576923077,-0.432472449,2.24986929,-0.441941738,3.166188951,-0.304788738,-0.281718085,-0.410256665,-0.338753743
0,-1.605910137,0.824022054,0.489017845,0.173138403,-0.206725681,-0.785344534,-0.145184798,-0.637153716,0.279175795,-0.440614002,1.273715247,-0.431748092,-0.204210988,2.145601514,-0.657124366,-0.525833016,-0.434314115,-0.254210831,0.564409009,-1.034315424,0.424097734,-0.042487931,-0.204615931,-1.210207945,-0.763505675,-0.012401546,0.284995069,0.56345775,-0.344657911,-0.536782631,-0.708925369,-0.255488065,-0.292279208,-0.266206953,-0.576923077,-0.432472449,-0.742621893,-0.441941738,-0.422158527,-0.304788738,3.54964787,-0.410256665,-0.338753743
0,0.622699849,0.824022054,0.620375353,-1.74109668,2.173556636,-1.444726864,-3.037353415,-0.637153716,1.563842315,-0.440614002,1.405594384,0.481328608,-0.204210988,1.760926408,3.998499778,0.451673954,-0.434314115,-0.254210831,2.481038581,1.614652659,1.785333738,0.752536325,0.863403181,1.567653329,3.082300686,1.192320086,2.903868674,1.779937556,-0.344657911,-0.536782631,2.797032819,-0.255488065,4.384188126,4.561012458,-0.576923077,-0.432472449,1.501746494,-0.441941738,1.970073125,-0.304788738,-0.281718085,-0.410256665,-0.338753743
0,0.622699849,0.824022054,0.656880383,-1.712744477,1.37067847,-0.734921269,-1.165552698,-0.637153716,0.969685789,-0.440614002,2.109394673,-0.589564196,-0.204210988,1.833686392,-0.657124366,-0.525833016,-0.434314115,-0.254210831,0.839273806,-0.515351263,0.778514005,0.039876677,0.489005859,1.567653329,1.800365233,2.637986044,0.284995069,0.795100308,-0.344657911,0.536782631,1.920543272,-0.255488065,-0.292279208,2.147402753,-0.576923077,-0.432472449,0.005500903,-0.441941738,-0.422158527,-0.304788738,-0.281718085,-0.410256665,-0.338753743
0,-1.605910137,0.824022054,0.213665176,-1.419042421,1.294339921,-1.561094788,-1.185824908,-0.637153716,2.058838565,1.282804124,0.091993227,0.690365972,-0.204210988,2.093942213,0.690134632,0.451673954,3.631967744,-0.254210831,1.29797013,3.06454295,0.54625793,-0.012215302,-0.204615931,-1.210207945,1.800365233,1.192320086,1.856319232,0.649031856,-0.344657911,-0.536782631,-0.708925369,-0.255488065,-0.292279208,-0.266206953,2.038461538,-0.432472449,1.501746494,-0.441941738,-0.422158527,-0.304788738,3.54964787,-0.410256665,-0.338753743
0,0.622699849,-1.213559752,-0.503622961,0.962419051,-0.485950809,0.219911019,0.172413158,-0.637153716,-0.196043338,-0.440614002,0.956216376,0.762007246,-0.204210988,0.838501632,-0.657124366,-0.525833016,-0.434314115,-0.254210831,1.495546668,-0.474851338,1.902206376,-0.205945153,-0.204615931,-0.515742626,-0.763505675,-0.735234525,-0.238779652,0.88353431,-0.344657911,-0.536782631,-0.708925369,-0.255488065,-0.292279208,-0.266206953,-0.576923077,1.528069319,-0.742621893,-0.441941738,-0.422158527,-0.304788738,-0.281718085,-0.410256665,-0.338753743
0,0.622699849,0.824022054,0.383902822,-0.662376599,0.466847993,-0.836938073,-1.260156344,-0.637153716,-0.196043338,-0.440614002,0.099968156,-0.158335351,-0.204210988,1.303491607,-0.657124366,-0.525833016,-0.434314115,-0.254210831,0.24492096,-0.515351263,1.02190159,-0.123162587,1.951551389,0.178722692,-0.763505675,0.22854278,0.80876979,-0.224706056,-0.344657911,-0.536782631,1.044053725,-0.255488065,-0.292279208,-0.266206953,3.346153846,-0.432472449,0.005500903,-0.441941738,0.773957299,-0.304788738,3.54964787,-0.410256665,-0.338753743
0,0.622699849,-1.213559752,-0.729282956,0.111565434,-0.72542905,1.302351792,0.52379813,-0.637153716,-0.196043338,-0.440614002,0.833796692,0.099190599,-0.204210988,0.214828348,-0.657124366,-0.525833016,-0.434314115,-0.254210831,0.84320198,-0.474851338,1.021078748,-0.208264196,-0.204615931,-0.515742626,-0.763505675,-0.253345873,-1.286329094,0.660302158,2.122367134,-0.536782631,-0.708925369,-0.255488065,-0.292279208,-0.266206953,-0.576923077,-0.432472449,-0.742621893,-0.441941738,-0.422158527,-0.304788738,-0.281718085,-0.410256665,-0.338753743
0,0.622699849,0.824022054,0.672995294,-1.841304077,2.105876269,-1.441555916,-1.942654079,-0.637153716,1.392990458,-0.440614002,0.361239868,1.678170928,-0.204210988,2.278893022,0.697452982,1.429180925,1.598826814,-0.254210831,1.614396286,1.274595844,1.170911345,0.071799461,-2.088045014,0.873188011,1.800365233,1.674208738,2.380093953,2.022226763,-0.344657911,-0.536782631,1.920543272,-0.255488065,-0.292279208,-0.266206953,2.038461538,-0.432472449,0.753623699,-0.441941738,-0.422158527,-0.304788738,3.54964787,2.015608833,2.951996903
0,0.622699849,0.824022054,0.641119025,-1.31946175,1.12091708,-0.904568264,-1.179067504,-0.637153716,-0.173459411,-0.440614002,1.548691405,0.539543255,-0.204210988,0.896216528,-0.657124366,-0.525833016,-0.434314115,-0.254210831,0.1652457,-0.406142737,1.546558603,-0.318789194,-0.204615931,2.956583967,0.518429779,1.433264412,0.80876979,-0.457907748,-0.344657911,0.536782631,1.920543272,3.219149621,2.045954459,-0.266206953,-0.576923077,-0.432472449,-0.742621893,-0.441941738,-0.422158527,2.133521167,-0.281718085,2.015608833,-0.338753743